Entity,Code,Year,GDP
Afghanistan,AFG,2000,6206547590
Afghanistan,AFG,2001,5621147630
Afghanistan,AFG,2002,7228795918
Afghanistan,AFG,2003,7867263256
Afghanistan,AFG,2004,7978515641
Afghanistan,AFG,2005,8874480195
Afghanistan,AFG,2006,9349921885
Afghanistan,AFG,2007,10642671963
Afghanistan,AFG,2008,11060395115
Afghanistan,AFG,2009,13426272073
Afghanistan,AFG,2010,15354612541
Afghanistan,AFG,2011,15420077665
Afghanistan,AFG,2012,17386490239
Afghanistan,AFG,2013,18360263162
Afghanistan,AFG,2014,18860496494
Afghanistan,AFG,2015,19134221644
Afghanistan,AFG,2016,19566715174
Afghanistan,AFG,2017,20084646751
Afghanistan,AFG,2018,20323499020
Afghanistan,AFG,2019,21118473702
Afghanistan,AFG,2020,20621957125
Afghanistan,AFG,2021,16345202562
Afghanistan,AFG,2022,15325233810
Afghanistan,AFG,2023,15672648238
Albania,ALB,1980,4872357833
Albania,ALB,1981,5152305744
Albania,ALB,1982,5304226467
Albania,ALB,1983,5362834894
Albania,ALB,1984,5295713833
Albania,ALB,1985,5390011641
Albania,ALB,1986,5693859705
Albania,ALB,1987,5649001049
Albania,ALB,1988,5568782994
Albania,ALB,1989,6116559061
Albania,ALB,1990,5530859374
Albania,ALB,1991,3982100297
Albania,ALB,1992,3695902333
Albania,ALB,1993,4049208851
Albania,ALB,1994,4385409261
Albania,ALB,1995,4969648100
Albania,ALB,1996,5334237832
Albania,ALB,1997,4709514660
Albania,ALB,1998,5100876515
Albania,ALB,1999,5725771032
Albania,ALB,2000,6153077235
Albania,ALB,2001,6698469429
Albania,ALB,2002,7008501111
Albania,ALB,2003,7382282996
Albania,ALB,2004,7771053341
Albania,ALB,2005,8169772250
Albania,ALB,2006,8661509309
Albania,ALB,2007,9224515436
Albania,ALB,2008,9861658465
Albania,ALB,2009,10127011190
Albania,ALB,2010,10428102872
Albania,ALB,2011,10685000942
Albania,ALB,2012,10790155229
Albania,ALB,2013,10974367815
Albania,ALB,2014,11220218560
Albania,ALB,2015,11470171826
Albania,ALB,2016,11918533446
Albania,ALB,2017,12309839868
Albania,ALB,2018,12761785703
Albania,ALB,2019,13025007474
Albania,ALB,2020,12593390460
Albania,ALB,2021,13722964212
Albania,ALB,2022,14385344334
Albania,ALB,2023,14962975920
Albania,ALB,2024,15568367220
Algeria,DZA,1960,27287513101
Algeria,DZA,1961,23574926517
Algeria,DZA,1962,18934192372
Algeria,DZA,1963,25431219789
Algeria,DZA,1964,26916253746
Algeria,DZA,1965,28586918218
Algeria,DZA,1966,27213325104
Algeria,DZA,1967,29785790538
Algeria,DZA,1968,33001535545
Algeria,DZA,1969,35784647535
Algeria,DZA,1970,38956118145
Algeria,DZA,1971,34541720238
Algeria,DZA,1972,44014431054
Algeria,DZA,1973,45692778905
Algeria,DZA,1974,49117415081
Algeria,DZA,1975,51595556464
Algeria,DZA,1976,55922750141
Algeria,DZA,1977,58863496043
Algeria,DZA,1978,64287670491
Algeria,DZA,1979,69094990985
Algeria,DZA,1980,69641260800
Algeria,DZA,1981,71730495900
Algeria,DZA,1982,76321250590
Algeria,DZA,1983,80442600430
Algeria,DZA,1984,84947383262
Algeria,DZA,1985,88090434111
Algeria,DZA,1986,88442796731
Algeria,DZA,1987,87823699342
Algeria,DZA,1988,86945457526
Algeria,DZA,1989,90771059536
Algeria,DZA,1990,91497228539
Algeria,DZA,1991,90399261260
Algeria,DZA,1992,92026450044
Algeria,DZA,1993,90093893896
Algeria,DZA,1994,89283051957
Algeria,DZA,1995,92675803280
Algeria,DZA,1996,96475509798
Algeria,DZA,1997,97536740345
Algeria,DZA,1998,102511117625
Algeria,DZA,1999,105791474981
Algeria,DZA,2000,109811551032
Algeria,DZA,2001,113105897561
Algeria,DZA,2002,119213616030
Algeria,DZA,2003,126962501072
Algeria,DZA,2004,132675813620
Algeria,DZA,2005,139840307556
Algeria,DZA,2006,143895676473
Algeria,DZA,2007,148356442446
Algeria,DZA,2008,152065353506
Algeria,DZA,2009,153890137748
Algeria,DZA,2010,161276864361
Algeria,DZA,2011,166115170291
Algeria,DZA,2012,170101934378
Algeria,DZA,2013,174524584673
Algeria,DZA,2014,181680092643
Algeria,DZA,2015,187493855609
Algeria,DZA,2016,194806115978
Algeria,DZA,2017,197728207716
Algeria,DZA,2018,200496402625
Algeria,DZA,2019,202300870247
Algeria,DZA,2020,192185826737
Algeria,DZA,2021,199488888151
Algeria,DZA,2022,206670488126
Algeria,DZA,2023,215143978140
Algeria,DZA,2024,223104305329
American Samoa,ASM,2002,744923664
American Samoa,ASM,2003,752116030
American Samoa,ASM,2004,755198473
American Samoa,ASM,2005,752116030
American Samoa,ASM,2006,721291603
American Samoa,ASM,2007,734648854
American Samoa,ASM,2008,715126717
American Samoa,ASM,2009,685329770
American Samoa,ASM,2010,687384732
American Samoa,ASM,2011,687384732
American Samoa,ASM,2012,657587786
American Samoa,ASM,2013,641148091
American Samoa,ASM,2014,652450381
American Samoa,ASM,2015,673000000
American Samoa,ASM,2016,661697709
American Samoa,ASM,2017,615461068
American Samoa,ASM,2018,631900763
American Samoa,ASM,2019,628818320
American Samoa,ASM,2020,656560305
American Samoa,ASM,2021,651422900
American Samoa,ASM,2022,662725190
Andorra,AND,1970,859122124
Andorra,AND,1971,899066709
Andorra,AND,1972,972338340
Andorra,AND,1973,1048068593
Andorra,AND,1974,1106957363
Andorra,AND,1975,1112959348
Andorra,AND,1976,1149729155
Andorra,AND,1977,1182365086
Andorra,AND,1978,1199663089
Andorra,AND,1979,1200161636
Andorra,AND,1980,1226669938
Andorra,AND,1981,1225044913
Andorra,AND,1982,1240314622
Andorra,AND,1983,1262269657
Andorra,AND,1984,1284797216
Andorra,AND,1985,1314622923
Andorra,AND,1986,1357391837
Andorra,AND,1987,1432688021
Andorra,AND,1988,1505673822
Andorra,AND,1989,1578353213
Andorra,AND,1990,1638036865
Andorra,AND,1991,1679741342
Andorra,AND,1992,1695349734
Andorra,AND,1993,1677862466
Andorra,AND,1994,1717848987
Andorra,AND,1995,1765218700
Andorra,AND,1996,1847296757
Andorra,AND,1997,2014803568
Andorra,AND,1998,2079172380
Andorra,AND,1999,2164399296
Andorra,AND,2000,2240767147
Andorra,AND,2001,2422703047
Andorra,AND,2002,2532847903
Andorra,AND,2003,2753058859
Andorra,AND,2004,2977038818
Andorra,AND,2005,3137733299
Andorra,AND,2006,3288617126
Andorra,AND,2007,3339695537
Andorra,AND,2008,3154035638
Andorra,AND,2009,2986781968
Andorra,AND,2010,2927794279
Andorra,AND,2011,2927558013
Andorra,AND,2012,2781928287
Andorra,AND,2013,2683236696
Andorra,AND,2014,2750437434
Andorra,AND,2015,2789882569
Andorra,AND,2016,2893378230
Andorra,AND,2017,2903391399
Andorra,AND,2018,2949519480
Andorra,AND,2019,3008968450
Andorra,AND,2020,2672447226
Andorra,AND,2021,2893907016
Andorra,AND,2022,3170698001
Andorra,AND,2023,3252614722
Andorra,AND,2024,3362287046
Angola,AGO,1980,25920531977
Angola,AGO,1981,24780028254
Angola,AGO,1982,24780028254
Angola,AGO,1983,25820789794
Angola,AGO,1984,27370037741
Angola,AGO,1985,28327988923
Angola,AGO,1986,29149501095
Angola,AGO,1987,30339601953
Angola,AGO,1988,32199082928
Angola,AGO,1989,32212484657
Angola,AGO,1990,31101122148
Angola,AGO,1991,31409446015
Angola,AGO,1992,29575674380
Angola,AGO,1993,22482416932
Angola,AGO,1994,22783538204
Angola,AGO,1995,26201068941
Angola,AGO,1996,29749838599
Angola,AGO,1997,31913924371
Angola,AGO,1998,33411053301
Angola,AGO,1999,34139911994
Angola,AGO,2000,35182758019
Angola,AGO,2001,36662544314
Angola,AGO,2002,41672733511
Angola,AGO,2003,43125991915
Angola,AGO,2004,48050921277
Angola,AGO,2005,54852422288
Angola,AGO,2006,61347946235
Angola,AGO,2007,69324828859
Angola,AGO,2008,76802645840
Angola,AGO,2009,78335311067
Angola,AGO,2010,82482120582
Angola,AGO,2011,85446420441
Angola,AGO,2012,92712034533
Angola,AGO,2013,97239220009
Angola,AGO,2014,101766409287
Angola,AGO,2015,102543067840
Angola,AGO,2016,100799291837
Angola,AGO,2017,100648701499
Angola,AGO,2018,100050434318
Angola,AGO,2019,99845650843
Angola,AGO,2020,95809443080
Angola,AGO,2021,97824078558
Angola,AGO,2022,101948344238
Angola,AGO,2023,103236265970
Angola,AGO,2024,107803341999
Antigua and Barbuda,ATG,1977,387163203
Antigua and Barbuda,ATG,1978,404134550
Antigua and Barbuda,ATG,1979,436786384
Antigua and Barbuda,ATG,1980,472436818
Antigua and Barbuda,ATG,1981,490457675
Antigua and Barbuda,ATG,1982,490048110
Antigua and Barbuda,ATG,1983,516333403
Antigua and Barbuda,ATG,1984,568819882
Antigua and Barbuda,ATG,1985,612299589
Antigua and Barbuda,ATG,1986,682675279
Antigua and Barbuda,ATG,1987,727910265
Antigua and Barbuda,ATG,1988,765857188
Antigua and Barbuda,ATG,1989,806082316
Antigua and Barbuda,ATG,1990,830360009
Antigua and Barbuda,ATG,1991,848435719
Antigua and Barbuda,ATG,1992,858265278
Antigua and Barbuda,ATG,1993,903580713
Antigua and Barbuda,ATG,1994,963907435
Antigua and Barbuda,ATG,1995,921883147
Antigua and Barbuda,ATG,1996,982773021
Antigua and Barbuda,ATG,1997,1036543047
Antigua and Barbuda,ATG,1998,1085584792
Antigua and Barbuda,ATG,1999,1125835518
Antigua and Barbuda,ATG,2000,1195677311
Antigua and Barbuda,ATG,2001,1141296594
Antigua and Barbuda,ATG,2002,1153020391
Antigua and Barbuda,ATG,2003,1223085251
Antigua and Barbuda,ATG,2004,1293621842
Antigua and Barbuda,ATG,2005,1377366902
Antigua and Barbuda,ATG,2006,1552404719
Antigua and Barbuda,ATG,2007,1697014056
Antigua and Barbuda,ATG,2008,1696776362
Antigua and Barbuda,ATG,2009,1493793051
Antigua and Barbuda,ATG,2010,1376672104
Antigua and Barbuda,ATG,2011,1349706641
Antigua and Barbuda,ATG,2012,1395234173
Antigua and Barbuda,ATG,2013,1386849062
Antigua and Barbuda,ATG,2014,1417336052
Antigua and Barbuda,ATG,2015,1437485185
Antigua and Barbuda,ATG,2016,1496714858
Antigua and Barbuda,ATG,2017,1537316639
Antigua and Barbuda,ATG,2018,1640501407
Antigua and Barbuda,ATG,2019,1692541753
Antigua and Barbuda,ATG,2020,1373179832
Antigua and Barbuda,ATG,2021,1485407940
Antigua and Barbuda,ATG,2022,1620696017
Antigua and Barbuda,ATG,2023,1660036192
Antigua and Barbuda,ATG,2024,1720733551
Argentina,ARG,1960,150797810295
Argentina,ARG,1961,158982878499
Argentina,ARG,1962,157628310158
Argentina,ARG,1963,149261089202
Argentina,ARG,1964,164381681831
Argentina,ARG,1965,181755894112
Argentina,ARG,1966,180556802912
Argentina,ARG,1967,186320169964
Argentina,ARG,1968,195305461613
Argentina,ARG,1969,214210104570
Argentina,ARG,1970,220734180309
Argentina,ARG,1971,233223609573
Argentina,ARG,1972,237021461356
Argentina,ARG,1973,243685921868
Argentina,ARG,1974,257171024124
Argentina,ARG,1975,257097956426
Argentina,ARG,1976,251909073021
Argentina,ARG,1977,269376820356
Argentina,ARG,1978,257238364643
Argentina,ARG,1979,283535234199
Argentina,ARG,1980,287841521828
Argentina,ARG,1981,272903153784
Argentina,ARG,1982,270895516738
Argentina,ARG,1983,282677015450
Argentina,ARG,1984,287117132733
Argentina,ARG,1985,272218554792
Argentina,ARG,1986,288969188904
Argentina,ARG,1987,296785426416
Argentina,ARG,1988,293550663101
Argentina,ARG,1989,272541389928
Argentina,ARG,1990,265817211205
Argentina,ARG,1991,290094591011
Argentina,ARG,1992,313120244489
Argentina,ARG,1993,338817957426
Argentina,ARG,1994,358592053441
Argentina,ARG,1995,348389357874
Argentina,ARG,1996,367643757074
Argentina,ARG,1997,397463514160
Argentina,ARG,1998,412766570325
Argentina,ARG,1999,398792535409
Argentina,ARG,2000,395646066535
Argentina,ARG,2001,378202665751
Argentina,ARG,2002,336999433710
Argentina,ARG,2003,366780211148
Argentina,ARG,2004,399898899166
Argentina,ARG,2005,435296589745
Argentina,ARG,2006,470325565798
Argentina,ARG,2007,512690850741
Argentina,ARG,2008,533491913656
Argentina,ARG,2009,501917060966
Argentina,ARG,2010,552738161802
Argentina,ARG,2011,585924294024
Argentina,ARG,2012,579910247223
Argentina,ARG,2013,593858966307
Argentina,ARG,2014,578937574935
Argentina,ARG,2015,594749285413
Argentina,ARG,2016,582376550428
Argentina,ARG,2017,598790850843
Argentina,ARG,2018,583118120294
Argentina,ARG,2019,571450737224
Argentina,ARG,2020,514874343768
Argentina,ARG,2021,568636554720
Argentina,ARG,2022,602872713790
Argentina,ARG,2023,591684674129
Argentina,ARG,2024,583738758865
Armenia,ARM,1990,5839777093
Armenia,ARM,1991,5156523262
Armenia,ARM,1992,3001096397
Armenia,ARM,1993,2736999950
Armenia,ARM,1994,2884798023
Armenia,ARM,1995,3083849041
Armenia,ARM,1996,3264729146
Armenia,ARM,1997,3373153403
Armenia,ARM,1998,3619393601
Armenia,ARM,1999,3738833590
Armenia,ARM,2000,3959424772
Armenia,ARM,2001,4339529550
Armenia,ARM,2002,4912347451
Armenia,ARM,2003,5600076094
Armenia,ARM,2004,6188084084
Armenia,ARM,2005,7048227772
Armenia,ARM,2006,7978593838
Armenia,ARM,2007,9071661194
Armenia,ARM,2008,9697605816
Armenia,ARM,2009,8330243396
Armenia,ARM,2010,8513508751
Armenia,ARM,2011,8913643662
Armenia,ARM,2012,9555426006
Armenia,ARM,2013,9870755064
Armenia,ARM,2014,10226102246
Armenia,ARM,2015,10553337518
Armenia,ARM,2016,10574444193
Armenia,ARM,2017,11367527508
Armenia,ARM,2018,11958638938
Armenia,ARM,2019,12867495497
Armenia,ARM,2020,11941035821
Armenia,ARM,2021,12633615899
Armenia,ARM,2022,14225451502
Armenia,ARM,2023,15406163977
Armenia,ARM,2024,16315127652
Aruba,ABW,1986,967924669
Aruba,ABW,1987,1123551773
Aruba,ABW,1988,1333078995
Aruba,ABW,1989,1494779352
Aruba,ABW,1990,1553993567
Aruba,ABW,1991,1677736082
Aruba,ABW,1992,1776426456
Aruba,ABW,1993,1906242252
Aruba,ABW,1994,2062628485
Aruba,ABW,1995,2115166597
Aruba,ABW,1996,2140247999
Aruba,ABW,1997,2291068600
Aruba,ABW,1998,2336706330
Aruba,ABW,1999,2365635733
Aruba,ABW,2000,2545966267
Aruba,ABW,2001,2652438618
Aruba,ABW,2002,2627374307
Aruba,ABW,2003,2656551420
Aruba,ABW,2004,2850313056
Aruba,ABW,2005,2839392433
Aruba,ABW,2006,2871404069
Aruba,ABW,2007,2960117372
Aruba,ABW,2008,3014457880
Aruba,ABW,2009,2662437285
Aruba,ABW,2010,2589660712
Aruba,ABW,2011,2676912524
Aruba,ABW,2012,2649051221
Aruba,ABW,2013,2819423912
Aruba,ABW,2014,2859631679
Aruba,ABW,2015,2962906703
Aruba,ABW,2016,2999478909
Aruba,ABW,2017,3104263601
Aruba,ABW,2018,3203987172
Aruba,ABW,2019,3243239612
Aruba,ABW,2020,2468170539
Aruba,ABW,2021,2831747261
Aruba,ABW,2022,3132944104
Aruba,ABW,2023,3374393790
Aruba,ABW,2024,3604216215
Australia,AUS,1960,205087842011
Australia,AUS,1961,210175778904
Australia,AUS,1962,212901615358
Australia,AUS,1963,226132122992
Australia,AUS,1964,241910654447
Australia,AUS,1965,256370876810
Australia,AUS,1966,262475153273
Australia,AUS,1967,279029197366
Australia,AUS,1968,293246097179
Australia,AUS,1969,313912916257
Australia,AUS,1970,336435225747
Australia,AUS,1971,349895953946
Australia,AUS,1972,363566313880
Australia,AUS,1973,373086464591
Australia,AUS,1974,388407674435
Australia,AUS,1975,393607290138
Australia,AUS,1976,403793146388
Australia,AUS,1977,418298913740
Australia,AUS,1978,422044209285
Australia,AUS,1979,439143545449
Australia,AUS,1980,452469510390
Australia,AUS,1981,467592942675
Australia,AUS,1982,483157475068
Australia,AUS,1983,472403242301
Australia,AUS,1984,493965987482
Australia,AUS,1985,520055779885
Australia,AUS,1986,540700762323
Australia,AUS,1987,554525226538
Australia,AUS,1988,586473477240
Australia,AUS,1989,609222887776
Australia,AUS,1990,630990273460
Australia,AUS,1991,628563287009
Australia,AUS,1992,631285380039
Australia,AUS,1993,656826136947
Australia,AUS,1994,682960226532
Australia,AUS,1995,709528553282
Australia,AUS,1996,736956619705
Australia,AUS,1997,765830271632
Australia,AUS,1998,801646726961
Australia,AUS,1999,841955290889
Australia,AUS,2000,874926744105
Australia,AUS,2001,892700520464
Australia,AUS,2002,927960453450
Australia,AUS,2003,956646310281
Australia,AUS,2004,997006658239
Australia,AUS,2005,1028467016034
Australia,AUS,2006,1056965077770
Australia,AUS,2007,1097018464974
Australia,AUS,2008,1136774249983
Australia,AUS,2009,1158996461663
Australia,AUS,2010,1184610839239
Australia,AUS,2011,1212979128949
Australia,AUS,2012,1260921781880
Australia,AUS,2013,1294392358274
Australia,AUS,2014,1328061960035
Australia,AUS,2015,1356805839935
Australia,AUS,2016,1394194533274
Australia,AUS,2017,1426167740135
Australia,AUS,2018,1467158231105
Australia,AUS,2019,1499347932643
Australia,AUS,2020,1497345824797
Australia,AUS,2021,1527396783519
Australia,AUS,2022,1592357665099
Australia,AUS,2023,1649424913623
Australia,AUS,2024,1672078242948
Austria,AUT,1960,83828673166
Austria,AUT,1961,88471087748
Austria,AUT,1962,90814399431
Austria,AUT,1963,94572542282
Austria,AUT,1964,100364499310
Austria,AUT,1965,103857359442
Austria,AUT,1966,109717886300
Austria,AUT,1967,113018252763
Austria,AUT,1968,118072782527
Austria,AUT,1969,125482873518
Austria,AUT,1970,134420862375
Austria,AUT,1971,141296447063
Austria,AUT,1972,150067933491
Austria,AUT,1973,157406909711
Austria,AUT,1974,163612107622
Austria,AUT,1975,163016991844
Austria,AUT,1976,170480635017
Austria,AUT,1977,179141019237
Austria,AUT,1978,178763652138
Austria,AUT,1979,188339484583
Austria,AUT,1980,191600555442
Austria,AUT,1981,191324085936
Austria,AUT,1982,195172100328
Austria,AUT,1983,200974738307
Austria,AUT,1984,201077788420
Austria,AUT,1985,206102076591
Austria,AUT,1986,210845294931
Austria,AUT,1987,213706819792
Austria,AUT,1988,220750339732
Austria,AUT,1989,229331070530
Austria,AUT,1990,239296977478
Austria,AUT,1991,247532688033
Austria,AUT,1992,252714845320
Austria,AUT,1993,254046171814
Austria,AUT,1994,260148661734
Austria,AUT,1995,267089386116
Austria,AUT,1996,273007464944
Austria,AUT,1997,278865754830
Austria,AUT,1998,288606201090
Austria,AUT,1999,299463348050
Austria,AUT,2000,309014800203
Austria,AUT,2001,313084486481
Austria,AUT,2002,317731814841
Austria,AUT,2003,321358930178
Austria,AUT,2004,329602607297
Austria,AUT,2005,337250591306
Austria,AUT,2006,348276446349
Austria,AUT,2007,361424664731
Austria,AUT,2008,366677269701
Austria,AUT,2009,353527252121
Austria,AUT,2010,359922497999
Austria,AUT,2011,370459113959
Austria,AUT,2012,372786509411
Austria,AUT,2013,371851835129
Austria,AUT,2014,374662287024
Austria,AUT,2015,379546097300
Austria,AUT,2016,387581921834
Austria,AUT,2017,396388751744
Austria,AUT,2018,406235924915
Austria,AUT,2019,413365268699
Austria,AUT,2020,387247796560
Austria,AUT,2021,406312360757
Austria,AUT,2022,427972725600
Austria,AUT,2023,424607814488
Austria,AUT,2024,421809268656
Azerbaijan,AZE,1990,20567069388
Azerbaijan,AZE,1991,20423099866
Azerbaijan,AZE,1992,15807479230
Azerbaijan,AZE,1993,12155951730
Azerbaijan,AZE,1994,9761229088
Azerbaijan,AZE,1995,8609404143
Azerbaijan,AZE,1996,8721326346
Azerbaijan,AZE,1997,9227163287
Azerbaijan,AZE,1998,10149879579
Azerbaijan,AZE,1999,10900970800
Azerbaijan,AZE,2000,12110978466
Azerbaijan,AZE,2001,13309965318
Azerbaijan,AZE,2002,14566281800
Azerbaijan,AZE,2003,16053251457
Azerbaijan,AZE,2004,17538787529
Azerbaijan,AZE,2005,22442902288
Azerbaijan,AZE,2006,30178120036
Azerbaijan,AZE,2007,37862439845
Azerbaijan,AZE,2008,41872616483
Azerbaijan,AZE,2009,45795872374
Azerbaijan,AZE,2010,47988959988
Azerbaijan,AZE,2011,47234094919
Azerbaijan,AZE,2012,48274633178
Azerbaijan,AZE,2013,51095520771
Azerbaijan,AZE,2014,52524961505
Azerbaijan,AZE,2015,53076235354
Azerbaijan,AZE,2016,51450192645
Azerbaijan,AZE,2017,51529227685
Azerbaijan,AZE,2018,52302373078
Azerbaijan,AZE,2019,53599371924
Azerbaijan,AZE,2020,51348755387
Azerbaijan,AZE,2021,54232727563
Azerbaijan,AZE,2022,56789627303
Azerbaijan,AZE,2023,57558830022
Azerbaijan,AZE,2024,59902281408
Bahamas,BHS,1960,2184276201
Bahamas,BHS,1961,2417275071
Bahamas,BHS,1962,2669927982
Bahamas,BHS,1963,2950912677
Bahamas,BHS,1964,3260804755
Bahamas,BHS,1965,3600763100
Bahamas,BHS,1966,3927421762
Bahamas,BHS,1967,4304380175
Bahamas,BHS,1968,4666884896
Bahamas,BHS,1969,5086048750
Bahamas,BHS,1970,4798704822
Bahamas,BHS,1971,4876756175
Bahamas,BHS,1972,4706199629
Bahamas,BHS,1973,5062344525
Bahamas,BHS,1974,4214187726
Bahamas,BHS,1975,3590356194
Bahamas,BHS,1976,3776522804
Bahamas,BHS,1977,4122260793
Bahamas,BHS,1978,4706777593
Bahamas,BHS,1979,5937096110
Bahamas,BHS,1980,6322727240
Bahamas,BHS,1981,5739366812
Bahamas,BHS,1982,6123841127
Bahamas,BHS,1983,6344118868
Bahamas,BHS,1984,7243153383
Bahamas,BHS,1985,7592938305
Bahamas,BHS,1986,7729383424
Bahamas,BHS,1987,7960068367
Bahamas,BHS,1988,8143922676
Bahamas,BHS,1989,8691791214
Bahamas,BHS,1990,8553048576
Bahamas,BHS,1991,8195378471
Bahamas,BHS,1992,7881857523
Bahamas,BHS,1993,7906118401
Bahamas,BHS,1994,8155075426
Bahamas,BHS,1995,8512165957
Bahamas,BHS,1996,8871679871
Bahamas,BHS,1997,8985925213
Bahamas,BHS,1998,9409773203
Bahamas,BHS,1999,10082017178
Bahamas,BHS,2000,10500261525
Bahamas,BHS,2001,10775999425
Bahamas,BHS,2002,11067485495
Bahamas,BHS,2003,10927491025
Bahamas,BHS,2004,11023912337
Bahamas,BHS,2005,11398293682
Bahamas,BHS,2006,11685142254
Bahamas,BHS,2007,11854121086
Bahamas,BHS,2008,11578673030
Bahamas,BHS,2009,11095213868
Bahamas,BHS,2010,11265931761
Bahamas,BHS,2011,11335011158
Bahamas,BHS,2012,11847358068
Bahamas,BHS,2013,11508144415
Bahamas,BHS,2014,11720696405
Bahamas,BHS,2015,11837600000
Bahamas,BHS,2016,11700697195
Bahamas,BHS,2017,12095174365
Bahamas,BHS,2018,12385211217
Bahamas,BHS,2019,12281350586
Bahamas,BHS,2020,9814105056
Bahamas,BHS,2021,11540027214
Bahamas,BHS,2022,12795339943
Bahamas,BHS,2023,13185372844
Bahamas,BHS,2024,13630862492
Bahrain,BHR,1970,3916965157
Bahrain,BHR,1971,3979916383
Bahrain,BHR,1972,4420574963
Bahrain,BHR,1973,5036098060
Bahrain,BHR,1974,5462767480
Bahrain,BHR,1975,4980141415
Bahrain,BHR,1976,6497904126
Bahrain,BHR,1977,7343778517
Bahrain,BHR,1978,7627414969
Bahrain,BHR,1979,7892030438
Bahrain,BHR,1980,8095666863
Bahrain,BHR,1981,7665244757
Bahrain,BHR,1982,7086042175
Bahrain,BHR,1983,7537874924
Bahrain,BHR,1984,7915043505
Bahrain,BHR,1985,7538424480
Bahrain,BHR,1986,7627603583
Bahrain,BHR,1987,8420798792
Bahrain,BHR,1988,9010254004
Bahrain,BHR,1989,9043051972
Bahrain,BHR,1990,9444382363
Bahrain,BHR,1991,10504986339
Bahrain,BHR,1992,11207769729
Bahrain,BHR,1993,12650210449
Bahrain,BHR,1994,12618584748
Bahrain,BHR,1995,13114494169
Bahrain,BHR,1996,13653500708
Bahrain,BHR,1997,14075803380
Bahrain,BHR,1998,14750034868
Bahrain,BHR,1999,15384286108
Bahrain,BHR,2000,16199663949
Bahrain,BHR,2001,16603189276
Bahrain,BHR,2002,17159155482
Bahrain,BHR,2003,18239571633
Bahrain,BHR,2004,19512869154
Bahrain,BHR,2005,20833694755
Bahrain,BHR,2006,22181009695
Bahrain,BHR,2007,24020694053
Bahrain,BHR,2008,25520789027
Bahrain,BHR,2009,26168987898
Bahrain,BHR,2010,27303230073
Bahrain,BHR,2011,27829679463
Bahrain,BHR,2012,28888050241
Bahrain,BHR,2013,30416985616
Bahrain,BHR,2014,31727610007
Bahrain,BHR,2015,32523297872
Bahrain,BHR,2016,33764059498
Bahrain,BHR,2017,35436675410
Bahrain,BHR,2018,36164044588
Bahrain,BHR,2019,36906448210
Bahrain,BHR,2020,34724774104
Bahrain,BHR,2021,36235315986
Bahrain,BHR,2022,38474716945
Bahrain,BHR,2023,39966811156
Bahrain,BHR,2024,41007465668
Bangladesh,BGD,1960,22255159273
Bangladesh,BGD,1961,23603412614
Bangladesh,BGD,1962,24890514014
Bangladesh,BGD,1963,24777039582
Bangladesh,BGD,1964,27490816335
Bangladesh,BGD,1965,27932389835
Bangladesh,BGD,1966,28649361769
Bangladesh,BGD,1967,28111938729
Bangladesh,BGD,1968,30779608227
Bangladesh,BGD,1969,31155383509
Bangladesh,BGD,1970,32906270043
Bangladesh,BGD,1971,31103176561
Bangladesh,BGD,1972,26756903051
Bangladesh,BGD,1973,27646752077
Bangladesh,BGD,1974,30298616455
Bangladesh,BGD,1975,29059944148
Bangladesh,BGD,1976,30705132551
Bangladesh,BGD,1977,31525897954
Bangladesh,BGD,1978,33755988819
Bangladesh,BGD,1979,35376828058
Bangladesh,BGD,1980,35666614469
Bangladesh,BGD,1981,38246717277
Bangladesh,BGD,1982,39063027610
Bangladesh,BGD,1983,40579081837
Bangladesh,BGD,1984,42528220939
Bangladesh,BGD,1985,43949520315
Bangladesh,BGD,1986,45783701931
Bangladesh,BGD,1987,47510847150
Bangladesh,BGD,1988,48658831252
Bangladesh,BGD,1989,50039078963
Bangladesh,BGD,1990,52852405164
Bangladesh,BGD,1991,54694431891
Bangladesh,BGD,1992,57671277832
Bangladesh,BGD,1993,60388495684
Bangladesh,BGD,1994,62737684522
Bangladesh,BGD,1995,65950655693
Bangladesh,BGD,1996,68933550573
Bangladesh,BGD,1997,72028595646
Bangladesh,BGD,1998,75757535399
Bangladesh,BGD,1999,79295530763
Bangladesh,BGD,2000,83492876905
Bangladesh,BGD,2001,87732050538
Bangladesh,BGD,2002,91094928770
Bangladesh,BGD,2003,95412434316
Bangladesh,BGD,2004,100411600213
Bangladesh,BGD,2005,106974447115
Bangladesh,BGD,2006,114111680586
Bangladesh,BGD,2007,122166366935
Bangladesh,BGD,2008,129513195397
Bangladesh,BGD,2009,136047297736
Bangladesh,BGD,2010,143627564998
Bangladesh,BGD,2011,152912195327
Bangladesh,BGD,2012,162884301114
Bangladesh,BGD,2013,172679520662
Bangladesh,BGD,2014,183145728910
Bangladesh,BGD,2015,195146608978
Bangladesh,BGD,2016,209028320490
Bangladesh,BGD,2017,222803809377
Bangladesh,BGD,2018,239111739541
Bangladesh,BGD,2019,257958323968
Bangladesh,BGD,2020,266852772253
Bangladesh,BGD,2021,285368829855
Bangladesh,BGD,2022,305629528154
Bangladesh,BGD,2023,323279976841
Bangladesh,BGD,2024,336932927922
Barbados,BRB,1960,1895701315
Barbados,BRB,1961,2041604531
Barbados,BRB,1962,2226589390
Barbados,BRB,1963,2113513805
Barbados,BRB,1964,2219292545
Barbados,BRB,1965,2473065174
Barbados,BRB,1966,2572071154
Barbados,BRB,1967,2845640144
Barbados,BRB,1968,3042610270
Barbados,BRB,1969,3271366026
Barbados,BRB,1970,3582453405
Barbados,BRB,1971,3722624864
Barbados,BRB,1972,3770043684
Barbados,BRB,1973,3820588676
Barbados,BRB,1974,3642899162
Barbados,BRB,1975,3573684078
Barbados,BRB,1976,3729504244
Barbados,BRB,1977,3865340463
Barbados,BRB,1978,4053850771
Barbados,BRB,1979,4373821543
Barbados,BRB,1980,4565091594
Barbados,BRB,1981,4478366195
Barbados,BRB,1982,4258884223
Barbados,BRB,1983,4280232013
Barbados,BRB,1984,4434336376
Barbados,BRB,1985,4483036024
Barbados,BRB,1986,4711857654
Barbados,BRB,1987,4833940332
Barbados,BRB,1988,5003388419
Barbados,BRB,1989,5183510403
Barbados,BRB,1990,5012060959
Barbados,BRB,1991,4816595248
Barbados,BRB,1992,4542409553
Barbados,BRB,1993,4578433961
Barbados,BRB,1994,4670496312
Barbados,BRB,1995,4764560023
Barbados,BRB,1996,4954021627
Barbados,BRB,1997,5188847371
Barbados,BRB,1998,5382311693
Barbados,BRB,1999,5400323925
Barbados,BRB,2000,5640486570
Barbados,BRB,2001,5507062853
Barbados,BRB,2002,5550425578
Barbados,BRB,2003,5671174021
Barbados,BRB,2004,5751228217
Barbados,BRB,2005,5978715588
Barbados,BRB,2006,6341656281
Barbados,BRB,2007,6473510975
Barbados,BRB,2008,6514518116
Barbados,BRB,2009,6187666802
Barbados,BRB,2010,6050442244
Barbados,BRB,2011,6031666500
Barbados,BRB,2012,5825750942
Barbados,BRB,2013,5722566701
Barbados,BRB,2014,5765635622
Barbados,BRB,2015,5698150000
Barbados,BRB,2016,5783423169
Barbados,BRB,2017,5824392171
Barbados,BRB,2018,5750071519
Barbados,BRB,2019,5763165130
Barbados,BRB,2020,4935303060
Barbados,BRB,2021,4930526775
Barbados,BRB,2022,5779882130
Barbados,BRB,2023,5948328550
Barbados,BRB,2024,6095981657
Belarus,BLR,1990,29435120615
Belarus,BLR,1991,29081900420
Belarus,BLR,1992,26290037664
Belarus,BLR,1993,24291994270
Belarus,BLR,1994,21449830003
Belarus,BLR,1995,19219047601
Belarus,BLR,1996,19757181812
Belarus,BLR,1997,22009501605
Belarus,BLR,1998,23858297841
Belarus,BLR,1999,24669479777
Belarus,BLR,2000,26100310412
Belarus,BLR,2001,27333629960
Belarus,BLR,2002,28712684731
Belarus,BLR,2003,30734974379
Belarus,BLR,2004,34254050021
Belarus,BLR,2005,37473931242
Belarus,BLR,2006,41221322391
Belarus,BLR,2007,44766358837
Belarus,BLR,2008,49332527208
Belarus,BLR,2009,49431189910
Belarus,BLR,2010,53262115569
Belarus,BLR,2011,56218149516
Belarus,BLR,2012,57178272607
Belarus,BLR,2013,57749323051
Belarus,BLR,2014,58702836389
Belarus,BLR,2015,56454769844
Belarus,BLR,2016,55028470318
Belarus,BLR,2017,56421892161
Belarus,BLR,2018,58198729025
Belarus,BLR,2019,59040547731
Belarus,BLR,2020,58643356627
Belarus,BLR,2021,60073587228
Belarus,BLR,2022,57275121695
Belarus,BLR,2023,59638602543
Belarus,BLR,2024,62030020167
Belgium,BEL,1960,107240692072
Belgium,BEL,1961,112579587419
Belgium,BEL,1962,118447239466
Belgium,BEL,1963,123601570921
Belgium,BEL,1964,132200142535
Belgium,BEL,1965,136907339919
Belgium,BEL,1966,141227991789
Belgium,BEL,1967,146690898041
Belgium,BEL,1968,152843304453
Belgium,BEL,1969,162976509539
Belgium,BEL,1970,173329872813
Belgium,BEL,1971,180238502024
Belgium,BEL,1972,189783220555
Belgium,BEL,1973,201894619758
Belgium,BEL,1974,211111631064
Belgium,BEL,1975,206961299090
Belgium,BEL,1976,218660295776
Belgium,BEL,1977,220029447215
Belgium,BEL,1978,226282457072
Belgium,BEL,1979,231579894681
Belgium,BEL,1980,241871430005
Belgium,BEL,1981,241195922803
Belgium,BEL,1982,242631006628
Belgium,BEL,1983,243387634461
Belgium,BEL,1984,249390504366
Belgium,BEL,1985,253509919187
Belgium,BEL,1986,258130801744
Belgium,BEL,1987,264085000894
Belgium,BEL,1988,276558286707
Belgium,BEL,1989,286152555458
Belgium,BEL,1990,295130312078
Belgium,BEL,1991,300540270315
Belgium,BEL,1992,305140504242
Belgium,BEL,1993,302205439885
Belgium,BEL,1994,311957523163
Belgium,BEL,1995,319396952810
Belgium,BEL,1996,323617566812
Belgium,BEL,1997,335894554716
Belgium,BEL,1998,342484242936
Belgium,BEL,1999,354617493817
Belgium,BEL,2000,367797580320
Belgium,BEL,2001,371841895842
Belgium,BEL,2002,378188843981
Belgium,BEL,2003,382114274683
Belgium,BEL,2004,395760365336
Belgium,BEL,2005,404948883847
Belgium,BEL,2006,415284559725
Belgium,BEL,2007,430554259966
Belgium,BEL,2008,432478429044
Belgium,BEL,2009,424233482718
Belgium,BEL,2010,435731531598
Belgium,BEL,2011,444146182962
Belgium,BEL,2012,445104666468
Belgium,BEL,2013,446464436962
Belgium,BEL,2014,454346946885
Belgium,BEL,2015,461044767544
Belgium,BEL,2016,466547349432
Belgium,BEL,2017,473426439010
Belgium,BEL,2018,482317238282
Belgium,BEL,2019,494099718080
Belgium,BEL,2020,470417598101
Belgium,BEL,2021,499839663858
Belgium,BEL,2022,519614510458
Belgium,BEL,2023,528521336864
Belgium,BEL,2024,534178915343
Belize,BLZ,1960,142139035
Belize,BLZ,1961,149092870
Belize,BLZ,1962,156387466
Belize,BLZ,1963,164138708
Belize,BLZ,1964,172345446
Belize,BLZ,1965,180843009
Belize,BLZ,1966,189470749
Belize,BLZ,1967,198779680
Belize,BLZ,1968,213424227
Belize,BLZ,1969,224322468
Belize,BLZ,1970,235107205
Belize,BLZ,1971,244416136
Belize,BLZ,1972,269391319
Belize,BLZ,1973,283808857
Belize,BLZ,1974,322293297
Belize,BLZ,1975,333872729
Belize,BLZ,1976,333759142
Belize,BLZ,1977,355442120
Belize,BLZ,1978,383596005
Belize,BLZ,1979,412430999
Belize,BLZ,1980,462371237
Belize,BLZ,1981,467611278
Belize,BLZ,1982,467112227
Belize,BLZ,1983,457081291
Belize,BLZ,1984,466114124
Belize,BLZ,1985,470805208
Belize,BLZ,1986,492214518
Belize,BLZ,1987,545014170
Belize,BLZ,1988,598362778
Belize,BLZ,1989,676214815
Belize,BLZ,1990,752917474
Belize,BLZ,1991,841601389
Belize,BLZ,1992,948789622
Belize,BLZ,1993,1007025242
Belize,BLZ,1994,1006823974
Belize,BLZ,1995,1014189476
Belize,BLZ,1996,1025399371
Belize,BLZ,1997,1068821095
Belize,BLZ,1998,1110430514
Belize,BLZ,1999,1215068544
Belize,BLZ,2000,1363800371
Belize,BLZ,2001,1431902589
Belize,BLZ,2002,1509212058
Belize,BLZ,2003,1655080826
Belize,BLZ,2004,1734204696
Belize,BLZ,2005,1772690003
Belize,BLZ,2006,1852664108
Belize,BLZ,2007,1914531924
Belize,BLZ,2008,1883373343
Belize,BLZ,2009,1874960133
Belize,BLZ,2010,1901536024
Belize,BLZ,2011,1899062675
Belize,BLZ,2012,1973959679
Belize,BLZ,2013,2054230070
Belize,BLZ,2014,2134186060
Belize,BLZ,2015,2193095150
Belize,BLZ,2016,2192684131
Belize,BLZ,2017,2152487028
Belize,BLZ,2018,2170181947
Belize,BLZ,2019,2262557632
Belize,BLZ,2020,1956594233
Belize,BLZ,2021,2308584056
Belize,BLZ,2022,2522139931
Belize,BLZ,2023,2534753858
Belize,BLZ,2024,2623588473
Benin,BEN,1960,1651120631
Benin,BEN,1961,1702986960
Benin,BEN,1962,1644635648
Benin,BEN,1963,1722427374
Benin,BEN,1964,1836981870
Benin,BEN,1965,1934229170
Benin,BEN,1966,2003394550
Benin,BEN,1967,2024999131
Benin,BEN,1968,2102806394
Benin,BEN,1969,2163314605
Benin,BEN,1970,2208695701
Benin,BEN,1971,2175635020
Benin,BEN,1972,2315449323
Benin,BEN,1973,2401263703
Benin,BEN,1974,2481449394
Benin,BEN,1975,2359973874
Benin,BEN,1976,2380844452
Benin,BEN,1977,2499497734
Benin,BEN,1978,2530868380
Benin,BEN,1979,2696279545
Benin,BEN,1980,2879134857
Benin,BEN,1981,3165730597
Benin,BEN,1982,3236486776
Benin,BEN,1983,3095770068
Benin,BEN,1984,3341259668
Benin,BEN,1985,3592867374
Benin,BEN,1986,3670873612
Benin,BEN,1987,3615810400
Benin,BEN,1988,3738937613
Benin,BEN,1989,3632222333
Benin,BEN,1990,3958255490
Benin,BEN,1991,4125523427
Benin,BEN,1992,4247544481
Benin,BEN,1993,4495438486
Benin,BEN,1994,4586264345
Benin,BEN,1995,4863513136
Benin,BEN,1996,5073825257
Benin,BEN,1997,5364793325
Benin,BEN,1998,5577293439
Benin,BEN,1999,5875201745
Benin,BEN,2000,6219354272
Benin,BEN,2001,6551040876
Benin,BEN,2002,6855207726
Benin,BEN,2003,7091272067
Benin,BEN,2004,7405393050
Benin,BEN,2005,7532259620
Benin,BEN,2006,7829312267
Benin,BEN,2007,8298002249
Benin,BEN,2008,8704320326
Benin,BEN,2009,8906198943
Benin,BEN,2010,9094481753
Benin,BEN,2011,9364019722
Benin,BEN,2012,9814543622
Benin,BEN,2013,10520350021
Benin,BEN,2014,11189200116
Benin,BEN,2015,11388160996
Benin,BEN,2016,11768488383
Benin,BEN,2017,12435945492
Benin,BEN,2018,13268812302
Benin,BEN,2019,14179807374
Benin,BEN,2020,14725558723
Benin,BEN,2021,15779238957
Benin,BEN,2022,16765906414
Benin,BEN,2023,17831007125
Benin,BEN,2024,19159972710
Bermuda,BMU,1960,1684353374
Bermuda,BMU,1961,1763181111
Bermuda,BMU,1962,1841995308
Bermuda,BMU,1963,1861704657
Bermuda,BMU,1964,2068540044
Bermuda,BMU,1965,2167002551
Bermuda,BMU,1966,2478262917
Bermuda,BMU,1967,2807253305
Bermuda,BMU,1968,2866353374
Bermuda,BMU,1969,2964853490
Bermuda,BMU,1970,3152003710
Bermuda,BMU,1971,3260353838
Bermuda,BMU,1972,3319453907
Bermuda,BMU,1973,3368703965
Bermuda,BMU,1974,3398254000
Bermuda,BMU,1975,3526304151
Bermuda,BMU,1976,3841504521
Bermuda,BMU,1977,4068054788
Bermuda,BMU,1978,4127154858
Bermuda,BMU,1979,4215804962
Bermuda,BMU,1980,4550705357
Bermuda,BMU,1981,4659055484
Bermuda,BMU,1982,4412805194
Bermuda,BMU,1983,4501455299
Bermuda,BMU,1984,4523125324
Bermuda,BMU,1985,4432505217
Bermuda,BMU,1986,4728005565
Bermuda,BMU,1987,4905305774
Bermuda,BMU,1988,5104276008
Bermuda,BMU,1989,5126931035
Bermuda,BMU,1990,5127916036
Bermuda,BMU,1991,4946675890
Bermuda,BMU,1992,4943720834
Bermuda,BMU,1993,5092455993
Bermuda,BMU,1994,5122991040
Bermuda,BMU,1995,5348359015
Bermuda,BMU,1996,5487441777
Bermuda,BMU,1997,5739864145
Bermuda,BMU,1998,5963718852
Bermuda,BMU,1999,6165450410
Bermuda,BMU,2000,6739895068
Bermuda,BMU,2001,7226679645
Bermuda,BMU,2002,7119884453
Bermuda,BMU,2003,7362722827
Bermuda,BMU,2004,7533631299
Bermuda,BMU,2005,7659759815
Bermuda,BMU,2006,8084406664
Bermuda,BMU,2007,8354841362
Bermuda,BMU,2008,8198943712
Bermuda,BMU,2009,7737613934
Bermuda,BMU,2010,7543950875
Bermuda,BMU,2011,7261600082
Bermuda,BMU,2012,6876350478
Bermuda,BMU,2013,6857116738
Bermuda,BMU,2014,6603330213
Bermuda,BMU,2015,6654541000
Bermuda,BMU,2016,6610806937
Bermuda,BMU,2017,6849550930
Bermuda,BMU,2018,6819905984
Bermuda,BMU,2019,6840850356
Bermuda,BMU,2020,6373786302
Bermuda,BMU,2021,6667453991
Bermuda,BMU,2022,7099253361
Bermuda,BMU,2023,7448338953
Bermuda,BMU,2024,7893193425
Bhutan,BTN,1970,126311212
Bhutan,BTN,1971,129692690
Bhutan,BTN,1972,131201349
Bhutan,BTN,1973,133126190
Bhutan,BTN,1974,139993192
Bhutan,BTN,1975,135363168
Bhutan,BTN,1976,147484467
Bhutan,BTN,1977,159137560
Bhutan,BTN,1978,170478518
Bhutan,BTN,1979,178646088
Bhutan,BTN,1980,187593999
Bhutan,BTN,1981,215962517
Bhutan,BTN,1982,223391139
Bhutan,BTN,1983,246693104
Bhutan,BTN,1984,257934068
Bhutan,BTN,1985,268325027
Bhutan,BTN,1986,298893144
Bhutan,BTN,1987,385734526
Bhutan,BTN,1988,404123930
Bhutan,BTN,1989,433849538
Bhutan,BTN,1990,478896647
Bhutan,BTN,1991,476943344
Bhutan,BTN,1992,498886988
Bhutan,BTN,1993,508796713
Bhutan,BTN,1994,533989801
Bhutan,BTN,1995,571764867
Bhutan,BTN,1996,603584570
Bhutan,BTN,1997,636020230
Bhutan,BTN,1998,673634664
Bhutan,BTN,1999,727417465
Bhutan,BTN,2000,751822818
Bhutan,BTN,2001,806919209
Bhutan,BTN,2002,891192074
Bhutan,BTN,2003,960585283
Bhutan,BTN,2004,1010125138
Bhutan,BTN,2005,1080178039
Bhutan,BTN,2006,1141108777
Bhutan,BTN,2007,1324881877
Bhutan,BTN,2008,1384891723
Bhutan,BTN,2009,1491078191
Bhutan,BTN,2010,1668991759
Bhutan,BTN,2011,1810676784
Bhutan,BTN,2012,1904194983
Bhutan,BTN,2013,1937258289
Bhutan,BTN,2014,2051190106
Bhutan,BTN,2015,2187815803
Bhutan,BTN,2016,2373253832
Bhutan,BTN,2017,2422779966
Bhutan,BTN,2018,2507622616
Bhutan,BTN,2019,2651940022
Bhutan,BTN,2020,2380954251
Bhutan,BTN,2021,2486224986
Bhutan,BTN,2022,2615853471
Bhutan,BTN,2023,2737023912
Bolivia,BOL,1960,4727739746
Bolivia,BOL,1961,4826516221
Bolivia,BOL,1962,5095783596
Bolivia,BOL,1963,5442175895
Bolivia,BOL,1964,5657500838
Bolivia,BOL,1965,5935478857
Bolivia,BOL,1966,6361087691
Bolivia,BOL,1967,6762931564
Bolivia,BOL,1968,7339771963
Bolivia,BOL,1969,7668160504
Bolivia,BOL,1970,8069284227
Bolivia,BOL,1971,8477859236
Bolivia,BOL,1972,9153331417
Bolivia,BOL,1973,9678655892
Bolivia,BOL,1974,9963166545
Bolivia,BOL,1975,10691575418
Bolivia,BOL,1976,11184945381
Bolivia,BOL,1977,11740973137
Bolivia,BOL,1978,11981979454
Bolivia,BOL,1979,11997956711
Bolivia,BOL,1980,11833371991
Bolivia,BOL,1981,11865986701
Bolivia,BOL,1982,11398616583
Bolivia,BOL,1983,10937870662
Bolivia,BOL,1984,10915922108
Bolivia,BOL,1985,10732928705
Bolivia,BOL,1986,10456675549
Bolivia,BOL,1987,10714274143
Bolivia,BOL,1988,11026005730
Bolivia,BOL,1989,11443905787
Bolivia,BOL,1990,11974420933
Bolivia,BOL,1991,12605057005
Bolivia,BOL,1992,12812599040
Bolivia,BOL,1993,13359606833
Bolivia,BOL,1994,13983135100
Bolivia,BOL,1995,14637304837
Bolivia,BOL,1996,15275687754
Bolivia,BOL,1997,16032477212
Bolivia,BOL,1998,16838807367
Bolivia,BOL,1999,16910689781
Bolivia,BOL,2000,17334777888
Bolivia,BOL,2001,17626660726
Bolivia,BOL,2002,18064782966
Bolivia,BOL,2003,18554580623
Bolivia,BOL,2004,19328918118
Bolivia,BOL,2005,20183533307
Bolivia,BOL,2006,21151739180
Bolivia,BOL,2007,22117185836
Bolivia,BOL,2008,23477060537
Bolivia,BOL,2009,24265185360
Bolivia,BOL,2010,25266542246
Bolivia,BOL,2011,26581436461
Bolivia,BOL,2012,27943010890
Bolivia,BOL,2013,29842021104
Bolivia,BOL,2014,31471565408
Bolivia,BOL,2015,33000198248
Bolivia,BOL,2016,34407300587
Bolivia,BOL,2017,35850757840
Bolivia,BOL,2018,36878987707
Bolivia,BOL,2019,37434651169
Bolivia,BOL,2020,32673162315
Bolivia,BOL,2021,35949969735
Bolivia,BOL,2022,37297165304
Bolivia,BOL,2023,38235698454
Bolivia,BOL,2024,37806175459
Bosnia and Herzegovina,BIH,1990,3520858801
Bosnia and Herzegovina,BIH,1991,3191728040
Bosnia and Herzegovina,BIH,1992,2986279452
Bosnia and Herzegovina,BIH,1993,2921138290
Bosnia and Herzegovina,BIH,1994,3246318396
Bosnia and Herzegovina,BIH,1995,3764700288
Bosnia and Herzegovina,BIH,1996,5805141498
Bosnia and Herzegovina,BIH,1997,7932210852
Bosnia and Herzegovina,BIH,1998,9250256713
Bosnia and Herzegovina,BIH,1999,10131026399
Bosnia and Herzegovina,BIH,2000,10679552177
Bosnia and Herzegovina,BIH,2001,10938351172
Bosnia and Herzegovina,BIH,2002,11488270722
Bosnia and Herzegovina,BIH,2003,11932537720
Bosnia and Herzegovina,BIH,2004,12687302704
Bosnia and Herzegovina,BIH,2005,13181750134
Bosnia and Herzegovina,BIH,2006,13895410481
Bosnia and Herzegovina,BIH,2007,14709558824
Bosnia and Herzegovina,BIH,2008,15510030554
Bosnia and Herzegovina,BIH,2009,15044038582
Bosnia and Herzegovina,BIH,2010,15174269895
Bosnia and Herzegovina,BIH,2011,15319868792
Bosnia and Herzegovina,BIH,2012,15193964403
Bosnia and Herzegovina,BIH,2013,15551001102
Bosnia and Herzegovina,BIH,2014,15730436007
Bosnia and Herzegovina,BIH,2015,16404348361
Bosnia and Herzegovina,BIH,2016,16936219694
Bosnia and Herzegovina,BIH,2017,17485647420
Bosnia and Herzegovina,BIH,2018,18155173558
Bosnia and Herzegovina,BIH,2019,18679105074
Bosnia and Herzegovina,BIH,2020,18115912618
Bosnia and Herzegovina,BIH,2021,19454976126
Bosnia and Herzegovina,BIH,2022,20277301651
Bosnia and Herzegovina,BIH,2023,20681710969
Bosnia and Herzegovina,BIH,2024,21296271621
Botswana,BWA,1960,203297646
Botswana,BWA,1961,216193392
Botswana,BWA,1962,230606288
Botswana,BWA,1963,244260590
Botswana,BWA,1964,260949209
Botswana,BWA,1965,276120678
Botswana,BWA,1966,293637827
Botswana,BWA,1967,311034576
Botswana,BWA,1968,343901775
Botswana,BWA,1969,395911433
Botswana,BWA,1970,463692530
Botswana,BWA,1971,583423075
Botswana,BWA,1972,737224722
Botswana,BWA,1973,894277062
Botswana,BWA,1974,972953726
Botswana,BWA,1975,1055131834
Botswana,BWA,1976,1167475696
Botswana,BWA,1977,1307713344
Botswana,BWA,1978,1495145303
Botswana,BWA,1979,1676784360
Botswana,BWA,1980,1877778848
Botswana,BWA,1981,2047996824
Botswana,BWA,1982,2297146530
Botswana,BWA,1983,2599146160
Botswana,BWA,1984,2821253171
Botswana,BWA,1985,3022275113
Botswana,BWA,1986,3269283371
Botswana,BWA,1987,3657737271
Botswana,BWA,1988,4369166056
Botswana,BWA,1989,4939753185
Botswana,BWA,1990,5274313873
Botswana,BWA,1991,5667709608
Botswana,BWA,1992,5833040675
Botswana,BWA,1993,5944807979
Botswana,BWA,1994,6160480628
Botswana,BWA,1995,6593587689
Botswana,BWA,1996,6977980665
Botswana,BWA,1997,7558959721
Botswana,BWA,1998,7592496073
Botswana,BWA,1999,8326480944
Botswana,BWA,2000,8491986059
Botswana,BWA,2001,8513264763
Botswana,BWA,2002,9029979997
Botswana,BWA,2003,9447697367
Botswana,BWA,2004,9703335214
Botswana,BWA,2005,10145481816
Botswana,BWA,2006,10994036837
Botswana,BWA,2007,11630872553
Botswana,BWA,2008,12009117014
Botswana,BWA,2009,10310519328
Botswana,BWA,2010,11353915357
Botswana,BWA,2011,12130342700
Botswana,BWA,2012,12109617148
Botswana,BWA,2013,13454136663
Botswana,BWA,2014,14220638232
Botswana,BWA,2015,13530748844
Botswana,BWA,2016,14505561464
Botswana,BWA,2017,15102375175
Botswana,BWA,2018,15734967212
Botswana,BWA,2019,16212015762
Botswana,BWA,2020,14796887965
Botswana,BWA,2021,16560125447
Botswana,BWA,2022,17468616755
Botswana,BWA,2023,18029021881
Botswana,BWA,2024,17489977781
Brazil,BRA,1960,188463840487
Brazil,BRA,1961,204671730769
Brazil,BRA,1962,218180065000
Brazil,BRA,1963,219489145390
Brazil,BRA,1964,226951776333
Brazil,BRA,1965,232398618965
Brazil,BRA,1966,247969326435
Brazil,BRA,1967,258384038146
Brazil,BRA,1968,283705673884
Brazil,BRA,1969,310657712903
Brazil,BRA,1970,342966115045
Brazil,BRA,1971,381868493938
Brazil,BRA,1972,427464921460
Brazil,BRA,1973,487176307045
Brazil,BRA,1974,526900364407
Brazil,BRA,1975,554123457259
Brazil,BRA,1976,610960618053
Brazil,BRA,1977,641107419325
Brazil,BRA,1978,672969802143
Brazil,BRA,1979,718459600522
Brazil,BRA,1980,784557883770
Brazil,BRA,1981,751214173710
Brazil,BRA,1982,757449251352
Brazil,BRA,1983,735255988287
Brazil,BRA,1984,774959811655
Brazil,BRA,1985,835794156870
Brazil,BRA,1986,898395139219
Brazil,BRA,1987,930108487634
Brazil,BRA,1988,929550422541
Brazil,BRA,1989,958924215893
Brazil,BRA,1990,917211012502
Brazil,BRA,1991,926678369050
Brazil,BRA,1992,921636571041
Brazil,BRA,1993,967024315134
Brazil,BRA,1994,1023622994691
Brazil,BRA,1995,1066858717573
Brazil,BRA,1996,1090424176256
Brazil,BRA,1997,1127442397626
Brazil,BRA,1998,1131254256718
Brazil,BRA,1999,1136547820360
Brazil,BRA,2000,1186418964121
Brazil,BRA,2001,1202908958645
Brazil,BRA,2002,1239639324869
Brazil,BRA,2003,1253781489768
Brazil,BRA,2004,1325998860202
Brazil,BRA,2005,1368459094848
Brazil,BRA,2006,1422677289673
Brazil,BRA,2007,1509031960316
Brazil,BRA,2008,1585904997750
Brazil,BRA,2009,1583909738906
Brazil,BRA,2010,1703150040806
Brazil,BRA,2011,1770840429106
Brazil,BRA,2012,1804861390164
Brazil,BRA,2013,1859094274383
Brazil,BRA,2014,1868463286696
Brazil,BRA,2015,1802211999456
Brazil,BRA,2016,1743173031878
Brazil,BRA,2017,1766232928473
Brazil,BRA,2018,1797736638146
Brazil,BRA,2019,1819683008336
Brazil,BRA,2020,1760056385298
Brazil,BRA,2021,1843880907790
Brazil,BRA,2022,1899505159031
Brazil,BRA,2023,1961080569227
Brazil,BRA,2024,2028136094548
Brunei,BRN,1974,9912272267
Brunei,BRN,1975,9848309209
Brunei,BRN,1976,11904059044
Brunei,BRN,1977,13086612418
Brunei,BRN,1978,14005179314
Brunei,BRN,1979,17413814293
Brunei,BRN,1980,15723288139
Brunei,BRN,1981,12203657762
Brunei,BRN,1982,12484528603
Brunei,BRN,1983,12534388984
Brunei,BRN,1984,12236497488
Brunei,BRN,1985,11880752639
Brunei,BRN,1986,11238334169
Brunei,BRN,1987,11472489831
Brunei,BRN,1988,11296288084
Brunei,BRN,1989,10988327048
Brunei,BRN,1990,11278756616
Brunei,BRN,1991,11607042426
Brunei,BRN,1992,11244830875
Brunei,BRN,1993,11173578043
Brunei,BRN,1994,11284502058
Brunei,BRN,1995,11436537451
Brunei,BRN,1996,11433413507
Brunei,BRN,1997,12158742971
Brunei,BRN,1998,11349316081
Brunei,BRN,1999,11832878906
Brunei,BRN,2000,12244033143
Brunei,BRN,2001,12423538115
Brunei,BRN,2002,12915688987
Brunei,BRN,2003,13378513545
Brunei,BRN,2004,13392499225
Brunei,BRN,2005,13391973527
Brunei,BRN,2006,13940831854
Brunei,BRN,2007,13416151463
Brunei,BRN,2008,12892826165
Brunei,BRN,2009,12647829762
Brunei,BRN,2010,12994552864
Brunei,BRN,2011,13481121714
Brunei,BRN,2012,13604222581
Brunei,BRN,2013,13315162382
Brunei,BRN,2014,12981233119
Brunei,BRN,2015,12930296870
Brunei,BRN,2016,12609894752
Brunei,BRN,2017,12777445780
Brunei,BRN,2018,12784137461
Brunei,BRN,2019,13278735842
Brunei,BRN,2020,13429260053
Brunei,BRN,2021,13215632407
Brunei,BRN,2022,13000438095
Brunei,BRN,2023,13147036779
Brunei,BRN,2024,13679822692
Bulgaria,BGR,1980,30370601225
Bulgaria,BGR,1981,31858809843
Bulgaria,BGR,1982,32602574656
Bulgaria,BGR,1983,33720942702
Bulgaria,BGR,1984,34866255510
Bulgaria,BGR,1985,35801870815
Bulgaria,BGR,1986,37308271049
Bulgaria,BGR,1987,39567105483
Bulgaria,BGR,1988,43897603337
Bulgaria,BGR,1989,42453423956
Bulgaria,BGR,1990,38582785204
Bulgaria,BGR,1991,35324331946
Bulgaria,BGR,1992,32755409471
Bulgaria,BGR,1993,32270559030
Bulgaria,BGR,1994,32857241445
Bulgaria,BGR,1995,33809161451
Bulgaria,BGR,1996,35569061221
Bulgaria,BGR,1997,30548352778
Bulgaria,BGR,1998,31705866815
Bulgaria,BGR,1999,29043813399
Bulgaria,BGR,2000,30376118589
Bulgaria,BGR,2001,31537611343
Bulgaria,BGR,2002,33389478145
Bulgaria,BGR,2003,35138136419
Bulgaria,BGR,2004,37425778712
Bulgaria,BGR,2005,40066672175
Bulgaria,BGR,2006,42792243384
Bulgaria,BGR,2007,45639805260
Bulgaria,BGR,2008,48437323784
Bulgaria,BGR,2009,46816058020
Bulgaria,BGR,2010,47544216166
Bulgaria,BGR,2011,48537973523
Bulgaria,BGR,2012,48901433349
Bulgaria,BGR,2013,48636020141
Bulgaria,BGR,2014,49097794392
Bulgaria,BGR,2015,50765918159
Bulgaria,BGR,2016,52302413861
Bulgaria,BGR,2017,53738599840
Bulgaria,BGR,2018,54990790971
Bulgaria,BGR,2019,57076766353
Bulgaria,BGR,2020,55288418257
Bulgaria,BGR,2021,59616490915
Bulgaria,BGR,2022,62051147380
Bulgaria,BGR,2023,63094544094
Bulgaria,BGR,2024,65231613490
Burkina Faso,BFA,1960,1166782785
Burkina Faso,BFA,1961,1213966641
Burkina Faso,BFA,1962,1288368214
Burkina Faso,BFA,1963,1272031494
Burkina Faso,BFA,1964,1301069673
Burkina Faso,BFA,1965,1350049032
Burkina Faso,BFA,1966,1357307072
Burkina Faso,BFA,1967,1477066550
Burkina Faso,BFA,1968,1522423925
Burkina Faso,BFA,1969,1553269467
Burkina Faso,BFA,1970,1555087097
Burkina Faso,BFA,1971,1577065763
Burkina Faso,BFA,1972,1613519619
Burkina Faso,BFA,1973,1620769604
Burkina Faso,BFA,1974,1755073486
Burkina Faso,BFA,1975,1807697309
Burkina Faso,BFA,1976,1961982376
Burkina Faso,BFA,1977,1969248648
Burkina Faso,BFA,1978,2059988179
Burkina Faso,BFA,1979,2135478949
Burkina Faso,BFA,1980,2152496130
Burkina Faso,BFA,1981,2244091371
Burkina Faso,BFA,1982,2458675800
Burkina Faso,BFA,1983,2467182443
Burkina Faso,BFA,1984,2423298751
Burkina Faso,BFA,1985,2629699950
Burkina Faso,BFA,1986,2838902120
Burkina Faso,BFA,1987,2832192750
Burkina Faso,BFA,1988,2996335113
Burkina Faso,BFA,1989,3060764327
Burkina Faso,BFA,1990,3042310107
Burkina Faso,BFA,1991,3318247161
Burkina Faso,BFA,1992,3325969079
Burkina Faso,BFA,1993,3441093672
Burkina Faso,BFA,1994,3486344304
Burkina Faso,BFA,1995,3685636779
Burkina Faso,BFA,1996,4091600230
Burkina Faso,BFA,1997,4350059854
Burkina Faso,BFA,1998,4667950033
Burkina Faso,BFA,1999,5013156038
Burkina Faso,BFA,2000,5107828181
Burkina Faso,BFA,2001,5445629583
Burkina Faso,BFA,2002,5682675869
Burkina Faso,BFA,2003,6126066307
Burkina Faso,BFA,2004,6400419254
Burkina Faso,BFA,2005,6954815456
Burkina Faso,BFA,2006,7389711520
Burkina Faso,BFA,2007,7693530569
Burkina Faso,BFA,2008,8139754707
Burkina Faso,BFA,2009,8380850241
Burkina Faso,BFA,2010,9088720451
Burkina Faso,BFA,2011,9690626654
Burkina Faso,BFA,2012,10315931043
Burkina Faso,BFA,2013,10913490102
Burkina Faso,BFA,2014,11385699970
Burkina Faso,BFA,2015,11832159315
Burkina Faso,BFA,2016,12537116611
Burkina Faso,BFA,2017,13314855313
Burkina Faso,BFA,2018,14194244128
Burkina Faso,BFA,2019,15030172259
Burkina Faso,BFA,2020,15332394848
Burkina Faso,BFA,2021,16396850182
Burkina Faso,BFA,2022,16663583086
Burkina Faso,BFA,2023,17163536264
Burkina Faso,BFA,2024,17987353311
Burundi,BDI,1960,697959754
Burundi,BDI,1961,602017263
Burundi,BDI,1962,656579039
Burundi,BDI,1963,683731257
Burundi,BDI,1964,726621978
Burundi,BDI,1965,755448711
Burundi,BDI,1966,790297507
Burundi,BDI,1967,899528624
Burundi,BDI,1968,896849075
Burundi,BDI,1969,883759193
Burundi,BDI,1970,1072226769
Burundi,BDI,1971,1101679002
Burundi,BDI,1972,1031127865
Burundi,BDI,1973,1102162787
Burundi,BDI,1974,1094151832
Burundi,BDI,1975,1101788139
Burundi,BDI,1976,1189299435
Burundi,BDI,1977,1325705576
Burundi,BDI,1978,1313236307
Burundi,BDI,1979,1335101100
Burundi,BDI,1980,1348332696
Burundi,BDI,1981,1512334118
Burundi,BDI,1982,1496400168
Burundi,BDI,1983,1551996327
Burundi,BDI,1984,1554410365
Burundi,BDI,1985,1737569339
Burundi,BDI,1986,1794043478
Burundi,BDI,1987,1892771415
Burundi,BDI,1988,1987997206
Burundi,BDI,1989,2014825273
Burundi,BDI,1990,2085340574
Burundi,BDI,1991,2189541631
Burundi,BDI,1992,2211655966
Burundi,BDI,1993,2073648634
Burundi,BDI,1994,1994227891
Burundi,BDI,1995,1836285042
Burundi,BDI,1996,1689382239
Burundi,BDI,1997,1662521061
Burundi,BDI,1998,1741490812
Burundi,BDI,1999,1723901754
Burundi,BDI,2000,1709130260
Burundi,BDI,2001,1744266681
Burundi,BDI,2002,1821825838
Burundi,BDI,2003,1799531646
Burundi,BDI,2004,1886514847
Burundi,BDI,2005,1903493481
Burundi,BDI,2006,2006544947
Burundi,BDI,2007,2075660260
Burundi,BDI,2008,2177549065
Burundi,BDI,2009,2260014499
Burundi,BDI,2010,2375133693
Burundi,BDI,2011,2470719237
Burundi,BDI,2012,2579999920
Burundi,BDI,2013,2707037177
Burundi,BDI,2014,2821948416
Burundi,BDI,2015,2810532912
Burundi,BDI,2016,2900474875
Burundi,BDI,2017,3011616941
Burundi,BDI,2018,3172504889
Burundi,BDI,2019,3313977733
Burundi,BDI,2020,3324133212
Burundi,BDI,2021,3431737891
Burundi,BDI,2022,3511275322
Burundi,BDI,2023,3625559222
Burundi,BDI,2024,3774652142
Cambodia,KHM,1975,5104596991
Cambodia,KHM,1976,5104596991
Cambodia,KHM,1977,4355425545
Cambodia,KHM,1978,4355425545
Cambodia,KHM,1979,3796687001
Cambodia,KHM,1980,3581475361
Cambodia,KHM,1981,3582947065
Cambodia,KHM,1982,3582947065
Cambodia,KHM,1983,3741793666
Cambodia,KHM,1984,3926341896
Cambodia,KHM,1985,4109709289
Cambodia,KHM,1986,4265911859
Cambodia,KHM,1987,5184427493
Cambodia,KHM,1988,5805361650
Cambodia,KHM,1989,6007352427
Cambodia,KHM,1990,6077176596
Cambodia,KHM,1991,6538513178
Cambodia,KHM,1992,6997355850
Cambodia,KHM,1993,7284133439
Cambodia,KHM,1994,4748625742
Cambodia,KHM,1995,5218904416
Cambodia,KHM,1996,5526689596
Cambodia,KHM,1997,5748123107
Cambodia,KHM,1998,6017229084
Cambodia,KHM,1999,6781740973
Cambodia,KHM,2000,7459479704
Cambodia,KHM,2001,8010713670
Cambodia,KHM,2002,8512590714
Cambodia,KHM,2003,9387998414
Cambodia,KHM,2004,10275886653
Cambodia,KHM,2005,11642922159
Cambodia,KHM,2006,12917049054
Cambodia,KHM,2007,14260222987
Cambodia,KHM,2008,15326369460
Cambodia,KHM,2009,15950885068
Cambodia,KHM,2010,16760698493
Cambodia,KHM,2011,17981993293
Cambodia,KHM,2012,19357661918
Cambodia,KHM,2013,20878690156
Cambodia,KHM,2014,22549052336
Cambodia,KHM,2015,24174170369
Cambodia,KHM,2016,26085259688
Cambodia,KHM,2017,28191654621
Cambodia,KHM,2018,30665817313
Cambodia,KHM,2019,33099747942
Cambodia,KHM,2020,31922812945
Cambodia,KHM,2021,32909177695
Cambodia,KHM,2022,34597385966
Cambodia,KHM,2023,36329791405
Cambodia,KHM,2024,38500536184
Cameroon,CMR,1960,4827329401
Cameroon,CMR,1961,4884469573
Cameroon,CMR,1962,5033033599
Cameroon,CMR,1963,5221397415
Cameroon,CMR,1964,5406608719
Cameroon,CMR,1965,5516149516
Cameroon,CMR,1966,5770717368
Cameroon,CMR,1967,5141012904
Cameroon,CMR,1968,5467278232
Cameroon,CMR,1969,5735255755
Cameroon,CMR,1970,5912593777
Cameroon,CMR,1971,6118334765
Cameroon,CMR,1972,6281929448
Cameroon,CMR,1973,6618369536
Cameroon,CMR,1974,7328802680
Cameroon,CMR,1975,8152930849
Cameroon,CMR,1976,7704916015
Cameroon,CMR,1977,8763561576
Cameroon,CMR,1978,10691808462
Cameroon,CMR,1979,11337071801
Cameroon,CMR,1980,11114265274
Cameroon,CMR,1981,13012879895
Cameroon,CMR,1982,13990954313
Cameroon,CMR,1983,14951689440
Cameroon,CMR,1984,16069264314
Cameroon,CMR,1985,17364955075
Cameroon,CMR,1986,18540851327
Cameroon,CMR,1987,18142844102
Cameroon,CMR,1988,16723414750
Cameroon,CMR,1989,16419195682
Cameroon,CMR,1990,15416689237
Cameroon,CMR,1991,14829529308
Cameroon,CMR,1992,14369813423
Cameroon,CMR,1993,13229990256
Cameroon,CMR,1994,13478291933
Cameroon,CMR,1995,13868353888
Cameroon,CMR,1996,14452915010
Cameroon,CMR,1997,15107243821
Cameroon,CMR,1998,15821141892
Cameroon,CMR,1999,16534881734
Cameroon,CMR,2000,17168567484
Cameroon,CMR,2001,17910981185
Cameroon,CMR,2002,18712860619
Cameroon,CMR,2003,19733301668
Cameroon,CMR,2004,21124275032
Cameroon,CMR,2005,21594980960
Cameroon,CMR,2006,22417659743
Cameroon,CMR,2007,23387803922
Cameroon,CMR,2008,24053813243
Cameroon,CMR,2009,24674221649
Cameroon,CMR,2010,25389533434
Cameroon,CMR,2011,26247499413
Cameroon,CMR,2012,27461703151
Cameroon,CMR,2013,28833560540
Cameroon,CMR,2014,30482787768
Cameroon,CMR,2015,32210233020
Cameroon,CMR,2016,33671222913
Cameroon,CMR,2017,34863580363
Cameroon,CMR,2018,36242614248
Cameroon,CMR,2019,37502066832
Cameroon,CMR,2020,37599547048
Cameroon,CMR,2021,38854942334
Cameroon,CMR,2022,40306867605
Cameroon,CMR,2023,41656165354
Cameroon,CMR,2024,43124429828
Canada,CAN,1960,276385630513
Canada,CAN,1961,285128514178
Canada,CAN,1962,306307396491
Canada,CAN,1963,322533846696
Canada,CAN,1964,344001699477
Canada,CAN,1965,365732975014
Canada,CAN,1966,390455390791
Canada,CAN,1967,402424491586
Canada,CAN,1968,422579012939
Canada,CAN,1969,443991228283
Canada,CAN,1970,456950058304
Canada,CAN,1971,475314173273
Canada,CAN,1972,501549947377
Canada,CAN,1973,535297444515
Canada,CAN,1974,553271533661
Canada,CAN,1975,561821810346
Canada,CAN,1976,594909046618
Canada,CAN,1977,615938049878
Canada,CAN,1978,638949349984
Canada,CAN,1979,662751487920
Canada,CAN,1980,677180908099
Canada,CAN,1981,700307077507
Canada,CAN,1982,678134303427
Canada,CAN,1983,695509823946
Canada,CAN,1984,736534953603
Canada,CAN,1985,771429628794
Canada,CAN,1986,787795360513
Canada,CAN,1987,819874511601
Canada,CAN,1988,856037856338
Canada,CAN,1989,876046283888
Canada,CAN,1990,877824201198
Canada,CAN,1991,859468413488
Canada,CAN,1992,867121689041
Canada,CAN,1993,890167242138
Canada,CAN,1994,930171796810
Canada,CAN,1995,955122057479
Canada,CAN,1996,971253698681
Canada,CAN,1997,1012824977387
Canada,CAN,1998,1052253104641
Canada,CAN,1999,1106349473970
Canada,CAN,2000,1163199675162
Canada,CAN,2001,1185010810251
Canada,CAN,2002,1220552310378
Canada,CAN,2003,1242600185731
Canada,CAN,2004,1281025904587
Canada,CAN,2005,1322152656986
Canada,CAN,2006,1357030300367
Canada,CAN,2007,1384848127424
Canada,CAN,2008,1398632992945
Canada,CAN,2009,1357861635362
Canada,CAN,2010,1399830508940
Canada,CAN,2011,1443745913580
Canada,CAN,2012,1469093201732
Canada,CAN,2013,1503261570451
Canada,CAN,2014,1546457292263
Canada,CAN,2015,1556508816217
Canada,CAN,2016,1572673952924
Canada,CAN,2017,1620386284360
Canada,CAN,2018,1664832887873
Canada,CAN,2019,1696605090551
Canada,CAN,2020,1611126165625
Canada,CAN,2021,1706996679677
Canada,CAN,2022,1778503389905
Canada,CAN,2023,1805692180594
Canada,CAN,2024,1833766996134
Cape Verde,CPV,1980,188081994
Cape Verde,CPV,1981,203977861
Cape Verde,CPV,1982,209740297
Cape Verde,CPV,1983,229709146
Cape Verde,CPV,1984,238399665
Cape Verde,CPV,1985,259002370
Cape Verde,CPV,1986,266439508
Cape Verde,CPV,1987,277920556
Cape Verde,CPV,1988,294587049
Cape Verde,CPV,1989,311372470
Cape Verde,CPV,1990,313527702
Cape Verde,CPV,1991,317930092
Cape Verde,CPV,1992,352704163
Cape Verde,CPV,1993,383418741
Cape Verde,CPV,1994,456968584
Cape Verde,CPV,1995,521911297
Cape Verde,CPV,1996,581130092
Cape Verde,CPV,1997,645742611
Cape Verde,CPV,1998,726572059
Cape Verde,CPV,1999,808112687
Cape Verde,CPV,2000,923550525
Cape Verde,CPV,2001,944160982
Cape Verde,CPV,2002,993737848
Cape Verde,CPV,2003,1035238917
Cape Verde,CPV,2004,1140802982
Cape Verde,CPV,2005,1219660508
Cape Verde,CPV,2006,1317035160
Cape Verde,CPV,2007,1516838454
Cape Verde,CPV,2008,1623608884
Cape Verde,CPV,2009,1599196517
Cape Verde,CPV,2010,1628564468
Cape Verde,CPV,2011,1692481034
Cape Verde,CPV,2012,1710821579
Cape Verde,CPV,2013,1721636311
Cape Verde,CPV,2014,1733630380
Cape Verde,CPV,2015,1749857620
Cape Verde,CPV,2016,1824764034
Cape Verde,CPV,2017,1907814790
Cape Verde,CPV,2018,1978536809
Cape Verde,CPV,2019,2116002110
Cape Verde,CPV,2020,1675762033
Cape Verde,CPV,2021,1793627260
Cape Verde,CPV,2022,2077803747
Cape Verde,CPV,2023,2177429478
Cape Verde,CPV,2024,2335159974
Cayman Islands,CYM,2006,4633485696
Cayman Islands,CYM,2007,4780025489
Cayman Islands,CYM,2008,4762941612
Cayman Islands,CYM,2009,4419986821
Cayman Islands,CYM,2010,4299956032
Cayman Islands,CYM,2011,4350225213
Cayman Islands,CYM,2012,4403722268
Cayman Islands,CYM,2013,4460060434
Cayman Islands,CYM,2014,4578454046
Cayman Islands,CYM,2015,4708167255
Cayman Islands,CYM,2016,4860710632
Cayman Islands,CYM,2017,5015477958
Cayman Islands,CYM,2018,5229501727
Cayman Islands,CYM,2019,5434269999
Cayman Islands,CYM,2020,5165012391
Cayman Islands,CYM,2021,5416518359
Cayman Islands,CYM,2022,5729358427
Cayman Islands,CYM,2023,6062554528
Central African Republic,CAF,1960,980371513
Central African Republic,CAF,1961,1028934744
Central African Republic,CAF,1962,990722163
Central African Republic,CAF,1963,983717651
Central African Republic,CAF,1964,1004182171
Central African Republic,CAF,1965,1013697588
Central African Republic,CAF,1966,1020233745
Central African Republic,CAF,1967,1067946130
Central African Republic,CAF,1968,1082941302
Central African Republic,CAF,1969,1159738545
Central African Republic,CAF,1970,1186793864
Central African Republic,CAF,1971,1200207036
Central African Republic,CAF,1972,1200196629
Central African Republic,CAF,1973,1222867622
Central African Republic,CAF,1974,1300385612
Central African Republic,CAF,1975,1305652006
Central African Republic,CAF,1976,1376581799
Central African Republic,CAF,1977,1428977736
Central African Republic,CAF,1978,1446257441
Central African Republic,CAF,1979,1410605202
Central African Republic,CAF,1980,1347429290
Central African Republic,CAF,1981,1326618707
Central African Republic,CAF,1982,1428977736
Central African Republic,CAF,1983,1312851666
Central African Republic,CAF,1984,1437332673
Central African Republic,CAF,1985,1493779882
Central African Republic,CAF,1986,1547227016
Central African Republic,CAF,1987,1470809662
Central African Republic,CAF,1988,1495962938
Central African Republic,CAF,1989,1525542171
Central African Republic,CAF,1990,1492780724
Central African Republic,CAF,1991,1484532469
Central African Republic,CAF,1992,1389164942
Central African Republic,CAF,1993,1393822474
Central African Republic,CAF,1994,1462119071
Central African Republic,CAF,1995,1567392310
Central African Republic,CAF,1996,1504695160
Central African Republic,CAF,1997,1584443041
Central African Republic,CAF,1998,1658914120
Central African Republic,CAF,1999,1718634612
Central African Republic,CAF,2000,1675850364
Central African Republic,CAF,2001,1750672710
Central African Republic,CAF,2002,1813986527
Central African Republic,CAF,2003,1716076872
Central African Republic,CAF,2004,1818953694
Central African Republic,CAF,2005,1835473623
Central African Republic,CAF,2006,1923045637
Central African Republic,CAF,2007,2011650635
Central African Republic,CAF,2008,2052972574
Central African Republic,CAF,2009,2229266675
Central African Republic,CAF,2010,2332499967
Central African Republic,CAF,2011,2430339369
Central African Republic,CAF,2012,2553162918
Central African Republic,CAF,2013,1624016454
Central African Republic,CAF,2014,1625333052
Central African Republic,CAF,2015,1695825714
Central African Republic,CAF,2016,1776382808
Central African Republic,CAF,2017,1856804600
Central African Republic,CAF,2018,1927167163
Central African Republic,CAF,2019,1986909345
Central African Republic,CAF,2020,2004791529
Central African Republic,CAF,2021,2024497026
Central African Republic,CAF,2022,2033686256
Central African Republic,CAF,2023,2047921417
Central African Republic,CAF,2024,2078640238
Chad,TCD,1960,2446244184
Chad,TCD,1961,2480436407
Chad,TCD,1962,2613390679
Chad,TCD,1963,2571590697
Chad,TCD,1964,2507019607
Chad,TCD,1965,2522217857
Chad,TCD,1966,2476639050
Chad,TCD,1967,2495639859
Chad,TCD,1968,2484229323
Chad,TCD,1969,2655176849
Chad,TCD,1970,2704554017
Chad,TCD,1971,2643765748
Chad,TCD,1972,2674158904
Chad,TCD,1973,2450040775
Chad,TCD,1974,2571608187
Chad,TCD,1975,2803316958
Chad,TCD,1976,2886877257
Chad,TCD,1977,2951388133
Chad,TCD,1978,2937527406
Chad,TCD,1979,2307689579
Chad,TCD,1980,2168128111
Chad,TCD,1981,2190739911
Chad,TCD,1982,2307870209
Chad,TCD,1983,2669714666
Chad,TCD,1984,2724414420
Chad,TCD,1985,3318139885
Chad,TCD,1986,3182704447
Chad,TCD,1987,3106675733
Chad,TCD,1988,3587662425
Chad,TCD,1989,3762910231
Chad,TCD,1990,3605678066
Chad,TCD,1991,3913427635
Chad,TCD,1992,4226558330
Chad,TCD,1993,3562572904
Chad,TCD,1994,3923706916
Chad,TCD,1995,3972225487
Chad,TCD,1996,4060189350
Chad,TCD,1997,4289727783
Chad,TCD,1998,4587931638
Chad,TCD,1999,4556602936
Chad,TCD,2000,4516519365
Chad,TCD,2001,5043061274
Chad,TCD,2002,5471278189
Chad,TCD,2003,6276741545
Chad,TCD,2004,8387570299
Chad,TCD,2005,9841348751
Chad,TCD,2006,9787927000
Chad,TCD,2007,10199036983
Chad,TCD,2008,10513288725
Chad,TCD,2009,10365231906
Chad,TCD,2010,11782555814
Chad,TCD,2011,12312232324
Chad,TCD,2012,13427942676
Chad,TCD,2013,13809056592
Chad,TCD,2014,14093914057
Chad,TCD,2015,14559599499
Chad,TCD,2016,13959379525
Chad,TCD,2017,13733590857
Chad,TCD,2018,14522052213
Chad,TCD,2019,15303748438
Chad,TCD,2020,15243505756
Chad,TCD,2021,15288236703
Chad,TCD,2022,15919594857
Chad,TCD,2023,16553201687
Chad,TCD,2024,17248313422
Channel Islands,OWID_CIS,2009,10650550531
Channel Islands,OWID_CIS,2010,10266424333
Channel Islands,OWID_CIS,2011,10381926033
Channel Islands,OWID_CIS,2012,9784585181
Channel Islands,OWID_CIS,2013,9832914292
Channel Islands,OWID_CIS,2014,10071569130
Channel Islands,OWID_CIS,2015,10109273770
Channel Islands,OWID_CIS,2016,10231901695
Channel Islands,OWID_CIS,2017,10416739087
Channel Islands,OWID_CIS,2018,10533640271
Channel Islands,OWID_CIS,2019,10699371928
Channel Islands,OWID_CIS,2020,9747472425
Channel Islands,OWID_CIS,2021,10716059398
Channel Islands,OWID_CIS,2022,11288507155
Channel Islands,OWID_CIS,2023,11707875863
Chile,CHL,1960,26275664125
Chile,CHL,1961,27725978494
Chile,CHL,1962,28815827040
Chile,CHL,1963,30454488579
Chile,CHL,1964,31204014436
Chile,CHL,1965,31413343021
Chile,CHL,1966,35014387052
Chile,CHL,1967,36270742031
Chile,CHL,1968,37566955711
Chile,CHL,1969,39108395437
Chile,CHL,1970,39771076474
Chile,CHL,1971,43577595609
Chile,CHL,1972,43267163670
Chile,CHL,1973,41087469485
Chile,CHL,1974,41600890292
Chile,CHL,1975,36494895964
Chile,CHL,1976,37810425597
Chile,CHL,1977,42025983481
Chile,CHL,1978,45399335593
Chile,CHL,1979,49229142623
Chile,CHL,1980,53252287646
Chile,CHL,1981,56830116589
Chile,CHL,1982,50293481314
Chile,CHL,1983,47811382482
Chile,CHL,1984,49716049397
Chile,CHL,1985,51482161643
Chile,CHL,1986,54265063038
Chile,CHL,1987,57921900186
Chile,CHL,1988,62179629420
Chile,CHL,1989,68620417335
Chile,CHL,1990,71089876109
Chile,CHL,1991,76603750426
Chile,CHL,1992,85414661278
Chile,CHL,1993,91125130548
Chile,CHL,1994,95751374590
Chile,CHL,1995,104613573720
Chile,CHL,1996,112056685779
Chile,CHL,1997,120339623825
Chile,CHL,1998,125370887065
Chile,CHL,1999,125027832953
Chile,CHL,2000,131243743563
Chile,CHL,2001,135383217071
Chile,CHL,2002,139719269577
Chile,CHL,2003,146318553366
Chile,CHL,2004,156084225513
Chile,CHL,2005,165194933117
Chile,CHL,2006,175189211415
Chile,CHL,2007,184243394522
Chile,CHL,2008,191225100461
Chile,CHL,2009,189087132632
Chile,CHL,2010,200151851762
Chile,CHL,2011,212609096429
Chile,CHL,2012,225695909224
Chile,CHL,2013,233163076995
Chile,CHL,2014,237342873662
Chile,CHL,2015,242450355830
Chile,CHL,2016,246700604515
Chile,CHL,2017,250050047209
Chile,CHL,2018,260027117802
Chile,CHL,2019,261676645417
Chile,CHL,2020,245600606668
Chile,CHL,2021,273390120031
Chile,CHL,2022,279278925615
Chile,CHL,2023,280734996501
Chile,CHL,2024,288158504434
China,CHN,1960,161023131028
China,CHN,1961,117112123190
China,CHN,1962,110577266727
China,CHN,1963,121966725197
China,CHN,1964,144140275830
China,CHN,1965,168572052589
China,CHN,1966,186524976187
China,CHN,1967,175762485053
China,CHN,1968,168556223190
China,CHN,1969,197109647391
China,CHN,1970,235151809332
China,CHN,1971,251753527067
China,CHN,1972,261345336449
China,CHN,1973,281625734559
China,CHN,1974,288131289036
China,CHN,1975,313256337433
China,CHN,1976,308338212930
China,CHN,1977,331679415653
China,CHN,1978,369245353260
China,CHN,1979,397275966892
China,CHN,1980,428399142252
China,CHN,1981,450302166910
China,CHN,1982,491096319836
China,CHN,1983,543778042482
China,CHN,1984,626609364483
China,CHN,1985,710797305027
China,CHN,1986,774307505788
China,CHN,1987,864345705902
China,CHN,1988,961347723725
China,CHN,1989,1001785223303
China,CHN,1990,1041271896195
China,CHN,1991,1138752669458
China,CHN,1992,1301589870245
China,CHN,1993,1482889338698
China,CHN,1994,1676743149158
China,CHN,1995,1861735071148
China,CHN,1996,2047465483836
China,CHN,1997,2237626840759
China,CHN,1998,2414864610327
China,CHN,1999,2601702759078
China,CHN,2000,2825096197799
China,CHN,2001,3059936242478
China,CHN,2002,3342778183071
China,CHN,2003,3681006926650
China,CHN,2004,4053944733453
China,CHN,2005,4518455387849
China,CHN,2006,5091154930758
China,CHN,2007,5811552614974
China,CHN,2008,6373544042638
China,CHN,2009,6972829250985
China,CHN,2010,7711689202853
China,CHN,2011,8441318020902
China,CHN,2012,9104482675356
China,CHN,2013,9812695262900
China,CHN,2014,10544908798423
China,CHN,2015,11280814787468
China,CHN,2016,12045152668727
China,CHN,2017,12875216222853
China,CHN,2018,13745158275136
China,CHN,2019,14579283528148
China,CHN,2020,14920466234565
China,CHN,2021,16199162892908
China,CHN,2022,16706875253648
China,CHN,2023,17611526369126
China,CHN,2024,18488114837769
Colombia,COL,1960,30607351920
Colombia,COL,1961,32165026473
Colombia,COL,1962,33905762200
Colombia,COL,1963,35020145447
Colombia,COL,1964,37179817268
Colombia,COL,1965,38518294925
Colombia,COL,1966,40535396289
Colombia,COL,1967,42211479864
Colombia,COL,1968,44715936774
Colombia,COL,1969,47444734555
Colombia,COL,1970,50390007345
Colombia,COL,1971,53393618595
Colombia,COL,1972,57488453984
Colombia,COL,1973,61353376858
Colombia,COL,1974,64878592920
Colombia,COL,1975,66385888256
Colombia,COL,1976,69524857841
Colombia,COL,1977,72416052846
Colombia,COL,1978,78549620712
Colombia,COL,1979,82774898275
Colombia,COL,1980,86158201122
Colombia,COL,1981,88119913721
Colombia,COL,1982,88955661300
Colombia,COL,1983,90355784303
Colombia,COL,1984,93383320875
Colombia,COL,1985,96284839824
Colombia,COL,1986,101892542204
Colombia,COL,1987,107363083659
Colombia,COL,1988,111726505380
Colombia,COL,1989,115540955654
Colombia,COL,1990,120488417446
Colombia,COL,1991,122900122761
Colombia,COL,1992,127871346008
Colombia,COL,1993,134757742185
Colombia,COL,1994,142593449287
Colombia,COL,1995,150011784497
Colombia,COL,1996,153095808839
Colombia,COL,1997,158347444690
Colombia,COL,1998,159249683235
Colombia,COL,1999,152554802278
Colombia,COL,2000,157016818928
Colombia,COL,2001,159651401476
Colombia,COL,2002,163649041384
Colombia,COL,2003,170061255792
Colombia,COL,2004,179130660092
Colombia,COL,2005,187780451739
Colombia,COL,2006,200393418124
Colombia,COL,2007,213896316785
Colombia,COL,2008,220919487240
Colombia,COL,2009,223437193184
Colombia,COL,2010,233479933032
Colombia,COL,2011,249701866578
Colombia,COL,2012,259471791121
Colombia,COL,2013,272793056063
Colombia,COL,2014,285066097496
Colombia,COL,2015,293492370193
Colombia,COL,2016,299618678572
Colombia,COL,2017,303691577641
Colombia,COL,2018,311479214511
Colombia,COL,2019,321405606655
Colombia,COL,2020,298309675728
Colombia,COL,2021,330530695024
Colombia,COL,2022,354752900899
Colombia,COL,2023,357280089727
Colombia,COL,2024,362990610076
Comoros,COM,1980,395630756
Comoros,COM,1981,417240047
Comoros,COM,1982,434171254
Comoros,COM,1983,447600446
Comoros,COM,1984,466249919
Comoros,COM,1985,479207636
Comoros,COM,1986,489132194
Comoros,COM,1987,499295109
Comoros,COM,1988,524113052
Comoros,COM,1989,519306622
Comoros,COM,1990,557417553
Comoros,COM,1991,523041755
Comoros,COM,1992,561527247
Comoros,COM,1993,575831288
Comoros,COM,1994,552875673
Comoros,COM,1995,584042819
Comoros,COM,1996,581062046
Comoros,COM,1997,606689356
Comoros,COM,1998,606841276
Comoros,COM,1999,623211951
Comoros,COM,2000,616936089
Comoros,COM,2001,650371555
Comoros,COM,2002,680273575
Comoros,COM,2003,693432979
Comoros,COM,2004,714932259
Comoros,COM,2005,755434618
Comoros,COM,2006,742180920
Comoros,COM,2007,748145084
Comoros,COM,2008,777806128
Comoros,COM,2009,803011729
Comoros,COM,2010,833348554
Comoros,COM,2011,867878891
Comoros,COM,2012,895376387
Comoros,COM,2013,935365362
Comoros,COM,2014,955070416
Comoros,COM,2015,966029600
Comoros,COM,2016,998105646
Comoros,COM,2017,1036190384
Comoros,COM,2018,1073934613
Comoros,COM,2019,1092843397
Comoros,COM,2020,1090706042
Comoros,COM,2021,1112522258
Comoros,COM,2022,1141481327
Comoros,COM,2023,1175671154
Comoros,COM,2024,1214916246
Congo,COG,1960,1260529281
Congo,COG,1961,1365792636
Congo,COG,1962,1436845387
Congo,COG,1963,1378950570
Congo,COG,1964,1431582304
Congo,COG,1965,1484213965
Congo,COG,1966,1504384173
Congo,COG,1967,1536221035
Congo,COG,1968,1653455074
Congo,COG,1969,1778266546
Congo,COG,1970,1891337095
Congo,COG,1971,2037973138
Congo,COG,1972,2213596509
Congo,COG,1973,2395801820
Congo,COG,1974,2584723272
Congo,COG,1975,2784563654
Congo,COG,1976,2810078242
Congo,COG,1977,2558479910
Congo,COG,1978,2721192760
Congo,COG,1979,2988229521
Congo,COG,1980,3515251773
Congo,COG,1981,4134629379
Congo,COG,1982,5110306815
Congo,COG,1983,5409462277
Congo,COG,1984,5786833455
Congo,COG,1985,5718221236
Congo,COG,1986,5325863974
Congo,COG,1987,5335949916
Congo,COG,1988,5430196848
Congo,COG,1989,5571375261
Congo,COG,1990,5627089212
Congo,COG,1991,5761878676
Congo,COG,1992,5912375954
Congo,COG,1993,5854453399
Congo,COG,1994,5532863840
Congo,COG,1995,5753366411
Congo,COG,1996,6000213536
Congo,COG,1997,5962723473
Congo,COG,1998,6185583409
Congo,COG,1999,6025859314
Congo,COG,2000,6482377234
Congo,COG,2001,6728876234
Congo,COG,2002,7037184600
Congo,COG,2003,7094415494
Congo,COG,2004,7341062186
Congo,COG,2005,7910417276
Congo,COG,2006,8542162055
Congo,COG,2007,7977183901
Congo,COG,2008,8480255108
Congo,COG,2009,9467126891
Congo,COG,2010,10407332392
Congo,COG,2011,10636909752
Congo,COG,2012,11694979455
Congo,COG,2013,11611660392
Congo,COG,2014,12383378937
Congo,COG,2015,12434793867
Congo,COG,2016,11354801748
Congo,COG,2017,10719526284
Congo,COG,2018,10472514332
Congo,COG,2019,10590275024
Congo,COG,2020,9926500702
Congo,COG,2021,10027261669
Congo,COG,2022,10175199489
Congo,COG,2023,10369226732
Congo,COG,2024,10636718505
Costa Rica,CRI,1960,4791476272
Costa Rica,CRI,1961,4881521363
Costa Rica,CRI,1962,5147192860
Costa Rica,CRI,1963,5502293755
Costa Rica,CRI,1964,5703625342
Costa Rica,CRI,1965,6170782350
Costa Rica,CRI,1966,6600843858
Costa Rica,CRI,1967,6973799848
Costa Rica,CRI,1968,7564711134
Costa Rica,CRI,1969,7980149936
Costa Rica,CRI,1970,8578911306
Costa Rica,CRI,1971,9160433275
Costa Rica,CRI,1972,9909577642
Costa Rica,CRI,1973,10673498640
Costa Rica,CRI,1974,11265333465
Costa Rica,CRI,1975,11501913472
Costa Rica,CRI,1976,12136538956
Costa Rica,CRI,1977,13217233964
Costa Rica,CRI,1978,14045648795
Costa Rica,CRI,1979,14739380800
Costa Rica,CRI,1980,14850205526
Costa Rica,CRI,1981,14514345035
Costa Rica,CRI,1982,13456892435
Costa Rica,CRI,1983,13842162284
Costa Rica,CRI,1984,14952872322
Costa Rica,CRI,1985,15060772507
Costa Rica,CRI,1986,15894574652
Costa Rica,CRI,1987,16651876951
Costa Rica,CRI,1988,17223393910
Costa Rica,CRI,1989,18199267197
Costa Rica,CRI,1990,18845898693
Costa Rica,CRI,1991,19272881732
Costa Rica,CRI,1992,21046199572
Costa Rica,CRI,1993,22539888605
Costa Rica,CRI,1994,23558472567
Costa Rica,CRI,1995,24537080455
Costa Rica,CRI,1996,24868443787
Costa Rica,CRI,1997,26230280995
Costa Rica,CRI,1998,28107138541
Costa Rica,CRI,1999,29291801356
Costa Rica,CRI,2000,30425018574
Costa Rica,CRI,2001,31487207663
Costa Rica,CRI,2002,32563086627
Costa Rica,CRI,2003,33968893647
Costa Rica,CRI,2004,35471881178
Costa Rica,CRI,2005,36882479548
Costa Rica,CRI,2006,39584746492
Costa Rica,CRI,2007,42836685662
Costa Rica,CRI,2008,44866362740
Costa Rica,CRI,2009,44474474828
Costa Rica,CRI,2010,46858459461
Costa Rica,CRI,2011,48921712048
Costa Rica,CRI,2012,51310359848
Costa Rica,CRI,2013,52590433317
Costa Rica,CRI,2014,54453244250
Costa Rica,CRI,2015,56441920820
Costa Rica,CRI,2016,58814921621
Costa Rica,CRI,2017,61260269007
Costa Rica,CRI,2018,62862779082
Costa Rica,CRI,2019,64382494195
Costa Rica,CRI,2020,61631202097
Costa Rica,CRI,2021,66522107766
Costa Rica,CRI,2022,69549856033
Costa Rica,CRI,2023,73105190307
Costa Rica,CRI,2024,76264229553
Cote d'Ivoire,CIV,1960,5492745889
Cote d'Ivoire,CIV,1961,6038315904
Cote d'Ivoire,CIV,1962,6112405708
Cote d'Ivoire,CIV,1963,6998115047
Cote d'Ivoire,CIV,1964,8230699197
Cote d'Ivoire,CIV,1965,7974752907
Cote d'Ivoire,CIV,1966,8898018736
Cote d'Ivoire,CIV,1967,9307163143
Cote d'Ivoire,CIV,1968,10475049116
Cote d'Ivoire,CIV,1969,11474286967
Cote d'Ivoire,CIV,1970,12664747894
Cote d'Ivoire,CIV,1971,13862407213
Cote d'Ivoire,CIV,1972,14449705424
Cote d'Ivoire,CIV,1973,15307901973
Cote d'Ivoire,CIV,1974,15970333193
Cote d'Ivoire,CIV,1975,17288346643
Cote d'Ivoire,CIV,1976,19521378206
Cote d'Ivoire,CIV,1977,20949261442
Cote d'Ivoire,CIV,1978,23234711409
Cote d'Ivoire,CIV,1979,23791045073
Cote d'Ivoire,CIV,1980,21184094378
Cote d'Ivoire,CIV,1981,21925643370
Cote d'Ivoire,CIV,1982,21969674962
Cote d'Ivoire,CIV,1983,21112804814
Cote d'Ivoire,CIV,1984,20542492760
Cote d'Ivoire,CIV,1985,21467156206
Cote d'Ivoire,CIV,1986,22166845697
Cote d'Ivoire,CIV,1987,22089489409
Cote d'Ivoire,CIV,1988,22340532915
Cote d'Ivoire,CIV,1989,22999132929
Cote d'Ivoire,CIV,1990,22747083497
Cote d'Ivoire,CIV,1991,22756392780
Cote d'Ivoire,CIV,1992,22700739607
Cote d'Ivoire,CIV,1993,22657044066
Cote d'Ivoire,CIV,1994,22840839521
Cote d'Ivoire,CIV,1995,24468419439
Cote d'Ivoire,CIV,1996,26359663691
Cote d'Ivoire,CIV,1997,28903065478
Cote d'Ivoire,CIV,1998,30135465005
Cote d'Ivoire,CIV,1999,30487103687
Cote d'Ivoire,CIV,2000,30406072178
Cote d'Ivoire,CIV,2001,29751121585
Cote d'Ivoire,CIV,2002,28938759334
Cote d'Ivoire,CIV,2003,27571152176
Cote d'Ivoire,CIV,2004,28449303912
Cote d'Ivoire,CIV,2005,28732677632
Cote d'Ivoire,CIV,2006,29541668752
Cote d'Ivoire,CIV,2007,29867049486
Cote d'Ivoire,CIV,2008,31295490700
Cote d'Ivoire,CIV,2009,32423167866
Cote d'Ivoire,CIV,2010,34643522418
Cote d'Ivoire,CIV,2011,32783010325
Cote d'Ivoire,CIV,2012,35281210700
Cote d'Ivoire,CIV,2013,39077544167
Cote d'Ivoire,CIV,2014,42739891584
Cote d'Ivoire,CIV,2015,45815005169
Cote d'Ivoire,CIV,2016,49101205368
Cote d'Ivoire,CIV,2017,52739979047
Cote d'Ivoire,CIV,2018,55294253263
Cote d'Ivoire,CIV,2019,59010785540
Cote d'Ivoire,CIV,2020,59423700880
Cote d'Ivoire,CIV,2021,63620992438
Cote d'Ivoire,CIV,2022,67692661917
Cote d'Ivoire,CIV,2023,72160377909
Cote d'Ivoire,CIV,2024,76504096839
Croatia,HRV,1990,46601548105
Croatia,HRV,1991,36773901103
Croatia,HRV,1992,32466467235
Croatia,HRV,1993,29860844322
Croatia,HRV,1994,31613817618
Croatia,HRV,1995,33747976036
Croatia,HRV,1996,35809633429
Croatia,HRV,1997,38018368234
Croatia,HRV,1998,38874419434
Croatia,HRV,1999,38544494402
Croatia,HRV,2000,39679727338
Croatia,HRV,2001,40914256867
Croatia,HRV,2002,43288645498
Croatia,HRV,2003,45699118672
Croatia,HRV,2004,47604993515
Croatia,HRV,2005,49664897966
Croatia,HRV,2006,52182450238
Croatia,HRV,2007,54817286358
Croatia,HRV,2008,55898760192
Croatia,HRV,2009,52090762145
Croatia,HRV,2010,51394805225
Croatia,HRV,2011,51337804931
Croatia,HRV,2012,50189155633
Croatia,HRV,2013,50122079966
Croatia,HRV,2014,49842552678
Croatia,HRV,2015,50998893384
Croatia,HRV,2016,52766750207
Croatia,HRV,2017,54499590874
Croatia,HRV,2018,56086115348
Croatia,HRV,2019,57825641269
Croatia,HRV,2020,53019830857
Croatia,HRV,2021,59717412023
Croatia,HRV,2022,64073470836
Croatia,HRV,2023,66483687609
Croatia,HRV,2024,69027943227
Cuba,CUB,1970,23120654813
Cuba,CUB,1971,25105299224
Cuba,CUB,1972,26317053148
Cuba,CUB,1973,27220909321
Cuba,CUB,1974,27488896946
Cuba,CUB,1975,30093861942
Cuba,CUB,1976,31727344869
Cuba,CUB,1977,34490638878
Cuba,CUB,1978,36765640923
Cuba,CUB,1979,37165718488
Cuba,CUB,1980,35363388173
Cuba,CUB,1981,42325850268
Cuba,CUB,1982,46100569046
Cuba,CUB,1983,48595287844
Cuba,CUB,1984,52448756410
Cuba,CUB,1985,53286192380
Cuba,CUB,1986,53336975926
Cuba,CUB,1987,52055729737
Cuba,CUB,1988,53984675578
Cuba,CUB,1989,54351816305
Cuba,CUB,1990,52749217702
Cuba,CUB,1991,47108903626
Cuba,CUB,1992,41653408481
Cuba,CUB,1993,35456139102
Cuba,CUB,1994,35710334910
Cuba,CUB,1995,36587809678
Cuba,CUB,1996,39455836484
Cuba,CUB,1997,40554060118
Cuba,CUB,1998,40618600303
Cuba,CUB,1999,43132386084
Cuba,CUB,2000,45683563278
Cuba,CUB,2001,47138598430
Cuba,CUB,2002,47810239203
Cuba,CUB,2003,49623557376
Cuba,CUB,2004,52487103646
Cuba,CUB,2005,58366528662
Cuba,CUB,2006,65408954114
Cuba,CUB,2007,70159041951
Cuba,CUB,2008,73047369063
Cuba,CUB,2009,74107509498
Cuba,CUB,2010,75878940053
Cuba,CUB,2011,78005296225
Cuba,CUB,2012,80357078126
Cuba,CUB,2013,82564971264
Cuba,CUB,2014,83429902609
Cuba,CUB,2015,87132800000
Cuba,CUB,2016,87579654548
Cuba,CUB,2017,89164663941
Cuba,CUB,2018,91169039692
Cuba,CUB,2019,91020354637
Cuba,CUB,2020,81054139247
Cuba,CUB,2021,82070953176
Cuba,CUB,2022,83527427215
Cuba,CUB,2023,81915873064
Cuba,CUB,2024,81046145427
Curacao,CUW,2000,2881155232
Curacao,CUW,2001,2861109488
Curacao,CUW,2002,2872469959
Curacao,CUW,2003,2880748035
Curacao,CUW,2004,2886753273
Curacao,CUW,2005,2906280004
Curacao,CUW,2006,2953824846
Curacao,CUW,2007,3026783234
Curacao,CUW,2008,3093010555
Curacao,CUW,2009,3076577135
Curacao,CUW,2010,3079109361
Curacao,CUW,2011,3094765326
Curacao,CUW,2012,3083966131
Curacao,CUW,2013,3064361462
Curacao,CUW,2014,3044829273
Curacao,CUW,2015,3058779211
Curacao,CUW,2016,3026120390
Curacao,CUW,2017,2987500760
Curacao,CUW,2018,2924640415
Curacao,CUW,2019,2830872591
Curacao,CUW,2020,2308902987
Curacao,CUW,2021,2405500837
Curacao,CUW,2022,2571624725
Curacao,CUW,2023,2679684396
Curacao,CUW,2024,2814389451
Cyprus,CYP,1975,3097709456
Cyprus,CYP,1976,3725500305
Cyprus,CYP,1977,4335066701
Cyprus,CYP,1978,4672222324
Cyprus,CYP,1979,5135032548
Cyprus,CYP,1980,5430463535
Cyprus,CYP,1981,5567148219
Cyprus,CYP,1982,5902385684
Cyprus,CYP,1983,6231867577
Cyprus,CYP,1984,6777647957
Cyprus,CYP,1985,7108569382
Cyprus,CYP,1986,7371867258
Cyprus,CYP,1987,7892708170
Cyprus,CYP,1988,8575173111
Cyprus,CYP,1989,9256678608
Cyprus,CYP,1990,9942043047
Cyprus,CYP,1991,10015564598
Cyprus,CYP,1992,10957027501
Cyprus,CYP,1993,11033726777
Cyprus,CYP,1994,11684716578
Cyprus,CYP,1995,12661847363
Cyprus,CYP,1996,12819935779
Cyprus,CYP,1997,13158501394
Cyprus,CYP,1998,13962602012
Cyprus,CYP,1999,14660446535
Cyprus,CYP,2000,15534986805
Cyprus,CYP,2001,16149016881
Cyprus,CYP,2002,16750240728
Cyprus,CYP,2003,17189649730
Cyprus,CYP,2004,18053648327
Cyprus,CYP,2005,18929789645
Cyprus,CYP,2006,19822098963
Cyprus,CYP,2007,20832674395
Cyprus,CYP,2008,21592439785
Cyprus,CYP,2009,21157334409
Cyprus,CYP,2010,21640286747
Cyprus,CYP,2011,21730464390
Cyprus,CYP,2012,20981332378
Cyprus,CYP,2013,19599191826
Cyprus,CYP,2014,19251098679
Cyprus,CYP,2015,19909278416
Cyprus,CYP,2016,21218032913
Cyprus,CYP,2017,22438246417
Cyprus,CYP,2018,23845497750
Cyprus,CYP,2019,25246562822
Cyprus,CYP,2020,24433464399
Cyprus,CYP,2021,27218282939
Cyprus,CYP,2022,29470249084
Cyprus,CYP,2023,30536911914
Cyprus,CYP,2024,31740302544
Czechia,CZE,1990,122972963913
Czechia,CZE,1991,108689725030
Czechia,CZE,1992,108139165550
Czechia,CZE,1993,108206108282
Czechia,CZE,1994,111354158852
Czechia,CZE,1995,118281953160
Czechia,CZE,1996,123212636052
Czechia,CZE,1997,122478487836
Czechia,CZE,1998,121996963423
Czechia,CZE,1999,123678521512
Czechia,CZE,2000,128638858401
Czechia,CZE,2001,132391536300
Czechia,CZE,2002,134395228572
Czechia,CZE,2003,138831395778
Czechia,CZE,2004,145406922288
Czechia,CZE,2005,154676655549
Czechia,CZE,2006,164921158024
Czechia,CZE,2007,173973393346
Czechia,CZE,2008,178518044754
Czechia,CZE,2009,169952170270
Czechia,CZE,2010,174565802522
Czechia,CZE,2011,177659773382
Czechia,CZE,2012,176290606021
Czechia,CZE,2013,176216894659
Czechia,CZE,2014,180173337874
Czechia,CZE,2015,189107698561
Czechia,CZE,2016,193988322685
Czechia,CZE,2017,204024435232
Czechia,CZE,2018,209798950825
Czechia,CZE,2019,217279912681
Czechia,CZE,2020,205753475017
Czechia,CZE,2021,214043320221
Czechia,CZE,2022,220137498830
Czechia,CZE,2023,220242240981
Czechia,CZE,2024,222958017484
Democratic Republic of Congo,COD,1960,19887704764
Democratic Republic of Congo,COD,1961,17729615125
Democratic Republic of Congo,COD,1962,21488417199
Democratic Republic of Congo,COD,1963,22608821152
Democratic Republic of Congo,COD,1964,22057115370
Democratic Republic of Congo,COD,1965,22277101744
Democratic Republic of Congo,COD,1966,23786483499
Democratic Republic of Congo,COD,1967,23552010935
Democratic Republic of Congo,COD,1968,24572448551
Democratic Republic of Congo,COD,1969,26864772331
Democratic Republic of Congo,COD,1970,26798938440
Democratic Republic of Congo,COD,1971,28408219535
Democratic Republic of Congo,COD,1972,28451154443
Democratic Republic of Congo,COD,1973,30766303374
Democratic Republic of Congo,COD,1974,31729468923
Democratic Republic of Congo,COD,1975,30148823861
Democratic Republic of Congo,COD,1976,28548222175
Democratic Republic of Congo,COD,1977,28765415222
Democratic Republic of Congo,COD,1978,27227819920
Democratic Republic of Congo,COD,1979,27344923577
Democratic Republic of Congo,COD,1980,27945120839
Democratic Republic of Congo,COD,1981,28601977632
Democratic Republic of Congo,COD,1982,28471072784
Democratic Republic of Congo,COD,1983,28872999969
Democratic Republic of Congo,COD,1984,30472874270
Democratic Republic of Congo,COD,1985,30615441902
Democratic Republic of Congo,COD,1986,32059636483
Democratic Republic of Congo,COD,1987,32917437726
Democratic Republic of Congo,COD,1988,33072275210
Democratic Republic of Congo,COD,1989,32653563459
Democratic Republic of Congo,COD,1990,30508775958
Democratic Republic of Congo,COD,1991,27939616223
Democratic Republic of Congo,COD,1992,25005954127
Democratic Republic of Congo,COD,1993,21637889528
Democratic Republic of Congo,COD,1994,20794012528
Democratic Republic of Congo,COD,1995,20939570372
Democratic Republic of Congo,COD,1996,20725322417
Democratic Republic of Congo,COD,1997,19561171399
Democratic Republic of Congo,COD,1998,19243467842
Democratic Republic of Congo,COD,1999,18421744665
Democratic Republic of Congo,COD,2000,17148631280
Democratic Republic of Congo,COD,2001,16788480352
Democratic Republic of Congo,COD,2002,17283365331
Democratic Republic of Congo,COD,2003,18247400738
Democratic Republic of Congo,COD,2004,19476978833
Democratic Republic of Congo,COD,2005,20671920925
Democratic Republic of Congo,COD,2006,21728037858
Democratic Republic of Congo,COD,2007,23581424221
Democratic Republic of Congo,COD,2008,25326856010
Democratic Republic of Congo,COD,2009,25470074710
Democratic Republic of Congo,COD,2010,27467694662
Democratic Republic of Congo,COD,2011,29553403849
Democratic Republic of Congo,COD,2012,32115268325
Democratic Republic of Congo,COD,2013,35206198726
Democratic Republic of Congo,COD,2014,37777053057
Democratic Republic of Congo,COD,2015,40179574490
Democratic Republic of Congo,COD,2016,40337814832
Democratic Republic of Congo,COD,2017,42048626459
Democratic Republic of Congo,COD,2018,44601688163
Democratic Republic of Congo,COD,2019,44849398935
Democratic Republic of Congo,COD,2020,45197173728
Democratic Republic of Congo,COD,2021,48103175756
Democratic Republic of Congo,COD,2022,52582143957
Democratic Republic of Congo,COD,2023,57069235865
Democratic Republic of Congo,COD,2024,60565728422
Denmark,DNK,1960,80238063131
Denmark,DNK,1961,85356314760
Denmark,DNK,1962,90193305330
Denmark,DNK,1963,90767855837
Denmark,DNK,1964,99181979992
Denmark,DNK,1965,103699971910
Denmark,DNK,1966,106542294923
Denmark,DNK,1967,112813620772
Denmark,DNK,1968,119416599036
Denmark,DNK,1969,127535877471
Denmark,DNK,1970,129902945560
Denmark,DNK,1971,134031029529
Denmark,DNK,1972,139120989452
Denmark,DNK,1973,145686794687
Denmark,DNK,1974,144281984443
Denmark,DNK,1975,142247753418
Denmark,DNK,1976,150773233048
Denmark,DNK,1977,153766730433
Denmark,DNK,1978,157483262378
Denmark,DNK,1979,163866531123
Denmark,DNK,1980,162635188845
Denmark,DNK,1981,161430084232
Denmark,DNK,1982,167713124648
Denmark,DNK,1983,172165579296
Denmark,DNK,1984,179636437842
Denmark,DNK,1985,187096889700
Denmark,DNK,1986,195952945326
Denmark,DNK,1987,196860120910
Denmark,DNK,1988,197397452813
Denmark,DNK,1989,198773654972
Denmark,DNK,1990,202073829844
Denmark,DNK,1991,205020430124
Denmark,DNK,1992,209167606432
Denmark,DNK,1993,209002572327
Denmark,DNK,1994,220068623481
Denmark,DNK,1995,226754355587
Denmark,DNK,1996,233320596409
Denmark,DNK,1997,240713316196
Denmark,DNK,1998,246313036680
Denmark,DNK,1999,253621896626
Denmark,DNK,2000,263066798869
Denmark,DNK,2001,265566018286
Denmark,DNK,2002,266778406880
Denmark,DNK,2003,267955142440
Denmark,DNK,2004,275394519880
Denmark,DNK,2005,281892753289
Denmark,DNK,2006,292651155542
Denmark,DNK,2007,295540131122
Denmark,DNK,2008,294307201413
Denmark,DNK,2009,279666951317
Denmark,DNK,2010,284093791186
Denmark,DNK,2011,287817703286
Denmark,DNK,2012,287802068160
Denmark,DNK,2013,291810211099
Denmark,DNK,2014,295539545106
Denmark,DNK,2015,301758922337
Denmark,DNK,2016,311032111297
Denmark,DNK,2017,320538736986
Denmark,DNK,2018,326500781502
Denmark,DNK,2019,332088518944
Denmark,DNK,2020,326176991232
Denmark,DNK,2021,347379325644
Denmark,DNK,2022,348921108389
Denmark,DNK,2023,351030642723
Denmark,DNK,2024,363238912546
Djibouti,DJI,2013,2107658964
Djibouti,DJI,2014,2259262606
Djibouti,DJI,2015,2424391785
Djibouti,DJI,2016,2597091693
Djibouti,DJI,2017,2738843335
Djibouti,DJI,2018,2869605010
Djibouti,DJI,2019,3028726927
Djibouti,DJI,2020,3065135713
Djibouti,DJI,2021,3200221046
Djibouti,DJI,2022,3365561651
Djibouti,DJI,2023,3594666717
Djibouti,DJI,2024,3845591877
Dominica,DMA,1977,233294626
Dominica,DMA,1978,257873955
Dominica,DMA,1979,210530140
Dominica,DMA,1980,238705772
Dominica,DMA,1981,264556010
Dominica,DMA,1982,275476045
Dominica,DMA,1983,282518088
Dominica,DMA,1984,294374375
Dominica,DMA,1985,298557238
Dominica,DMA,1986,319675256
Dominica,DMA,1987,339838968
Dominica,DMA,1988,366402899
Dominica,DMA,1989,365702570
Dominica,DMA,1990,385516275
Dominica,DMA,1991,390712144
Dominica,DMA,1992,398641309
Dominica,DMA,1993,407257627
Dominica,DMA,1994,407398040
Dominica,DMA,1995,419745728
Dominica,DMA,1996,432775457
Dominica,DMA,1997,442234316
Dominica,DMA,1998,458925258
Dominica,DMA,1999,460550210
Dominica,DMA,2000,471328095
Dominica,DMA,2001,471027183
Dominica,DMA,2002,456484593
Dominica,DMA,2003,482983317
Dominica,DMA,2004,502775184
Dominica,DMA,2005,507377017
Dominica,DMA,2006,529705537
Dominica,DMA,2007,558086829
Dominica,DMA,2008,597829935
Dominica,DMA,2009,591040072
Dominica,DMA,2010,590415870
Dominica,DMA,2011,590668207
Dominica,DMA,2012,589738544
Dominica,DMA,2013,589765106
Dominica,DMA,2014,603537403
Dominica,DMA,2015,583177777
Dominica,DMA,2016,591617792
Dominica,DMA,2017,546983994
Dominica,DMA,2018,563196657
Dominica,DMA,2019,585432211
Dominica,DMA,2020,493481872
Dominica,DMA,2021,520030399
Dominica,DMA,2022,574096959
Dominica,DMA,2023,595064186
Dominica,DMA,2024,607279298
Dominican Republic,DOM,1960,4496273447
Dominican Republic,DOM,1961,4392263457
Dominican Republic,DOM,1962,5141023191
Dominican Republic,DOM,1963,5475338924
Dominican Republic,DOM,1964,5845738217
Dominican Republic,DOM,1965,5116082881
Dominican Republic,DOM,1966,5804878762
Dominican Republic,DOM,1967,5998038557
Dominican Republic,DOM,1968,6012365501
Dominican Republic,DOM,1969,6667199033
Dominican Republic,DOM,1970,7882408258
Dominican Republic,DOM,1971,8739341597
Dominican Republic,DOM,1972,9647723102
Dominican Republic,DOM,1973,10891870678
Dominican Republic,DOM,1974,11545590180
Dominican Republic,DOM,1975,12145181930
Dominican Republic,DOM,1976,12962324665
Dominican Republic,DOM,1977,13608079675
Dominican Republic,DOM,1978,13899385751
Dominican Republic,DOM,1979,14529222408
Dominican Republic,DOM,1980,15687018149
Dominican Republic,DOM,1981,16358401738
Dominican Republic,DOM,1982,16636283320
Dominican Republic,DOM,1983,17406201586
Dominican Republic,DOM,1984,17624283185
Dominican Republic,DOM,1985,17250201610
Dominican Republic,DOM,1986,17857752538
Dominican Republic,DOM,1987,19664486965
Dominican Republic,DOM,1988,20088446093
Dominican Republic,DOM,1989,20972445961
Dominican Republic,DOM,1990,19828543241
Dominican Republic,DOM,1991,20015752229
Dominican Republic,DOM,1992,22265015206
Dominican Republic,DOM,1993,23905211028
Dominican Republic,DOM,1994,24525260342
Dominican Republic,DOM,1995,25923197384
Dominican Republic,DOM,1996,27468529262
Dominican Republic,DOM,1997,29913105390
Dominican Republic,DOM,1998,31919035075
Dominican Republic,DOM,1999,33820295671
Dominican Republic,DOM,2000,35393522990
Dominican Republic,DOM,2001,36267520113
Dominican Republic,DOM,2002,37894663734
Dominican Republic,DOM,2003,37383329266
Dominican Republic,DOM,2004,38349900170
Dominican Republic,DOM,2005,41966981958
Dominican Republic,DOM,2006,45815860539
Dominican Republic,DOM,2007,49214666985
Dominican Republic,DOM,2008,50823044977
Dominican Republic,DOM,2009,51333030311
Dominican Republic,DOM,2010,55645592832
Dominican Republic,DOM,2011,57421779163
Dominican Republic,DOM,2012,59015618840
Dominican Republic,DOM,2013,61927882062
Dominican Republic,DOM,2014,66331713896
Dominican Republic,DOM,2015,70966782572
Dominican Republic,DOM,2016,75735566406
Dominican Republic,DOM,2017,78714898894
Dominican Republic,DOM,2018,84301701754
Dominican Republic,DOM,2019,88427452425
Dominican Republic,DOM,2020,81415993438
Dominican Republic,DOM,2021,92824351636
Dominican Republic,DOM,2022,97686450823
Dominican Republic,DOM,2023,99828029402
Dominican Republic,DOM,2024,104773032846
East Asia and Pacific (WB),WB_EAP,1960,1196228828091
East Asia and Pacific (WB),WB_EAP,1961,1241446820592
East Asia and Pacific (WB),WB_EAP,1962,1308917080592
East Asia and Pacific (WB),WB_EAP,1963,1410565014400
East Asia and Pacific (WB),WB_EAP,1964,1557303184978
East Asia and Pacific (WB),WB_EAP,1965,1666025631653
East Asia and Pacific (WB),WB_EAP,1966,1809456134238
East Asia and Pacific (WB),WB_EAP,1967,1942100465128
East Asia and Pacific (WB),WB_EAP,1968,2122927125867
East Asia and Pacific (WB),WB_EAP,1969,2366677864240
East Asia and Pacific (WB),WB_EAP,1970,2459305213467
East Asia and Pacific (WB),WB_EAP,1971,2589293262963
East Asia and Pacific (WB),WB_EAP,1972,2774686410318
East Asia and Pacific (WB),WB_EAP,1973,2987458933635
East Asia and Pacific (WB),WB_EAP,1974,3018062372142
East Asia and Pacific (WB),WB_EAP,1975,3125275471987
East Asia and Pacific (WB),WB_EAP,1976,3255999377945
East Asia and Pacific (WB),WB_EAP,1977,3425487585696
East Asia and Pacific (WB),WB_EAP,1978,3624268383037
East Asia and Pacific (WB),WB_EAP,1979,3839276023322
East Asia and Pacific (WB),WB_EAP,1980,3983261036931
East Asia and Pacific (WB),WB_EAP,1981,4167994186732
East Asia and Pacific (WB),WB_EAP,1982,4341512806364
East Asia and Pacific (WB),WB_EAP,1983,4533893269562
East Asia and Pacific (WB),WB_EAP,1984,4813976292563
East Asia and Pacific (WB),WB_EAP,1985,5088971685598
East Asia and Pacific (WB),WB_EAP,1986,5340196400111
East Asia and Pacific (WB),WB_EAP,1987,5675890355668
East Asia and Pacific (WB),WB_EAP,1988,6108596496766
East Asia and Pacific (WB),WB_EAP,1989,6423135129537
East Asia and Pacific (WB),WB_EAP,1990,6749806924439
East Asia and Pacific (WB),WB_EAP,1991,7080520864876
East Asia and Pacific (WB),WB_EAP,1992,7383606507924
East Asia and Pacific (WB),WB_EAP,1993,7696946234371
East Asia and Pacific (WB),WB_EAP,1994,8102825943698
East Asia and Pacific (WB),WB_EAP,1995,8566068894230
East Asia and Pacific (WB),WB_EAP,1996,9050620255663
East Asia and Pacific (WB),WB_EAP,1997,9422585459947
East Asia and Pacific (WB),WB_EAP,1998,9468901902317
East Asia and Pacific (WB),WB_EAP,1999,9829775221108
East Asia and Pacific (WB),WB_EAP,2000,10366526973201
East Asia and Pacific (WB),WB_EAP,2001,10710019004740
East Asia and Pacific (WB),WB_EAP,2002,11186135765067
East Asia and Pacific (WB),WB_EAP,2003,11744544115871
East Asia and Pacific (WB),WB_EAP,2004,12437016447814
East Asia and Pacific (WB),WB_EAP,2005,13177845961610
East Asia and Pacific (WB),WB_EAP,2006,14031761326159
East Asia and Pacific (WB),WB_EAP,2007,15081906435413
East Asia and Pacific (WB),WB_EAP,2008,15750510901588
East Asia and Pacific (WB),WB_EAP,2009,16163819443094
East Asia and Pacific (WB),WB_EAP,2010,17396593972373
East Asia and Pacific (WB),WB_EAP,2011,18344882651070
East Asia and Pacific (WB),WB_EAP,2012,19300451804362
East Asia and Pacific (WB),WB_EAP,2013,20319287116134
East Asia and Pacific (WB),WB_EAP,2014,21294278874206
East Asia and Pacific (WB),WB_EAP,2015,22299105656919
East Asia and Pacific (WB),WB_EAP,2016,23337269224240
East Asia and Pacific (WB),WB_EAP,2017,24518631574320
East Asia and Pacific (WB),WB_EAP,2018,25694274748716
East Asia and Pacific (WB),WB_EAP,2019,26733086615367
East Asia and Pacific (WB),WB_EAP,2020,26717717104733
East Asia and Pacific (WB),WB_EAP,2021,28412909796582
East Asia and Pacific (WB),WB_EAP,2022,29265188694290
East Asia and Pacific (WB),WB_EAP,2023,30495985189684
East Asia and Pacific (WB),WB_EAP,2024,31651815201708
East Timor,TLS,1990,481437137
East Timor,TLS,1991,533019663
East Timor,TLS,1992,588770959
East Timor,TLS,1993,648853655
East Timor,TLS,1994,695070452
East Timor,TLS,1995,741509948
East Timor,TLS,1996,800698644
East Timor,TLS,1997,832726542
East Timor,TLS,1998,816072043
East Timor,TLS,1999,526754663
East Timor,TLS,2000,832683766
East Timor,TLS,2001,968808340
East Timor,TLS,2002,903891451
East Timor,TLS,2003,884166124
East Timor,TLS,2004,887702789
East Timor,TLS,2005,914197082
East Timor,TLS,2006,876567882
East Timor,TLS,2007,966550892
East Timor,TLS,2008,1076687515
East Timor,TLS,2009,1185938474
East Timor,TLS,2010,1296604299
East Timor,TLS,2011,1373863180
East Timor,TLS,2012,1440641467
East Timor,TLS,2013,1485364306
East Timor,TLS,2014,1551797213
East Timor,TLS,2015,1590282371
East Timor,TLS,2016,1638148814
East Timor,TLS,2017,1586016118
East Timor,TLS,2018,1578617315
East Timor,TLS,2019,1960846014
East Timor,TLS,2020,2582938981
East Timor,TLS,2021,2721637681
East Timor,TLS,2022,2163090172
East Timor,TLS,2023,1770794193
East Timor,TLS,2024,1609639637
Ecuador,ECU,1960,10979942382
Ecuador,ECU,1961,11542600183
Ecuador,ECU,1962,12110397647
Ecuador,ECU,1963,12365487217
Ecuador,ECU,1964,13281429196
Ecuador,ECU,1965,13716406958
Ecuador,ECU,1966,13669836239
Ecuador,ECU,1967,14301529480
Ecuador,ECU,1968,14574608375
Ecuador,ECU,1969,15255131525
Ecuador,ECU,1970,16303453382
Ecuador,ECU,1971,17329365500
Ecuador,ECU,1972,18198890797
Ecuador,ECU,1973,20737760204
Ecuador,ECU,1974,23062154053
Ecuador,ECU,1975,25592569112
Ecuador,ECU,1976,27485699466
Ecuador,ECU,1977,27926801545
Ecuador,ECU,1978,29520535222
Ecuador,ECU,1979,30622846296
Ecuador,ECU,1980,31758550581
Ecuador,ECU,1981,33541114872
Ecuador,ECU,1982,33747340858
Ecuador,ECU,1983,33633656605
Ecuador,ECU,1984,34516632001
Ecuador,ECU,1985,35874861958
Ecuador,ECU,1986,37117847903
Ecuador,ECU,1987,37021676038
Ecuador,ECU,1988,39202425756
Ecuador,ECU,1989,39596715108
Ecuador,ECU,1990,41053840192
Ecuador,ECU,1991,42815601069
Ecuador,ECU,1992,43720855882
Ecuador,ECU,1993,44583563740
Ecuador,ECU,1994,46482043534
Ecuador,ECU,1995,47529074179
Ecuador,ECU,1996,48352157793
Ecuador,ECU,1997,50444773789
Ecuador,ECU,1998,52092567129
Ecuador,ECU,1999,49623699371
Ecuador,ECU,2000,50165491738
Ecuador,ECU,2001,52275588700
Ecuador,ECU,2002,54851779632
Ecuador,ECU,2003,56433979416
Ecuador,ECU,2004,60289773139
Ecuador,ECU,2005,63544590361
Ecuador,ECU,2006,66303144898
Ecuador,ECU,2007,67564514887
Ecuador,ECU,2008,72000071699
Ecuador,ECU,2009,72785601820
Ecuador,ECU,2010,75718234074
Ecuador,ECU,2011,82140258351
Ecuador,ECU,2012,86890603905
Ecuador,ECU,2013,93156490881
Ecuador,ECU,2014,97093344927
Ecuador,ECU,2015,97209558000
Ecuador,ECU,2016,96540800718
Ecuador,ECU,2017,102304671535
Ecuador,ECU,2018,103373033702
Ecuador,ECU,2019,103544017315
Ecuador,ECU,2020,93971273313
Ecuador,ECU,2021,102825145845
Ecuador,ECU,2022,108859360917
Ecuador,ECU,2023,111023744250
Ecuador,ECU,2024,108801876280
Egypt,EGY,1960,20297834751
Egypt,EGY,1961,21345429171
Egypt,EGY,1962,22172696194
Egypt,EGY,1963,24504840915
Egypt,EGY,1964,27324754468
Egypt,EGY,1965,28667504459
Egypt,EGY,1966,30114182469
Egypt,EGY,1967,30356681177
Egypt,EGY,1968,29868912347
Egypt,EGY,1969,31445846805
Egypt,EGY,1970,33206347267
Egypt,EGY,1971,34553643778
Egypt,EGY,1972,35609492777
Egypt,EGY,1973,36858257210
Egypt,EGY,1974,37432854799
Egypt,EGY,1975,40779032775
Egypt,EGY,1976,46194361685
Egypt,EGY,1977,50353260517
Egypt,EGY,1978,54698126368
Egypt,EGY,1979,57185627388
Egypt,EGY,1980,62910668708
Egypt,EGY,1981,67533693105
Egypt,EGY,1982,74224371654
Egypt,EGY,1983,78005663121
Egypt,EGY,1984,85607909950
Egypt,EGY,1985,90565897013
Egypt,EGY,1986,94862819134
Egypt,EGY,1987,98498676314
Egypt,EGY,1988,103878004711
Egypt,EGY,1989,108989704831
Egypt,EGY,1990,115166183182
Egypt,EGY,1991,116462268700
Egypt,EGY,1992,121671461981
Egypt,EGY,1993,125200896556
Egypt,EGY,1994,130175343748
Egypt,EGY,1995,136218680413
Egypt,EGY,1996,143014263358
Egypt,EGY,1997,150869114035
Egypt,EGY,1998,159280817658
Egypt,EGY,1999,168922784450
Egypt,EGY,2000,179683172290
Egypt,EGY,2001,186035425185
Egypt,EGY,2002,190482051407
Egypt,EGY,2003,196565009501
Egypt,EGY,2004,204608590453
Egypt,EGY,2005,213758163785
Egypt,EGY,2006,228387426641
Egypt,EGY,2007,244575133305
Egypt,EGY,2008,262077623377
Egypt,EGY,2009,274326082658
Egypt,EGY,2010,288446290408
Egypt,EGY,2011,293536132736
Egypt,EGY,2012,300070833532
Egypt,EGY,2013,306628779736
Egypt,EGY,2014,315569804751
Egypt,EGY,2015,329366576819
Egypt,EGY,2016,343682967575
Egypt,EGY,2017,358053111989
Egypt,EGY,2018,377141312302
Egypt,EGY,2019,398080548973
Egypt,EGY,2020,412213064649
Egypt,EGY,2021,425777537421
Egypt,EGY,2022,453827104224
Egypt,EGY,2023,470892276431
Egypt,EGY,2024,482189779212
El Salvador,SLV,1965,8436981023
El Salvador,SLV,1966,9041164856
El Salvador,SLV,1967,9532719323
El Salvador,SLV,1968,9841264124
El Salvador,SLV,1969,10184273395
El Salvador,SLV,1970,10487489267
El Salvador,SLV,1971,10892123610
El Salvador,SLV,1972,11558452941
El Salvador,SLV,1973,12120387185
El Salvador,SLV,1974,12767131179
El Salvador,SLV,1975,13140382331
El Salvador,SLV,1976,13803874422
El Salvador,SLV,1977,14739785629
El Salvador,SLV,1978,15524349903
El Salvador,SLV,1979,14875390870
El Salvador,SLV,1980,12519595404
El Salvador,SLV,1981,11803350547
El Salvador,SLV,1982,11058739556
El Salvador,SLV,1983,11228936354
El Salvador,SLV,1984,11378871628
El Salvador,SLV,1985,11448773885
El Salvador,SLV,1986,11471061560
El Salvador,SLV,1987,11758775195
El Salvador,SLV,1988,11979625802
El Salvador,SLV,1989,12095116486
El Salvador,SLV,1990,12679661440
El Salvador,SLV,1991,12869106686
El Salvador,SLV,1992,13772770636
El Salvador,SLV,1993,14574113893
El Salvador,SLV,1994,15257940313
El Salvador,SLV,1995,15980263628
El Salvador,SLV,1996,16109937378
El Salvador,SLV,1997,16615462391
El Salvador,SLV,1998,17056150528
El Salvador,SLV,1999,17424910257
El Salvador,SLV,2000,17621447036
El Salvador,SLV,2001,17776447691
El Salvador,SLV,2002,18056056716
El Salvador,SLV,2003,18338704970
El Salvador,SLV,2004,18501810234
El Salvador,SLV,2005,18997812331
El Salvador,SLV,2006,19821747186
El Salvador,SLV,2007,20187974224
El Salvador,SLV,2008,20622904543
El Salvador,SLV,2009,20188015254
El Salvador,SLV,2010,20622904543
El Salvador,SLV,2011,21401127375
El Salvador,SLV,2012,22019127752
El Salvador,SLV,2013,22499794814
El Salvador,SLV,2014,22888906230
El Salvador,SLV,2015,23438240000
El Salvador,SLV,2016,24033351541
El Salvador,SLV,2017,24573529736
El Salvador,SLV,2018,25166352435
El Salvador,SLV,2019,25779775126
El Salvador,SLV,2020,23744951345
El Salvador,SLV,2021,26571731219
El Salvador,SLV,2022,27356823619
El Salvador,SLV,2023,28325024473
El Salvador,SLV,2024,29062047321
Equatorial Guinea,GNQ,1980,132086051
Equatorial Guinea,GNQ,1981,139706650
Equatorial Guinea,GNQ,1982,142782538
Equatorial Guinea,GNQ,1983,149927929
Equatorial Guinea,GNQ,1984,151444273
Equatorial Guinea,GNQ,1985,170988427
Equatorial Guinea,GNQ,1986,167003445
Equatorial Guinea,GNQ,1987,174412950
Equatorial Guinea,GNQ,1988,179044071
Equatorial Guinea,GNQ,1989,176843300
Equatorial Guinea,GNQ,1990,173733397
Equatorial Guinea,GNQ,1991,171957427
Equatorial Guinea,GNQ,1992,231704586
Equatorial Guinea,GNQ,1993,257269046
Equatorial Guinea,GNQ,1994,300152801
Equatorial Guinea,GNQ,1995,352638311
Equatorial Guinea,GNQ,1996,587424889
Equatorial Guinea,GNQ,1997,1468403404
Equatorial Guinea,GNQ,1998,1817508712
Equatorial Guinea,GNQ,1999,2283954429
Equatorial Guinea,GNQ,2000,2699948863
Equatorial Guinea,GNQ,2001,4411173089
Equatorial Guinea,GNQ,2002,5269712387
Equatorial Guinea,GNQ,2003,6005113941
Equatorial Guinea,GNQ,2004,8286980786
Equatorial Guinea,GNQ,2005,9674942387
Equatorial Guinea,GNQ,2006,10420388726
Equatorial Guinea,GNQ,2007,12012844402
Equatorial Guinea,GNQ,2008,14151023687
Equatorial Guinea,GNQ,2009,14341122354
Equatorial Guinea,GNQ,2010,13061295371
Equatorial Guinea,GNQ,2011,13913404306
Equatorial Guinea,GNQ,2012,15070007775
Equatorial Guinea,GNQ,2013,14447134439
Equatorial Guinea,GNQ,2014,14507099626
Equatorial Guinea,GNQ,2015,13185496881
Equatorial Guinea,GNQ,2016,12023008461
Equatorial Guinea,GNQ,2017,11341603434
Equatorial Guinea,GNQ,2018,10634279338
Equatorial Guinea,GNQ,2019,10051326714
Equatorial Guinea,GNQ,2020,9569759527
Equatorial Guinea,GNQ,2021,9652085293
Equatorial Guinea,GNQ,2022,9963221065
Equatorial Guinea,GNQ,2023,9456161986
Equatorial Guinea,GNQ,2024,9541952850
Eritrea,ERI,1992,1154926145
Eritrea,ERI,1993,1310318715
Eritrea,ERI,1994,1588386838
Eritrea,ERI,1995,1633788955
Eritrea,ERI,1996,1785058837
Eritrea,ERI,1997,1926233510
Eritrea,ERI,1998,1960377599
Eritrea,ERI,1999,1960641860
Eritrea,ERI,2000,1899038769
Eritrea,ERI,2001,2065307884
Eritrea,ERI,2002,2127379250
Eritrea,ERI,2003,2070886355
Eritrea,ERI,2004,2100950149
Eritrea,ERI,2005,2155038051
Eritrea,ERI,2006,2134151053
Eritrea,ERI,2007,2164601595
Eritrea,ERI,2008,1952837971
Eritrea,ERI,2009,2028539764
Eritrea,ERI,2010,2073049788
Eritrea,ERI,2011,2252986366
Estonia,EST,1990,14658008362
Estonia,EST,1991,13485390619
Estonia,EST,1992,10630714641
Estonia,EST,1993,10020459081
Estonia,EST,1994,9855880594
Estonia,EST,1995,10302024946
Estonia,EST,1996,10811255302
Estonia,EST,1997,12222126358
Estonia,EST,1998,12752545572
Estonia,EST,1999,12698344018
Estonia,EST,2000,13979307068
Estonia,EST,2001,14801394595
Estonia,EST,2002,15827575405
Estonia,EST,2003,17029885802
Estonia,EST,2004,18188037434
Estonia,EST,2005,19920094036
Estonia,EST,2006,21864807422
Estonia,EST,2007,23520174236
Estonia,EST,2008,22314692031
Estonia,EST,2009,19050002927
Estonia,EST,2010,19516680413
Estonia,EST,2011,21001309333
Estonia,EST,2012,21772481344
Estonia,EST,2013,22154913628
Estonia,EST,2014,22891074856
Estonia,EST,2015,23311847750
Estonia,EST,2016,24032887679
Estonia,EST,2017,25387062190
Estonia,EST,2018,26326306710
Estonia,EST,2019,27307395871
Estonia,EST,2020,26519903136
Estonia,EST,2021,28709089435
Estonia,EST,2022,28357067289
Estonia,EST,2023,27578887219
Estonia,EST,2024,27554054399
Eswatini,SWZ,1970,399193833
Eswatini,SWZ,1971,454057571
Eswatini,SWZ,1972,478686990
Eswatini,SWZ,1973,521858208
Eswatini,SWZ,1974,551831066
Eswatini,SWZ,1975,628582181
Eswatini,SWZ,1976,615259773
Eswatini,SWZ,1977,621471392
Eswatini,SWZ,1978,629719117
Eswatini,SWZ,1979,649284144
Eswatini,SWZ,1980,730113866
Eswatini,SWZ,1981,837013058
Eswatini,SWZ,1982,846827604
Eswatini,SWZ,1983,857009477
Eswatini,SWZ,1984,909816302
Eswatini,SWZ,1985,944320319
Eswatini,SWZ,1986,1060136277
Eswatini,SWZ,1987,1214986039
Eswatini,SWZ,1988,1294808454
Eswatini,SWZ,1989,1461982521
Eswatini,SWZ,1990,1769262015
Eswatini,SWZ,1991,1800407691
Eswatini,SWZ,1992,1858492562
Eswatini,SWZ,1993,1916219460
Eswatini,SWZ,1994,1962221978
Eswatini,SWZ,1995,2056911965
Eswatini,SWZ,1996,2135939631
Eswatini,SWZ,1997,2202213674
Eswatini,SWZ,1998,2259560190
Eswatini,SWZ,1999,2326236994
Eswatini,SWZ,2000,2367182799
Eswatini,SWZ,2001,2400612484
Eswatini,SWZ,2002,2498765077
Eswatini,SWZ,2003,2612175410
Eswatini,SWZ,2004,2706660911
Eswatini,SWZ,2005,2868851690
Eswatini,SWZ,2006,3061891254
Eswatini,SWZ,2007,3194095189
Eswatini,SWZ,2008,3240107842
Eswatini,SWZ,2009,3286542195
Eswatini,SWZ,2010,3412233861
Eswatini,SWZ,2011,3475009965
Eswatini,SWZ,2012,3617154618
Eswatini,SWZ,2013,3765262097
Eswatini,SWZ,2014,3842727914
Eswatini,SWZ,2015,3908217914
Eswatini,SWZ,2016,4023477834
Eswatini,SWZ,2017,4165142616
Eswatini,SWZ,2018,4167866438
Eswatini,SWZ,2019,4435938143
Eswatini,SWZ,2020,4304996589
Eswatini,SWZ,2021,4487365678
Eswatini,SWZ,2022,4504690089
Eswatini,SWZ,2023,4663821718
Eswatini,SWZ,2024,4802519614
Ethiopia,ETH,1961,5060754512
Ethiopia,ETH,1962,5279687375
Ethiopia,ETH,1963,5518257120
Ethiopia,ETH,1964,5743980633
Ethiopia,ETH,1965,6075519291
Ethiopia,ETH,1966,6516395304
Ethiopia,ETH,1967,6781064426
Ethiopia,ETH,1968,7061948852
Ethiopia,ETH,1969,7160015128
Ethiopia,ETH,1970,7409379033
Ethiopia,ETH,1971,7892950389
Ethiopia,ETH,1972,8226597999
Ethiopia,ETH,1973,8646966422
Ethiopia,ETH,1974,8930038558
Ethiopia,ETH,1975,9041318600
Ethiopia,ETH,1976,9054773015
Ethiopia,ETH,1977,9301577299
Ethiopia,ETH,1978,9556441106
Ethiopia,ETH,1979,9451247272
Ethiopia,ETH,1980,10058411101
Ethiopia,ETH,1981,10499125225
Ethiopia,ETH,1982,10595298666
Ethiopia,ETH,1983,11467822118
Ethiopia,ETH,1984,11141216084
Ethiopia,ETH,1985,9899599637
Ethiopia,ETH,1986,10856060579
Ethiopia,ETH,1987,12360637883
Ethiopia,ETH,1988,12422895311
Ethiopia,ETH,1989,12378043171
Ethiopia,ETH,1990,12715524549
Ethiopia,ETH,1991,11807956564
Ethiopia,ETH,1992,10783913879
Ethiopia,ETH,1993,12201225772
Ethiopia,ETH,1994,12590440553
Ethiopia,ETH,1995,13361921235
Ethiopia,ETH,1996,15022296788
Ethiopia,ETH,1997,15493081576
Ethiopia,ETH,1998,14957309259
Ethiopia,ETH,1999,15729427374
Ethiopia,ETH,2000,16684709707
Ethiopia,ETH,2001,18069758569
Ethiopia,ETH,2002,18343465847
Ethiopia,ETH,2003,17946997565
Ethiopia,ETH,2004,20382872320
Ethiopia,ETH,2005,22791876293
Ethiopia,ETH,2006,25261313883
Ethiopia,ETH,2007,28155292189
Ethiopia,ETH,2008,31192831993
Ethiopia,ETH,2009,33938597623
Ethiopia,ETH,2010,38198074328
Ethiopia,ETH,2011,42467968231
Ethiopia,ETH,2012,46140518129
Ethiopia,ETH,2013,51023232360
Ethiopia,ETH,2014,56256936828
Ethiopia,ETH,2015,62103418181
Ethiopia,ETH,2016,67961933367
Ethiopia,ETH,2017,74461941569
Ethiopia,ETH,2018,79537377550
Ethiopia,ETH,2019,86189951998
Ethiopia,ETH,2020,91412658764
Ethiopia,ETH,2021,96569731965
Ethiopia,ETH,2022,101708941221
Ethiopia,ETH,2023,108415879003
Ethiopia,ETH,2024,116669335367
Europe and Central Asia (WB),WB_ECA,1960,4860826486907
Europe and Central Asia (WB),WB_ECA,1961,5113100910627
Europe and Central Asia (WB),WB_ECA,1962,5353208593182
Europe and Central Asia (WB),WB_ECA,1963,5613294174004
Europe and Central Asia (WB),WB_ECA,1964,5941853952616
Europe and Central Asia (WB),WB_ECA,1965,6206688787169
Europe and Central Asia (WB),WB_ECA,1966,6442340505920
Europe and Central Asia (WB),WB_ECA,1967,6664558439514
Europe and Central Asia (WB),WB_ECA,1968,7025713405537
Europe and Central Asia (WB),WB_ECA,1969,7443318180598
Europe and Central Asia (WB),WB_ECA,1970,7815197729703
Europe and Central Asia (WB),WB_ECA,1971,8086284583147
Europe and Central Asia (WB),WB_ECA,1972,8454727634375
Europe and Central Asia (WB),WB_ECA,1973,8961511485416
Europe and Central Asia (WB),WB_ECA,1974,9170083535042
Europe and Central Asia (WB),WB_ECA,1975,9108001736394
Europe and Central Asia (WB),WB_ECA,1976,9507532986231
Europe and Central Asia (WB),WB_ECA,1977,9780745629967
Europe and Central Asia (WB),WB_ECA,1978,10073017873250
Europe and Central Asia (WB),WB_ECA,1979,10432294832920
Europe and Central Asia (WB),WB_ECA,1980,10585591226752
Europe and Central Asia (WB),WB_ECA,1981,10632234383919
Europe and Central Asia (WB),WB_ECA,1982,10734769114108
Europe and Central Asia (WB),WB_ECA,1983,10934671079944
Europe and Central Asia (WB),WB_ECA,1984,11233446081990
Europe and Central Asia (WB),WB_ECA,1985,11534715886711
Europe and Central Asia (WB),WB_ECA,1986,11867244085358
Europe and Central Asia (WB),WB_ECA,1987,12219141811019
Europe and Central Asia (WB),WB_ECA,1988,12720500327057
Europe and Central Asia (WB),WB_ECA,1989,13162836254381
Europe and Central Asia (WB),WB_ECA,1990,13465937620008
Europe and Central Asia (WB),WB_ECA,1991,13487674079746
Europe and Central Asia (WB),WB_ECA,1992,13408239705295
Europe and Central Asia (WB),WB_ECA,1993,13323319268361
Europe and Central Asia (WB),WB_ECA,1994,13510499903843
Europe and Central Asia (WB),WB_ECA,1995,13824417924441
Europe and Central Asia (WB),WB_ECA,1996,14074578122712
Europe and Central Asia (WB),WB_ECA,1997,14509532512164
Europe and Central Asia (WB),WB_ECA,1998,14883277211870
Europe and Central Asia (WB),WB_ECA,1999,15315125506057
Europe and Central Asia (WB),WB_ECA,2000,15990314229316
Europe and Central Asia (WB),WB_ECA,2001,16346737499081
Europe and Central Asia (WB),WB_ECA,2002,16602201918423
Europe and Central Asia (WB),WB_ECA,2003,16905404614619
Europe and Central Asia (WB),WB_ECA,2004,17442784488439
Europe and Central Asia (WB),WB_ECA,2005,17917958901865
Europe and Central Asia (WB),WB_ECA,2006,18614209611757
Europe and Central Asia (WB),WB_ECA,2007,19301210281097
Europe and Central Asia (WB),WB_ECA,2008,19499003742611
Europe and Central Asia (WB),WB_ECA,2009,18634891371465
Europe and Central Asia (WB),WB_ECA,2010,19125421612882
Europe and Central Asia (WB),WB_ECA,2011,19570878383553
Europe and Central Asia (WB),WB_ECA,2012,19632553929987
Europe and Central Asia (WB),WB_ECA,2013,19802234975193
Europe and Central Asia (WB),WB_ECA,2014,20184420384492
Europe and Central Asia (WB),WB_ECA,2015,20603435735279
Europe and Central Asia (WB),WB_ECA,2016,20996048787987
Europe and Central Asia (WB),WB_ECA,2017,21616385542694
Europe and Central Asia (WB),WB_ECA,2018,22083088512620
Europe and Central Asia (WB),WB_ECA,2019,22485746826135
Europe and Central Asia (WB),WB_ECA,2020,21275812463393
Europe and Central Asia (WB),WB_ECA,2021,22722495171618
Europe and Central Asia (WB),WB_ECA,2022,23492987209478
Europe and Central Asia (WB),WB_ECA,2023,23738811909129
Europe and Central Asia (WB),WB_ECA,2024,24110620684172
European Union (27),OWID_EU27,1960,3075152008683
European Union (27),OWID_EU27,1961,3251982586981
European Union (27),OWID_EU27,1962,3437148907075
European Union (27),OWID_EU27,1963,3601469905825
European Union (27),OWID_EU27,1964,3817286424733
European Union (27),OWID_EU27,1965,4017587133713
European Union (27),OWID_EU27,1966,4189228363085
European Union (27),OWID_EU27,1967,4337772533887
European Union (27),OWID_EU27,1968,4580201100233
European Union (27),OWID_EU27,1969,4902212359002
European Union (27),OWID_EU27,1970,5173302902668
European Union (27),OWID_EU27,1971,5362182550400
European Union (27),OWID_EU27,1972,5618030846227
European Union (27),OWID_EU27,1973,5955390074511
European Union (27),OWID_EU27,1974,6142844810608
European Union (27),OWID_EU27,1975,6107198161852
European Union (27),OWID_EU27,1976,6404955929517
European Union (27),OWID_EU27,1977,6593653593826
European Union (27),OWID_EU27,1978,6795454221090
European Union (27),OWID_EU27,1979,7059754238852
European Union (27),OWID_EU27,1980,7205674660399
European Union (27),OWID_EU27,1981,7245911020207
European Union (27),OWID_EU27,1982,7305281617829
European Union (27),OWID_EU27,1983,7410918075277
European Union (27),OWID_EU27,1984,7598160754077
European Union (27),OWID_EU27,1985,7774176732713
European Union (27),OWID_EU27,1986,7974696360054
European Union (27),OWID_EU27,1987,8177563023442
European Union (27),OWID_EU27,1988,8515309136618
European Union (27),OWID_EU27,1989,8846817514581
European Union (27),OWID_EU27,1990,9138535829312
European Union (27),OWID_EU27,1991,9271989075705
European Union (27),OWID_EU27,1992,9355590541033
European Union (27),OWID_EU27,1993,9299828881187
European Union (27),OWID_EU27,1994,9551054623609
European Union (27),OWID_EU27,1995,9811290301513
European Union (27),OWID_EU27,1996,9999281633364
European Union (27),OWID_EU27,1997,10267712292498
European Union (27),OWID_EU27,1998,10573834940813
European Union (27),OWID_EU27,1999,10891446207973
European Union (27),OWID_EU27,2000,11319869909643
European Union (27),OWID_EU27,2001,11564508558513
European Union (27),OWID_EU27,2002,11691451596944
European Union (27),OWID_EU27,2003,11800997102454
European Union (27),OWID_EU27,2004,12107812246876
European Union (27),OWID_EU27,2005,12347980270825
European Union (27),OWID_EU27,2006,12788499501424
European Union (27),OWID_EU27,2007,13190293140115
European Union (27),OWID_EU27,2008,13271807422071
European Union (27),OWID_EU27,2009,12699515364509
European Union (27),OWID_EU27,2010,12976593517673
European Union (27),OWID_EU27,2011,13231012723603
European Union (27),OWID_EU27,2012,13129872603290
European Union (27),OWID_EU27,2013,13125534418029
European Union (27),OWID_EU27,2014,13339837928675
European Union (27),OWID_EU27,2015,13656252620703
European Union (27),OWID_EU27,2016,13918449980505
European Union (27),OWID_EU27,2017,14310687274644
European Union (27),OWID_EU27,2018,14603544059407
European Union (27),OWID_EU27,2019,14877396575749
European Union (27),OWID_EU27,2020,14047404390856
European Union (27),OWID_EU27,2021,14943312743921
European Union (27),OWID_EU27,2022,15475526647498
European Union (27),OWID_EU27,2023,15545835479247
European Union (27),OWID_EU27,2024,15711329898680
Faroe Islands,FRO,2008,2166314314
Faroe Islands,FRO,2009,2067675562
Faroe Islands,FRO,2010,2059822159
Faroe Islands,FRO,2011,2133282898
Faroe Islands,FRO,2012,2284350973
Faroe Islands,FRO,2013,2418125853
Faroe Islands,FRO,2014,2549481885
Faroe Islands,FRO,2015,2573905971
Faroe Islands,FRO,2016,2609591837
Faroe Islands,FRO,2017,2701241060
Faroe Islands,FRO,2018,2775895516
Faroe Islands,FRO,2019,2901879820
Faroe Islands,FRO,2020,2854366727
Faroe Islands,FRO,2021,2998979304
Faroe Islands,FRO,2022,3114769889
Faroe Islands,FRO,2023,3213157332
Faroe Islands,FRO,2024,3240267282
Fiji,FJI,1960,864434173
Fiji,FJI,1961,894841354
Fiji,FJI,1962,927110248
Fiji,FJI,1963,986063074
Fiji,FJI,1964,1034156138
Fiji,FJI,1965,1006231162
Fiji,FJI,1966,1006231162
Fiji,FJI,1967,1140581419
Fiji,FJI,1968,1230872372
Fiji,FJI,1969,1262830871
Fiji,FJI,1970,1423244629
Fiji,FJI,1971,1521291761
Fiji,FJI,1972,1635164659
Fiji,FJI,1973,1825054181
Fiji,FJI,1974,1872526576
Fiji,FJI,1975,1882454921
Fiji,FJI,1976,1933961961
Fiji,FJI,1977,2048143304
Fiji,FJI,1978,2086308436
Fiji,FJI,1979,2341355883
Fiji,FJI,1980,2303813249
Fiji,FJI,1981,2449644410
Fiji,FJI,1982,2303192757
Fiji,FJI,1983,2211983491
Fiji,FJI,1984,2397635806
Fiji,FJI,1985,2287021481
Fiji,FJI,1986,2464263541
Fiji,FJI,1987,2301252015
Fiji,FJI,1988,2323246343
Fiji,FJI,1989,2496064099
Fiji,FJI,1990,2640835885
Fiji,FJI,1991,2569533218
Fiji,FJI,1992,2726274793
Fiji,FJI,1993,2784345330
Fiji,FJI,1994,2926346931
Fiji,FJI,1995,2999505561
Fiji,FJI,1996,3143481841
Fiji,FJI,1997,3074325261
Fiji,FJI,1998,3114291503
Fiji,FJI,1999,3388349115
Fiji,FJI,2000,3330747234
Fiji,FJI,2001,3397362184
Fiji,FJI,2002,3506077743
Fiji,FJI,2003,3541138498
Fiji,FJI,2004,3728818828
Fiji,FJI,2005,3754920575
Fiji,FJI,2006,3824479873
Fiji,FJI,2007,3791946770
Fiji,FJI,2008,3831109777
Fiji,FJI,2009,3778009151
Fiji,FJI,2010,3889636945
Fiji,FJI,2011,3994857188
Fiji,FJI,2012,4051237182
Fiji,FJI,2013,4243031642
Fiji,FJI,2014,4480790532
Fiji,FJI,2015,4682479893
Fiji,FJI,2016,4796997047
Fiji,FJI,2017,5053797787
Fiji,FJI,2018,5246466309
Fiji,FJI,2019,5215934671
Fiji,FJI,2020,4319652697
Fiji,FJI,2021,4131922233
Fiji,FJI,2022,4865137079
Fiji,FJI,2023,5324525632
Fiji,FJI,2024,5512527123
Finland,FIN,1960,49407156991
Finland,FIN,1961,53164408473
Finland,FIN,1962,54749742178
Finland,FIN,1963,56548325759
Finland,FIN,1964,59510715322
Finland,FIN,1965,62666483933
Finland,FIN,1966,64153448687
Finland,FIN,1967,65544827211
Finland,FIN,1968,67054514651
Finland,FIN,1969,73487247214
Finland,FIN,1970,78977062520
Finland,FIN,1971,80838489674
Finland,FIN,1972,87091738771
Finland,FIN,1973,93174076319
Finland,FIN,1974,96189686453
Finland,FIN,1975,97925812133
Finland,FIN,1976,98263052166
Finland,FIN,1977,98498402621
Finland,FIN,1978,101374267934
Finland,FIN,1979,108594068216
Finland,FIN,1980,114446254119
Finland,FIN,1981,115921906116
Finland,FIN,1982,119500085463
Finland,FIN,1983,123209187439
Finland,FIN,1984,127184572427
Finland,FIN,1985,131686975464
Finland,FIN,1986,135315082418
Finland,FIN,1987,140133697119
Finland,FIN,1988,147464248896
Finland,FIN,1989,154961227425
Finland,FIN,1990,156033016628
Finland,FIN,1991,146857345004
Finland,FIN,1992,141994349627
Finland,FIN,1993,140887056302
Finland,FIN,1994,146472344493
Finland,FIN,1995,152674521262
Finland,FIN,1996,158266465561
Finland,FIN,1997,168391880311
Finland,FIN,1998,177576428488
Finland,FIN,1999,185370756398
Finland,FIN,2000,196036503503
Finland,FIN,2001,201212380923
Finland,FIN,2002,204607490634
Finland,FIN,2003,208723783982
Finland,FIN,2004,217083963685
Finland,FIN,2005,223113056548
Finland,FIN,2006,232081249320
Finland,FIN,2007,244411266035
Finland,FIN,2008,246328504349
Finland,FIN,2009,226434937568
Finland,FIN,2010,233609048324
Finland,FIN,2011,239193226293
Finland,FIN,2012,235550695854
Finland,FIN,2013,233242909052
Finland,FIN,2014,232127848351
Finland,FIN,2015,233210733506
Finland,FIN,2016,239208760000
Finland,FIN,2017,247110710501
Finland,FIN,2018,250058685918
Finland,FIN,2019,253433824168
Finland,FIN,2020,247120696232
Finland,FIN,2021,253734502126
Finland,FIN,2022,255670602724
Finland,FIN,2023,253269616816
Finland,FIN,2024,254323653957
France,FRA,1960,510927948958
France,FRA,1961,536200619107
France,FRA,1962,572963952580
France,FRA,1963,607933884141
France,FRA,1964,647952997536
France,FRA,1965,679305823933
France,FRA,1966,714382070500
France,FRA,1967,748685060225
France,FRA,1968,782705445711
France,FRA,1969,838227806923
France,FRA,1970,890199392705
France,FRA,1971,937321618883
France,FRA,1972,979633325317
France,FRA,1973,1040317535197
France,FRA,1974,1086244576613
France,FRA,1975,1075972943434
France,FRA,1976,1122643877509
France,FRA,1977,1162544388757
France,FRA,1978,1208457476980
France,FRA,1979,1253113736480
France,FRA,1980,1274121102725
France,FRA,1981,1289261671631
France,FRA,1982,1320752051528
France,FRA,1983,1337420703409
France,FRA,1984,1358946108004
France,FRA,1985,1380268983033
France,FRA,1986,1413251000995
France,FRA,1987,1449327712381
France,FRA,1988,1519101594974
France,FRA,1989,1586020591645
France,FRA,1990,1630899060963
France,FRA,1991,1651067777785
France,FRA,1992,1676098974378
France,FRA,1993,1670081815758
France,FRA,1994,1709890902349
France,FRA,1995,1749300344479
France,FRA,1996,1773739467493
France,FRA,1997,1818562957062
France,FRA,1998,1881350558837
France,FRA,1999,1945303460549
France,FRA,2000,2025858476151
France,FRA,2001,2064338989612
France,FRA,2002,2086380974762
France,FRA,2003,2106573536968
France,FRA,2004,2166995343501
France,FRA,2005,2207920477337
France,FRA,2006,2267844862926
France,FRA,2007,2325232266328
France,FRA,2008,2334072135222
France,FRA,2009,2268145064848
France,FRA,2010,2313515332182
France,FRA,2011,2369909039106
France,FRA,2012,2374265767668
France,FRA,2013,2392826743357
France,FRA,2014,2416703156974
France,FRA,2015,2442483452642
France,FRA,2016,2463489569347
France,FRA,2017,2514819204088
France,FRA,2018,2556210832760
France,FRA,2019,2608036638906
France,FRA,2020,2413981867676
France,FRA,2021,2580120255051
France,FRA,2022,2650215998256
France,FRA,2023,2688358302961
France,FRA,2024,2720362347819
French Polynesia,PYF,1965,2165319767
French Polynesia,PYF,1966,2372683308
French Polynesia,PYF,1967,2260237893
French Polynesia,PYF,1968,2597709541
French Polynesia,PYF,1969,2527936595
French Polynesia,PYF,1970,2569058826
French Polynesia,PYF,1971,2877407765
French Polynesia,PYF,1972,2742311205
French Polynesia,PYF,1973,2956281713
French Polynesia,PYF,1974,3488443430
French Polynesia,PYF,1975,3317415430
French Polynesia,PYF,1976,3589563464
French Polynesia,PYF,1977,3664190227
French Polynesia,PYF,1978,4026672418
French Polynesia,PYF,1979,4184756524
French Polynesia,PYF,1980,4205048461
French Polynesia,PYF,1981,4316315005
French Polynesia,PYF,1982,4389631481
French Polynesia,PYF,1983,4495845434
French Polynesia,PYF,1984,4601960535
French Polynesia,PYF,1985,4548081323
French Polynesia,PYF,1986,5164246036
French Polynesia,PYF,1987,5229823198
French Polynesia,PYF,1988,5041621099
French Polynesia,PYF,1989,5150413279
French Polynesia,PYF,1990,5157102801
French Polynesia,PYF,1991,5345622077
French Polynesia,PYF,1992,5267715607
French Polynesia,PYF,1993,5199357378
French Polynesia,PYF,1994,5112719178
French Polynesia,PYF,1995,5092832264
French Polynesia,PYF,1996,5058784818
French Polynesia,PYF,1997,5052571889
French Polynesia,PYF,1998,5140151877
French Polynesia,PYF,1999,5237328133
French Polynesia,PYF,2000,5407300957
French Polynesia,PYF,2001,5388829856
French Polynesia,PYF,2002,5434429137
French Polynesia,PYF,2003,5550015578
French Polynesia,PYF,2004,5603920611
French Polynesia,PYF,2005,5621291279
French Polynesia,PYF,2006,5671297393
French Polynesia,PYF,2007,5767991632
French Polynesia,PYF,2008,5768381984
French Polynesia,PYF,2009,5524299140
French Polynesia,PYF,2010,5388066377
French Polynesia,PYF,2011,5228474143
French Polynesia,PYF,2012,5179978074
French Polynesia,PYF,2013,5200635899
French Polynesia,PYF,2014,5231504505
French Polynesia,PYF,2015,5325846361
French Polynesia,PYF,2016,5448457902
French Polynesia,PYF,2017,5682340239
French Polynesia,PYF,2018,5785013023
French Polynesia,PYF,2019,5940599015
French Polynesia,PYF,2020,5312451133
French Polynesia,PYF,2021,5491263054
French Polynesia,PYF,2022,5652560509
French Polynesia,PYF,2023,5809297011
French Polynesia,PYF,2024,5874732292
Gabon,GAB,1960,1696430402
Gabon,GAB,1961,1946939619
Gabon,GAB,1962,2091971271
Gabon,GAB,1963,2219423267
Gabon,GAB,1964,2320505870
Gabon,GAB,1965,2513881414
Gabon,GAB,1966,2627207303
Gabon,GAB,1967,2735320899
Gabon,GAB,1968,2803944654
Gabon,GAB,1969,3030584989
Gabon,GAB,1970,3293619830
Gabon,GAB,1971,3631503425
Gabon,GAB,1972,4043205904
Gabon,GAB,1973,4454902662
Gabon,GAB,1974,6214014316
Gabon,GAB,1975,7406490804
Gabon,GAB,1976,10045078184
Gabon,GAB,1977,8781197289
Gabon,GAB,1978,6669389058
Gabon,GAB,1979,6701028991
Gabon,GAB,1980,6872102050
Gabon,GAB,1981,7222258278
Gabon,GAB,1982,6998547355
Gabon,GAB,1983,7391042735
Gabon,GAB,1984,7946028913
Gabon,GAB,1985,7760652085
Gabon,GAB,1986,7698287660
Gabon,GAB,1987,6378336008
Gabon,GAB,1988,7197655800
Gabon,GAB,1989,7812717800
Gabon,GAB,1990,8218372646
Gabon,GAB,1991,8720720960
Gabon,GAB,1992,8451237981
Gabon,GAB,1993,8784770737
Gabon,GAB,1994,9110927737
Gabon,GAB,1995,9564091413
Gabon,GAB,1996,9910794415
Gabon,GAB,1997,10479512210
Gabon,GAB,1998,10843972206
Gabon,GAB,1999,9875321072
Gabon,GAB,2000,9689372094
Gabon,GAB,2001,9896262806
Gabon,GAB,2002,9871617829
Gabon,GAB,2003,10093465659
Gabon,GAB,2004,10163064451
Gabon,GAB,2005,10435048720
Gabon,GAB,2006,10142180902
Gabon,GAB,2007,10751534086
Gabon,GAB,2008,10395827037
Gabon,GAB,2009,10409376035
Gabon,GAB,2010,11147389066
Gabon,GAB,2011,11937934403
Gabon,GAB,2012,12564804521
Gabon,GAB,2013,13273296028
Gabon,GAB,2014,13846034032
Gabon,GAB,2015,14383107762
Gabon,GAB,2016,14683922149
Gabon,GAB,2017,14753324537
Gabon,GAB,2018,14876945089
Gabon,GAB,2019,15460241661
Gabon,GAB,2020,15176119359
Gabon,GAB,2021,15398898313
Gabon,GAB,2022,15866657481
Gabon,GAB,2023,16253635205
Gabon,GAB,2024,16805289922
Gambia,GMB,1966,253504725
Gambia,GMB,1967,253504725
Gambia,GMB,1968,277780701
Gambia,GMB,1969,284546114
Gambia,GMB,1970,302056645
Gambia,GMB,1971,301857659
Gambia,GMB,1972,302587264
Gambia,GMB,1973,330577582
Gambia,GMB,1974,350011556
Gambia,GMB,1975,393389990
Gambia,GMB,1976,422308976
Gambia,GMB,1977,436834614
Gambia,GMB,1978,464427038
Gambia,GMB,1979,458258597
Gambia,GMB,1980,486991776
Gambia,GMB,1981,503169126
Gambia,GMB,1982,499321982
Gambia,GMB,1983,553664331
Gambia,GMB,1984,573237790
Gambia,GMB,1985,568581582
Gambia,GMB,1986,591842657
Gambia,GMB,1987,606368444
Gambia,GMB,1988,633514510
Gambia,GMB,1989,670864763
Gambia,GMB,1990,694740031
Gambia,GMB,1991,716325876
Gambia,GMB,1992,740528298
Gambia,GMB,1993,762833761
Gambia,GMB,1994,764011164
Gambia,GMB,1995,770748583
Gambia,GMB,1996,787886530
Gambia,GMB,1997,826492963
Gambia,GMB,1998,855420206
Gambia,GMB,1999,910167091
Gambia,GMB,2000,960226283
Gambia,GMB,2001,1015919410
Gambia,GMB,2002,982902027
Gambia,GMB,2003,1050427393
Gambia,GMB,2004,1124482524
Gambia,GMB,2005,1098037738
Gambia,GMB,2006,1091937250
Gambia,GMB,2007,1125167625
Gambia,GMB,2008,1195557048
Gambia,GMB,2009,1275249585
Gambia,GMB,2010,1350595613
Gambia,GMB,2011,1240786190
Gambia,GMB,2012,1305822857
Gambia,GMB,2013,1343336129
Gambia,GMB,2014,1324430251
Gambia,GMB,2015,1378176608
Gambia,GMB,2016,1404959537
Gambia,GMB,2017,1472715273
Gambia,GMB,2018,1579264608
Gambia,GMB,2019,1677527292
Gambia,GMB,2020,1687449652
Gambia,GMB,2021,1776141480
Gambia,GMB,2022,1873704900
Gambia,GMB,2023,1984568191
Gambia,GMB,2024,2094736745
Georgia,GEO,1960,5243159135
Georgia,GEO,1961,5498288150
Georgia,GEO,1962,5779416530
Georgia,GEO,1963,6022260625
Georgia,GEO,1964,6349244544
Georgia,GEO,1965,7019638203
Georgia,GEO,1966,7548614493
Georgia,GEO,1967,8020635559
Georgia,GEO,1968,8378001665
Georgia,GEO,1969,8778177254
Georgia,GEO,1970,9836129832
Georgia,GEO,1971,10079213236
Georgia,GEO,1972,10365106122
Georgia,GEO,1973,11037028854
Georgia,GEO,1974,12009362469
Georgia,GEO,1975,12895704865
Georgia,GEO,1976,13682282556
Georgia,GEO,1977,14625580176
Georgia,GEO,1978,15712196494
Georgia,GEO,1979,16870286034
Georgia,GEO,1980,17642345727
Georgia,GEO,1981,18571497605
Georgia,GEO,1982,18943381710
Georgia,GEO,1983,19758250884
Georgia,GEO,1984,20830721461
Georgia,GEO,1985,21860010300
Georgia,GEO,1986,20072807510
Georgia,GEO,1987,20330036655
Georgia,GEO,1988,21459462455
Georgia,GEO,1989,19915715325
Georgia,GEO,1990,16970422995
Georgia,GEO,1991,13389689057
Georgia,GEO,1992,7377748823
Georgia,GEO,1993,5216056133
Georgia,GEO,1994,4673678615
Georgia,GEO,1995,4795034188
Georgia,GEO,1996,5332200118
Georgia,GEO,1997,5893190454
Georgia,GEO,1998,6075968327
Georgia,GEO,1999,6250184305
Georgia,GEO,2000,6365211520
Georgia,GEO,2001,6671206249
Georgia,GEO,2002,7036389739
Georgia,GEO,2003,7814405534
Georgia,GEO,2004,8267069270
Georgia,GEO,2005,9059975319
Georgia,GEO,2006,9913559155
Georgia,GEO,2007,11160245709
Georgia,GEO,2008,11430503827
Georgia,GEO,2009,11013204446
Georgia,GEO,2010,11701134202
Georgia,GEO,2011,12629541567
Georgia,GEO,2012,13460417765
Georgia,GEO,2013,14151325572
Georgia,GEO,2014,14730184213
Georgia,GEO,2015,15223796148
Georgia,GEO,2016,15749049874
Georgia,GEO,2017,16561685511
Georgia,GEO,2018,17565660917
Georgia,GEO,2019,18510819818
Georgia,GEO,2020,17346401920
Georgia,GEO,2021,19192793472
Georgia,GEO,2022,21296041913
Georgia,GEO,2023,22963990777
Georgia,GEO,2024,25186857750
Germany,DEU,1960,917973385954
Germany,DEU,1961,957431917164
Germany,DEU,1962,1001698503789
Germany,DEU,1963,1029097926943
Germany,DEU,1964,1097424574144
Germany,DEU,1965,1154975319174
Germany,DEU,1966,1187455318834
Germany,DEU,1967,1183533670631
Germany,DEU,1968,1250625508505
Germany,DEU,1969,1343398193777
Germany,DEU,1970,1411953745416
Germany,DEU,1971,1456186017148
Germany,DEU,1972,1518806985739
Germany,DEU,1973,1591367790663
Germany,DEU,1974,1605532057258
Germany,DEU,1975,1591616285780
Germany,DEU,1976,1670389489050
Germany,DEU,1977,1726301068039
Germany,DEU,1978,1778236712904
Germany,DEU,1979,1852039997497
Germany,DEU,1980,1878132067487
Germany,DEU,1981,1888071903820
Germany,DEU,1982,1880617026826
Germany,DEU,1983,1910188039686
Germany,DEU,1984,1964111651614
Germany,DEU,1985,2009834898132
Germany,DEU,1986,2055806640789
Germany,DEU,1987,2084632166256
Germany,DEU,1988,2161914393719
Germany,DEU,1989,2246154505899
Germany,DEU,1990,2364190062224
Germany,DEU,1991,2484959073005
Germany,DEU,1992,2534996542114
Germany,DEU,1993,2510330187123
Germany,DEU,1994,2575519839599
Germany,DEU,1995,2614281254585
Germany,DEU,1996,2641414240990
Germany,DEU,1997,2690394576515
Germany,DEU,1998,2746774816494
Germany,DEU,1999,2805269313430
Germany,DEU,2000,2885963533943
Germany,DEU,2001,2933181986968
Germany,DEU,2002,2926486831428
Germany,DEU,2003,2910982263391
Germany,DEU,2004,2944810405337
Germany,DEU,2005,2970886268370
Germany,DEU,2006,3085761005285
Germany,DEU,2007,3174912263837
Germany,DEU,2008,3203102383827
Germany,DEU,2009,3025504625850
Germany,DEU,2010,3150598283304
Germany,DEU,2011,3268996785218
Germany,DEU,2012,3284148978797
Germany,DEU,2013,3297186905208
Germany,DEU,2014,3369071713224
Germany,DEU,2015,3425099578746
Germany,DEU,2016,3501212900675
Germany,DEU,2017,3599173571724
Germany,DEU,2018,3640049243667
Germany,DEU,2019,3675639268112
Germany,DEU,2020,3523764998709
Germany,DEU,2021,3661544208117
Germany,DEU,2022,3727790994177
Germany,DEU,2023,3695372350062
Germany,DEU,2024,3677048776153
Ghana,GHA,1960,7662648270
Ghana,GHA,1961,7925452126
Ghana,GHA,1962,8251121525
Ghana,GHA,1963,8614663810
Ghana,GHA,1964,8804989947
Ghana,GHA,1965,8925530160
Ghana,GHA,1966,8545455168
Ghana,GHA,1967,8808259025
Ghana,GHA,1968,8840749198
Ghana,GHA,1969,9371740063
Ghana,GHA,1970,10282998639
Ghana,GHA,1971,10819372656
Ghana,GHA,1972,10550223948
Ghana,GHA,1973,10854554040
Ghana,GHA,1974,11598364183
Ghana,GHA,1975,10156498575
Ghana,GHA,1976,9797955609
Ghana,GHA,1977,10020771627
Ghana,GHA,1978,10870125777
Ghana,GHA,1979,10596748481
Ghana,GHA,1980,10646732914
Ghana,GHA,1981,10273770732
Ghana,GHA,1982,9562450763
Ghana,GHA,1983,9126045611
Ghana,GHA,1984,9915226744
Ghana,GHA,1985,10420072141
Ghana,GHA,1986,10961828435
Ghana,GHA,1987,11487437024
Ghana,GHA,1988,12133969366
Ghana,GHA,1989,12751087602
Ghana,GHA,1990,13175548086
Ghana,GHA,1991,13871457663
Ghana,GHA,1992,14409589638
Ghana,GHA,1993,15108454815
Ghana,GHA,1994,15607033785
Ghana,GHA,1995,16248860403
Ghana,GHA,1996,16996707892
Ghana,GHA,1997,17709950508
Ghana,GHA,1998,18542387390
Ghana,GHA,1999,19358251846
Ghana,GHA,2000,20074507180
Ghana,GHA,2001,20877487493
Ghana,GHA,2002,21816974338
Ghana,GHA,2003,22951457033
Ghana,GHA,2004,24236738625
Ghana,GHA,2005,25666707129
Ghana,GHA,2006,27309353954
Ghana,GHA,2007,28496442169
Ghana,GHA,2008,31103809332
Ghana,GHA,2009,32610629348
Ghana,GHA,2010,35186775129
Ghana,GHA,2011,40129504915
Ghana,GHA,2012,43858655296
Ghana,GHA,2013,47065830437
Ghana,GHA,2014,48410143589
Ghana,GHA,2015,49436806230
Ghana,GHA,2016,51104539956
Ghana,GHA,2017,55258774288
Ghana,GHA,2018,58684861220
Ghana,GHA,2019,62503939826
Ghana,GHA,2020,62825173619
Ghana,GHA,2021,66014472471
Ghana,GHA,2022,68526224001
Ghana,GHA,2023,70678009792
Ghana,GHA,2024,74629231909
Greece,GRC,1960,41539985361
Greece,GRC,1961,47024857985
Greece,GRC,1962,47196410446
Greece,GRC,1963,52786762334
Greece,GRC,1964,57753826340
Greece,GRC,1965,63972764697
Greece,GRC,1966,68127476783
Greece,GRC,1967,71989954837
Greece,GRC,1968,77175907942
Greece,GRC,1969,86100274027
Greece,GRC,1970,93789528052
Greece,GRC,1971,101143730558
Greece,GRC,1972,111420086907
Greece,GRC,1973,120436622701
Greece,GRC,1974,112682623197
Greece,GRC,1975,119856909405
Greece,GRC,1976,128069383417
Greece,GRC,1977,131835905144
Greece,GRC,1978,141389873865
Greece,GRC,1979,146030402056
Greece,GRC,1980,147019219771
Greece,GRC,1981,144734950884
Greece,GRC,1982,143095614240
Greece,GRC,1983,141552152406
Greece,GRC,1984,144398172998
Greece,GRC,1985,148021926593
Greece,GRC,1986,148788176908
Greece,GRC,1987,145427255498
Greece,GRC,1988,151662975130
Greece,GRC,1989,157426168113
Greece,GRC,1990,157426168113
Greece,GRC,1991,162306378863
Greece,GRC,1992,163442524062
Greece,GRC,1993,160827443641
Greece,GRC,1994,164043992268
Greece,GRC,1995,167488456016
Greece,GRC,1996,169803934634
Greece,GRC,1997,175921772178
Greece,GRC,1998,181968090540
Greece,GRC,1999,186806231970
Greece,GRC,2000,194535950663
Greece,GRC,2001,203582678904
Greece,GRC,2002,213116735217
Greece,GRC,2003,225470734593
Greece,GRC,2004,237596249349
Greece,GRC,2005,240408216059
Greece,GRC,2006,255898673342
Greece,GRC,2007,264872706550
Greece,GRC,2008,265024939553
Greece,GRC,2009,254107830646
Greece,GRC,2010,239639588360
Greece,GRC,2011,215970916413
Greece,GRC,2012,197978089510
Greece,GRC,2013,193479795684
Greece,GRC,2014,195012591113
Greece,GRC,2015,194567373678
Greece,GRC,2016,194505511433
Greece,GRC,2017,197370820217
Greece,GRC,2018,201445880434
Greece,GRC,2019,206033167050
Greece,GRC,2020,187085880047
Greece,GRC,2021,203277223532
Greece,GRC,2022,214502162962
Greece,GRC,2023,219083738943
Greece,GRC,2024,223655084018
Greenland,GRL,1970,713408661
Greenland,GRL,1971,806585906
Greenland,GRL,1972,856410923
Greenland,GRL,1973,914698328
Greenland,GRL,1974,966893338
Greenland,GRL,1975,973141791
Greenland,GRL,1976,1031133339
Greenland,GRL,1977,1122103173
Greenland,GRL,1978,1189616948
Greenland,GRL,1979,1247439439
Greenland,GRL,1980,1355667363
Greenland,GRL,1981,1364686341
Greenland,GRL,1982,1304371833
Greenland,GRL,1983,1349466794
Greenland,GRL,1984,1279569603
Greenland,GRL,1985,1326355632
Greenland,GRL,1986,1420491372
Greenland,GRL,1987,1498843859
Greenland,GRL,1988,1582833234
Greenland,GRL,1989,1688242726
Greenland,GRL,1990,1490388563
Greenland,GRL,1991,1488697499
Greenland,GRL,1992,1412599749
Greenland,GRL,1993,1341575185
Greenland,GRL,1994,1421055060
Greenland,GRL,1995,1474041620
Greenland,GRL,1996,1496589112
Greenland,GRL,1997,1518572904
Greenland,GRL,1998,1636383513
Greenland,GRL,1999,1658930987
Greenland,GRL,2000,1776741578
Greenland,GRL,2001,1799289052
Greenland,GRL,2002,1781814765
Greenland,GRL,2003,1860749973
Greenland,GRL,2004,1989264212
Greenland,GRL,2005,2088478601
Greenland,GRL,2006,2204508100
Greenland,GRL,2007,2256367786
Greenland,GRL,2008,2395498418
Greenland,GRL,2009,2416242292
Greenland,GRL,2010,2458184031
Greenland,GRL,2011,2445978671
Greenland,GRL,2012,2480080343
Greenland,GRL,2013,2447881939
Greenland,GRL,2014,2563963821
Greenland,GRL,2015,2499113022
Greenland,GRL,2016,2616120347
Greenland,GRL,2017,2617499780
Greenland,GRL,2018,2633808516
Greenland,GRL,2019,2708402650
Greenland,GRL,2020,2715195047
Greenland,GRL,2021,2759563889
Greenland,GRL,2022,2814880887
Greenland,GRL,2023,2839256686
Grenada,GRD,1977,294935712
Grenada,GRD,1978,310689415
Grenada,GRD,1979,328094495
Grenada,GRD,1980,326339898
Grenada,GRD,1981,331346564
Grenada,GRD,1982,345012163
Grenada,GRD,1983,357544988
Grenada,GRD,1984,370303857
Grenada,GRD,1985,392446947
Grenada,GRD,1986,420680655
Grenada,GRD,1987,458951763
Grenada,GRD,1988,472567905
Grenada,GRD,1989,490372992
Grenada,GRD,1990,510049757
Grenada,GRD,1991,517116730
Grenada,GRD,1992,512715297
Grenada,GRD,1993,502672150
Grenada,GRD,1994,511185184
Grenada,GRD,1995,522070746
Grenada,GRD,1996,545241471
Grenada,GRD,1997,572588028
Grenada,GRD,1998,639887179
Grenada,GRD,1999,684028916
Grenada,GRD,2000,717463922
Grenada,GRD,2001,702943169
Grenada,GRD,2002,727105600
Grenada,GRD,2003,795918681
Grenada,GRD,2004,790765503
Grenada,GRD,2005,895749020
Grenada,GRD,2006,859960907
Grenada,GRD,2007,912620191
Grenada,GRD,2008,921267656
Grenada,GRD,2009,860341634
Grenada,GRD,2010,855944031
Grenada,GRD,2011,862490064
Grenada,GRD,2012,852529700
Grenada,GRD,2013,872573509
Grenada,GRD,2014,936638937
Grenada,GRD,2015,997007407
Grenada,GRD,2016,1034291535
Grenada,GRD,2017,1080200382
Grenada,GRD,2018,1127312678
Grenada,GRD,2019,1134939081
Grenada,GRD,2020,978809798
Grenada,GRD,2021,1024791581
Grenada,GRD,2022,1099706286
Grenada,GRD,2023,1149485315
Grenada,GRD,2024,1195043156
Guam,GUM,2002,4800664422
Guam,GUM,2003,4842877343
Guam,GUM,2004,5157363603
Guam,GUM,2005,5345211101
Guam,GUM,2006,5149976342
Guam,GUM,2007,5186912647
Guam,GUM,2008,5292444949
Guam,GUM,2009,5315662056
Guam,GUM,2010,5435968880
Guam,GUM,2011,5440190172
Guam,GUM,2012,5556275705
Guam,GUM,2013,5650199454
Guam,GUM,2014,5751510464
Guam,GUM,2015,5799000000
Guam,GUM,2016,5809553230
Guam,GUM,2017,5861264058
Guam,GUM,2018,5812719199
Guam,GUM,2019,5959409099
Guam,GUM,2020,5332547224
Guam,GUM,2021,5442300818
Guam,GUM,2022,5719850773
Guatemala,GTM,1960,7658204179
Guatemala,GTM,1961,7987393491
Guatemala,GTM,1962,8269867762
Guatemala,GTM,1963,9058899478
Guatemala,GTM,1964,9478597606
Guatemala,GTM,1965,9892032168
Guatemala,GTM,1966,10437291267
Guatemala,GTM,1967,10866491014
Guatemala,GTM,1968,11819051425
Guatemala,GTM,1969,12378909138
Guatemala,GTM,1970,13085482862
Guatemala,GTM,1971,13816144107
Guatemala,GTM,1972,14829289086
Guatemala,GTM,1973,15835135198
Guatemala,GTM,1974,16844629802
Guatemala,GTM,1975,17173098537
Guatemala,GTM,1976,18441720942
Guatemala,GTM,1977,19881875629
Guatemala,GTM,1978,20875311284
Guatemala,GTM,1979,21859259916
Guatemala,GTM,1980,22681163315
Guatemala,GTM,1981,22827878373
Guatemala,GTM,1982,22022033947
Guatemala,GTM,1983,21455607096
Guatemala,GTM,1984,21562176614
Guatemala,GTM,1985,21430789872
Guatemala,GTM,1986,21461446531
Guatemala,GTM,1987,22222036613
Guatemala,GTM,1988,23087004291
Guatemala,GTM,1989,23997230103
Guatemala,GTM,1990,24741759327
Guatemala,GTM,1991,25646874429
Guatemala,GTM,1992,26887757117
Guatemala,GTM,1993,27943674816
Guatemala,GTM,1994,29070850423
Guatemala,GTM,1995,30509435266
Guatemala,GTM,1996,31411837206
Guatemala,GTM,1997,32782678035
Guatemala,GTM,1998,34419690178
Guatemala,GTM,1999,35743837064
Guatemala,GTM,2000,37033785218
Guatemala,GTM,2001,37897625984
Guatemala,GTM,2002,39352624644
Guatemala,GTM,2003,40360200458
Guatemala,GTM,2004,41626669983
Guatemala,GTM,2005,42990370900
Guatemala,GTM,2006,45290956657
Guatemala,GTM,2007,48161370082
Guatemala,GTM,2008,49747576364
Guatemala,GTM,2009,49984821614
Guatemala,GTM,2010,51426471557
Guatemala,GTM,2011,53567821946
Guatemala,GTM,2012,55161308535
Guatemala,GTM,2013,57199419016
Guatemala,GTM,2014,59741348518
Guatemala,GTM,2015,62186066547
Guatemala,GTM,2016,63851286764
Guatemala,GTM,2017,65817811430
Guatemala,GTM,2018,68060140995
Guatemala,GTM,2019,70794727937
Guatemala,GTM,2020,69530651433
Guatemala,GTM,2021,75122100458
Guatemala,GTM,2022,78265598404
Guatemala,GTM,2023,81030845277
Guatemala,GTM,2024,83989981406
Guinea,GIN,1970,1942094537
Guinea,GIN,1971,2046303803
Guinea,GIN,1972,2093679410
Guinea,GIN,1973,2126493371
Guinea,GIN,1974,2238138977
Guinea,GIN,1975,2302528457
Guinea,GIN,1976,2484966268
Guinea,GIN,1977,2401643613
Guinea,GIN,1978,2564865665
Guinea,GIN,1979,2533885659
Guinea,GIN,1980,2599801856
Guinea,GIN,1981,2615653814
Guinea,GIN,1982,2662735707
Guinea,GIN,1983,2697351586
Guinea,GIN,1984,2735114764
Guinea,GIN,1985,2871868603
Guinea,GIN,1986,2961299741
Guinea,GIN,1987,3059020822
Guinea,GIN,1988,3251987425
Guinea,GIN,1989,3382179961
Guinea,GIN,1990,3528427545
Guinea,GIN,1991,3620640283
Guinea,GIN,1992,3739069518
Guinea,GIN,1993,3927673589
Guinea,GIN,1994,4083606123
Guinea,GIN,1995,4271765348
Guinea,GIN,1996,4462353367
Guinea,GIN,1997,4693574823
Guinea,GIN,1998,4864614381
Guinea,GIN,1999,5050053677
Guinea,GIN,2000,5176459579
Guinea,GIN,2001,5365832405
Guinea,GIN,2002,5642956694
Guinea,GIN,2003,5713414722
Guinea,GIN,2004,5847115329
Guinea,GIN,2005,6022369313
Guinea,GIN,2006,6094011545
Guinea,GIN,2007,6509469022
Guinea,GIN,2008,6778506429
Guinea,GIN,2009,6702408065
Guinea,GIN,2010,7025019105
Guinea,GIN,2011,7419271030
Guinea,GIN,2012,7858142150
Guinea,GIN,2013,8168199850
Guinea,GIN,2014,8470141696
Guinea,GIN,2015,8794201742
Guinea,GIN,2016,9745789528
Guinea,GIN,2017,10749606370
Guinea,GIN,2018,11433119223
Guinea,GIN,2019,12075307751
Guinea,GIN,2020,12643401588
Guinea,GIN,2021,13349198344
Guinea,GIN,2022,13879482945
Guinea,GIN,2023,14648645956
Guinea,GIN,2024,15432355339
Guinea-Bissau,GNB,1970,309755918
Guinea-Bissau,GNB,1971,297641465
Guinea-Bissau,GNB,1972,316615694
Guinea-Bissau,GNB,1973,320129789
Guinea-Bissau,GNB,1974,334725278
Guinea-Bissau,GNB,1975,360986432
Guinea-Bissau,GNB,1976,378831635
Guinea-Bissau,GNB,1977,351669142
Guinea-Bissau,GNB,1978,397829386
Guinea-Bissau,GNB,1979,405762678
Guinea-Bissau,GNB,1980,341032772
Guinea-Bissau,GNB,1981,402989997
Guinea-Bissau,GNB,1982,419915908
Guinea-Bissau,GNB,1983,405645958
Guinea-Bissau,GNB,1984,442597153
Guinea-Bissau,GNB,1985,461037932
Guinea-Bissau,GNB,1986,457377994
Guinea-Bissau,GNB,1987,470641955
Guinea-Bissau,GNB,1988,492291485
Guinea-Bissau,GNB,1989,522321266
Guinea-Bissau,GNB,1990,554182863
Guinea-Bissau,GNB,1991,582446190
Guinea-Bissau,GNB,1992,588853097
Guinea-Bissau,GNB,1993,601219012
Guinea-Bissau,GNB,1994,620458021
Guinea-Bissau,GNB,1995,647758174
Guinea-Bissau,GNB,1996,722898122
Guinea-Bissau,GNB,1997,769886500
Guinea-Bissau,GNB,1998,597079877
Guinea-Bissau,GNB,1999,697478986
Guinea-Bissau,GNB,2000,705153195
Guinea-Bissau,GNB,2001,738901627
Guinea-Bissau,GNB,2002,765900620
Guinea-Bissau,GNB,2003,763710672
Guinea-Bissau,GNB,2004,772660533
Guinea-Bissau,GNB,2005,823345295
Guinea-Bissau,GNB,2006,845299838
Guinea-Bissau,GNB,2007,866938047
Guinea-Bissau,GNB,2008,906163311
Guinea-Bissau,GNB,2009,928345745
Guinea-Bissau,GNB,2010,980382895
Guinea-Bissau,GNB,2011,1059647261
Guinea-Bissau,GNB,2012,1041496885
Guinea-Bissau,GNB,2013,1075408772
Guinea-Bissau,GNB,2014,1085781367
Guinea-Bissau,GNB,2015,1152384166
Guinea-Bissau,GNB,2016,1214989490
Guinea-Bissau,GNB,2017,1271652706
Guinea-Bissau,GNB,2018,1319485332
Guinea-Bissau,GNB,2019,1389780856
Guinea-Bissau,GNB,2020,1429964954
Guinea-Bissau,GNB,2021,1502186168
Guinea-Bissau,GNB,2022,1585255149
Guinea-Bissau,GNB,2023,1677635814
Guinea-Bissau,GNB,2024,1747195818
Guyana,GUY,1960,1555849243
Guyana,GUY,1961,1628811172
Guyana,GUY,1962,1646808327
Guyana,GUY,1963,1444602377
Guyana,GUY,1964,1608713286
Guyana,GUY,1965,1778288055
Guyana,GUY,1966,1871350740
Guyana,GUY,1967,1952073734
Guyana,GUY,1968,1972079123
Guyana,GUY,1969,2110013962
Guyana,GUY,1970,2199804697
Guyana,GUY,1971,2268281336
Guyana,GUY,1972,2193027225
Guyana,GUY,1973,2220324260
Guyana,GUY,1974,2391352284
Guyana,GUY,1975,2594211213
Guyana,GUY,1976,2634081989
Guyana,GUY,1977,2564577004
Guyana,GUY,1978,2518255902
Guyana,GUY,1979,2472028372
Guyana,GUY,1980,2514890618
Guyana,GUY,1981,2552517555
Guyana,GUY,1982,2215837056
Guyana,GUY,1983,2065328835
Guyana,GUY,1984,1961468862
Guyana,GUY,1985,2008537592
Guyana,GUY,1986,1990448657
Guyana,GUY,1987,2008350685
Guyana,GUY,1988,1934171587
Guyana,GUY,1989,1839074818
Guyana,GUY,1990,1782661480
Guyana,GUY,1991,1890652727
Guyana,GUY,1992,2037327406
Guyana,GUY,1993,2203881070
Guyana,GUY,1994,2391925529
Guyana,GUY,1995,2512273984
Guyana,GUY,1996,2712138382
Guyana,GUY,1997,2879766586
Guyana,GUY,1998,2831412296
Guyana,GUY,1999,2915226398
Guyana,GUY,2000,2875468427
Guyana,GUY,2001,2941015352
Guyana,GUY,2002,2974326085
Guyana,GUY,2003,2955521640
Guyana,GUY,2004,3001726850
Guyana,GUY,2005,2943164432
Guyana,GUY,2006,3094137270
Guyana,GUY,2007,3316643991
Guyana,GUY,2008,3374858506
Guyana,GUY,2009,3496741806
Guyana,GUY,2010,3641452424
Guyana,GUY,2011,3830671453
Guyana,GUY,2012,4032790343
Guyana,GUY,2013,4180123674
Guyana,GUY,2014,4250621228
Guyana,GUY,2015,4279840193
Guyana,GUY,2016,4442793237
Guyana,GUY,2017,4608708975
Guyana,GUY,2018,4813377725
Guyana,GUY,2019,5071030135
Guyana,GUY,2020,7275896377
Guyana,GUY,2021,8735441012
Guyana,GUY,2022,14268000638
Guyana,GUY,2023,19089873040
Guyana,GUY,2024,27454923839
Haiti,HTI,1960,6694501128
Haiti,HTI,1961,6498219674
Haiti,HTI,1962,7010771683
Haiti,HTI,1963,6878072319
Haiti,HTI,1964,6764765888
Haiti,HTI,1965,6911006452
Haiti,HTI,1966,6871213789
Haiti,HTI,1967,6725703043
Haiti,HTI,1968,6939689176
Haiti,HTI,1969,7204226191
Haiti,HTI,1970,7251136777
Haiti,HTI,1971,7721038031
Haiti,HTI,1972,7796480893
Haiti,HTI,1973,8167228671
Haiti,HTI,1974,8639285435
Haiti,HTI,1975,8736283400
Haiti,HTI,1976,9473523979
Haiti,HTI,1977,9824816121
Haiti,HTI,1978,10434825547
Haiti,HTI,1979,11223742331
Haiti,HTI,1980,12051458300
Haiti,HTI,1981,11707665179
Haiti,HTI,1982,11290433820
Haiti,HTI,1983,11392971447
Haiti,HTI,1984,11427254839
Haiti,HTI,1985,11496233326
Haiti,HTI,1986,11439039014
Haiti,HTI,1987,11348253230
Haiti,HTI,1988,11370998175
Haiti,HTI,1989,11039712740
Haiti,HTI,1990,11154318515
Haiti,HTI,1991,11364080463
Haiti,HTI,1992,10760655413
Haiti,HTI,1993,10176750400
Haiti,HTI,1994,8960564685
Haiti,HTI,1995,9847455167
Haiti,HTI,1996,10255215964
Haiti,HTI,1997,10532590219
Haiti,HTI,1998,10762394520
Haiti,HTI,1999,11054082104
Haiti,HTI,2000,11150259169
Haiti,HTI,2001,11112041891
Haiti,HTI,2002,11228920585
Haiti,HTI,2003,11619774577
Haiti,HTI,2004,11466642593
Haiti,HTI,2005,11818917734
Haiti,HTI,2006,12027964912
Haiti,HTI,2007,12594064682
Haiti,HTI,2008,12928818990
Haiti,HTI,2009,13690375422
Haiti,HTI,2010,12916662276
Haiti,HTI,2011,13575181302
Haiti,HTI,2012,13643386325
Haiti,HTI,2013,14233433330
Haiti,HTI,2014,14644604839
Haiti,HTI,2015,14849629308
Haiti,HTI,2016,15118774099
Haiti,HTI,2017,15498296353
Haiti,HTI,2018,15756778637
Haiti,HTI,2019,15485274058
Haiti,HTI,2020,14973407477
Haiti,HTI,2021,14704149691
Haiti,HTI,2022,14456828250
Haiti,HTI,2023,14187369712
Haiti,HTI,2024,13595808327
High-income countries,OWID_HIC,1960,9342042393454
High-income countries,OWID_HIC,1961,9759790094817
High-income countries,OWID_HIC,1962,10306651804588
High-income countries,OWID_HIC,1963,10826761650698
High-income countries,OWID_HIC,1964,11516601791851
High-income countries,OWID_HIC,1965,12151851119237
High-income countries,OWID_HIC,1966,12821446717266
High-income countries,OWID_HIC,1967,13310834983699
High-income countries,OWID_HIC,1968,14097097208663
High-income countries,OWID_HIC,1969,14889525505158
High-income countries,OWID_HIC,1970,15343966022945
High-income countries,OWID_HIC,1971,15929555887093
High-income countries,OWID_HIC,1972,16798079014014
High-income countries,OWID_HIC,1973,17865420842127
High-income countries,OWID_HIC,1974,18082687711578
High-income countries,OWID_HIC,1975,18068436026222
High-income countries,OWID_HIC,1976,18964619456349
High-income countries,OWID_HIC,1977,19701682379028
High-income countries,OWID_HIC,1978,20531359752570
High-income countries,OWID_HIC,1979,21360647504216
High-income countries,OWID_HIC,1980,21636242926165
High-income countries,OWID_HIC,1981,22049742656279
High-income countries,OWID_HIC,1982,22010136430023
High-income countries,OWID_HIC,1983,22630247631528
High-income countries,OWID_HIC,1984,23695580624153
High-income countries,OWID_HIC,1985,24527019846410
High-income countries,OWID_HIC,1986,25309957390146
High-income countries,OWID_HIC,1987,26196021757553
High-income countries,OWID_HIC,1988,27405199466196
High-income countries,OWID_HIC,1989,28465391142266
High-income countries,OWID_HIC,1990,29217840827808
High-income countries,OWID_HIC,1991,29465203733474
High-income countries,OWID_HIC,1992,29928643395427
High-income countries,OWID_HIC,1993,30273351211353
High-income countries,OWID_HIC,1994,31174475329408
High-income countries,OWID_HIC,1995,32045848397118
High-income countries,OWID_HIC,1996,32980608977904
High-income countries,OWID_HIC,1997,34137325348401
High-income countries,OWID_HIC,1998,35061555124552
High-income countries,OWID_HIC,1999,36315356236936
High-income countries,OWID_HIC,2000,37869377916277
High-income countries,OWID_HIC,2001,38470254397250
High-income countries,OWID_HIC,2002,39100740462981
High-income countries,OWID_HIC,2003,39998632625769
High-income countries,OWID_HIC,2004,41404604911602
High-income countries,OWID_HIC,2005,42647529103990
High-income countries,OWID_HIC,2006,44029777090961
High-income countries,OWID_HIC,2007,45301626116961
High-income countries,OWID_HIC,2008,45613841648602
High-income countries,OWID_HIC,2009,44086964954450
High-income countries,OWID_HIC,2010,45430149732850
High-income countries,OWID_HIC,2011,46354893456607
High-income countries,OWID_HIC,2012,47042361523237
High-income countries,OWID_HIC,2013,47801625827230
High-income countries,OWID_HIC,2014,48832801009817
High-income countries,OWID_HIC,2015,49977567874625
High-income countries,OWID_HIC,2016,50900199458472
High-income countries,OWID_HIC,2017,52171217990931
High-income countries,OWID_HIC,2018,53414259824681
High-income countries,OWID_HIC,2019,54426233106889
High-income countries,OWID_HIC,2020,52308536451537
High-income countries,OWID_HIC,2021,55370472567228
High-income countries,OWID_HIC,2022,57056681475138
High-income countries,OWID_HIC,2023,58099299703020
High-income countries,OWID_HIC,2024,59232240658596
Honduras,HND,1960,428527494
Honduras,HND,1961,435656326
Honduras,HND,1962,445176447
Honduras,HND,1963,450822527
Honduras,HND,1964,457797455
Honduras,HND,1965,469623900
Honduras,HND,1966,464367268
Honduras,HND,1967,481847770
Honduras,HND,1968,476170857
Honduras,HND,1969,480367673
Honduras,HND,1970,504106900
Honduras,HND,1971,527572760
Honduras,HND,1972,548176464
Honduras,HND,1973,572522562
Honduras,HND,1974,626403669
Honduras,HND,1975,659728478
Honduras,HND,1976,765945167
Honduras,HND,1977,832415796
Honduras,HND,1978,940116353
Honduras,HND,1979,1048514226
Honduras,HND,1980,1185305219
Honduras,HND,1981,1271291180
Honduras,HND,1982,1327117465
Honduras,HND,1983,1419960839
Honduras,HND,1984,1453450087
Honduras,HND,1985,1521300422
Honduras,HND,1986,1605514179
Honduras,HND,1987,1633451639
Honduras,HND,1988,1757176144
Honduras,HND,1989,1882432395
Honduras,HND,1990,2280969074
Honduras,HND,1991,2875090818
Honduras,HND,1992,3134862036
Honduras,HND,1993,3562368636
Honduras,HND,1994,4596133118
Honduras,HND,1995,5730204280
Honduras,HND,1996,7045709676
Honduras,HND,1997,8625903498
Honduras,HND,1998,9624452405
Honduras,HND,1999,10738565555
Honduras,HND,2000,11770779974
Honduras,HND,2001,12091321063
Honduras,HND,2002,12545270107
Honduras,HND,2003,13115708313
Honduras,HND,2004,13933118990
Honduras,HND,2005,14776156180
Honduras,HND,2006,15746542343
Honduras,HND,2007,16720989901
Honduras,HND,2008,17428555328
Honduras,HND,2009,17004757718
Honduras,HND,2010,17639229093
Honduras,HND,2011,18315815357
Honduras,HND,2012,19072018181
Honduras,HND,2013,19604424966
Honduras,HND,2014,20203944075
Honduras,HND,2015,20979791685
Honduras,HND,2016,21796529142
Honduras,HND,2017,22852116284
Honduras,HND,2018,23730778960
Honduras,HND,2019,24338200129
Honduras,HND,2020,22156260473
Honduras,HND,2021,24940257609
Honduras,HND,2022,25973672631
Honduras,HND,2023,26902451582
Honduras,HND,2024,27858556649
Hong Kong,HKG,1961,12533111886
Hong Kong,HKG,1962,14324279358
Hong Kong,HKG,1963,16582325270
Hong Kong,HKG,1964,18012993061
Hong Kong,HKG,1965,20650460211
Hong Kong,HKG,1966,21021080725
Hong Kong,HKG,1967,21358148477
Hong Kong,HKG,1968,22083768219
Hong Kong,HKG,1969,24588784464
Hong Kong,HKG,1970,26852550847
Hong Kong,HKG,1971,28810932086
Hong Kong,HKG,1972,31868303808
Hong Kong,HKG,1973,35781656005
Hong Kong,HKG,1974,36645887160
Hong Kong,HKG,1975,36826192005
Hong Kong,HKG,1976,42778892108
Hong Kong,HKG,1977,47794975096
Hong Kong,HKG,1978,51743200165
Hong Kong,HKG,1979,57722962496
Hong Kong,HKG,1980,63557732889
Hong Kong,HKG,1981,69443657494
Hong Kong,HKG,1982,71492136151
Hong Kong,HKG,1983,75765217966
Hong Kong,HKG,1984,83321850125
Hong Kong,HKG,1985,83952642060
Hong Kong,HKG,1986,93234546266
Hong Kong,HKG,1987,105726514765
Hong Kong,HKG,1988,114725475675
Hong Kong,HKG,1989,117337860760
Hong Kong,HKG,1990,121832500817
Hong Kong,HKG,1991,128779352771
Hong Kong,HKG,1992,136808693850
Hong Kong,HKG,1993,145292372335
Hong Kong,HKG,1994,154062294388
Hong Kong,HKG,1995,157719435491
Hong Kong,HKG,1996,164435818470
Hong Kong,HKG,1997,172821698903
Hong Kong,HKG,1998,162655211867
Hong Kong,HKG,1999,166732587569
Hong Kong,HKG,2000,179510029573
Hong Kong,HKG,2001,180516832466
Hong Kong,HKG,2002,183507428690
Hong Kong,HKG,2003,189116020461
Hong Kong,HKG,2004,205569305107
Hong Kong,HKG,2005,220757155566
Hong Kong,HKG,2006,236282293795
Hong Kong,HKG,2007,251557491446
Hong Kong,HKG,2008,256910422168
Hong Kong,HKG,2009,250592602004
Hong Kong,HKG,2010,267551928313
Hong Kong,HKG,2011,280433768912
Hong Kong,HKG,2012,285202001494
Hong Kong,HKG,2013,294047609778
Hong Kong,HKG,2014,302170458556
Hong Kong,HKG,2015,309385622601
Hong Kong,HKG,2016,316116086739
Hong Kong,HKG,2017,328116204743
Hong Kong,HKG,2018,337457513840
Hong Kong,HKG,2019,331813719170
Hong Kong,HKG,2020,310097161184
Hong Kong,HKG,2021,330112209080
Hong Kong,HKG,2022,317951587861
Hong Kong,HKG,2023,328201901799
Hong Kong,HKG,2024,336423318692
Hungary,HUN,1960,20802988700
Hungary,HUN,1961,21780729168
Hungary,HUN,1962,23109353648
Hungary,HUN,1963,24426586806
Hungary,HUN,1964,25574636386
Hungary,HUN,1965,36420945624
Hungary,HUN,1966,39116095601
Hungary,HUN,1967,42049802771
Hungary,HUN,1968,44110243106
Hungary,HUN,1969,47153849881
Hungary,HUN,1970,49370080825
Hungary,HUN,1971,52431025836
Hungary,HUN,1972,55629318412
Hungary,HUN,1973,59467741383
Hungary,HUN,1974,62976338125
Hungary,HUN,1975,66880871088
Hungary,HUN,1976,69288582448
Hungary,HUN,1977,74554514714
Hungary,HUN,1978,77834913361
Hungary,HUN,1979,79936456022
Hungary,HUN,1980,80096328934
Hungary,HUN,1981,82392486406
Hungary,HUN,1982,84733329898
Hungary,HUN,1983,85345922955
Hungary,HUN,1984,87614458282
Hungary,HUN,1985,87392734576
Hungary,HUN,1986,88734168329
Hungary,HUN,1987,92328993221
Hungary,HUN,1988,92268736418
Hungary,HUN,1989,92948226295
Hungary,HUN,1990,89698143067
Hungary,HUN,1991,79031203241
Hungary,HUN,1992,76609544644
Hungary,HUN,1993,76168190532
Hungary,HUN,1994,78412984829
Hungary,HUN,1995,79580966214
Hungary,HUN,1996,79661529391
Hungary,HUN,1997,82033753398
Hungary,HUN,1998,85190500943
Hungary,HUN,1999,87819529312
Hungary,HUN,2000,91691821698
Hungary,HUN,2001,95416367494
Hungary,HUN,2002,99929623991
Hungary,HUN,2003,103865629649
Hungary,HUN,2004,109020611056
Hungary,HUN,2005,113708806061
Hungary,HUN,2006,118182032745
Hungary,HUN,2007,118574815857
Hungary,HUN,2008,119752782052
Hungary,HUN,2009,111681245651
Hungary,HUN,2010,112873946275
Hungary,HUN,2011,115037411549
Hungary,HUN,2012,113496503293
Hungary,HUN,2013,115802945078
Hungary,HUN,2014,120822254244
Hungary,HUN,2015,125244126623
Hungary,HUN,2016,128298381762
Hungary,HUN,2017,133589642960
Hungary,HUN,2018,141078862882
Hungary,HUN,2019,148241697677
Hungary,HUN,2020,141809897486
Hungary,HUN,2021,152052706989
Hungary,HUN,2022,158366514062
Hungary,HUN,2023,157072489603
Hungary,HUN,2024,157952280644
Iceland,ISL,1960,2496863279
Iceland,ISL,1961,2495011007
Iceland,ISL,1962,2702465523
Iceland,ISL,1963,2980306392
Iceland,ISL,1964,3274817714
Iceland,ISL,1965,3513760862
Iceland,ISL,1966,3821238090
Iceland,ISL,1967,3773079006
Iceland,ISL,1968,3565624491
Iceland,ISL,1969,3650829024
Iceland,ISL,1970,3923113076
Iceland,ISL,1971,4435504503
Iceland,ISL,1972,4709500455
Iceland,ISL,1973,5030029513
Iceland,ISL,1974,5317057690
Iceland,ISL,1975,5351414126
Iceland,ISL,1976,5670324564
Iceland,ISL,1977,6170576319
Iceland,ISL,1978,6541842281
Iceland,ISL,1979,6859813918
Iceland,ISL,1980,7254110584
Iceland,ISL,1981,7563498911
Iceland,ISL,1982,7726459506
Iceland,ISL,1983,7560250866
Iceland,ISL,1984,7872422564
Iceland,ISL,1985,8131648956
Iceland,ISL,1986,8641547413
Iceland,ISL,1987,9380048847
Iceland,ISL,1988,9371632506
Iceland,ISL,1989,9395852535
Iceland,ISL,1990,9505724850
Iceland,ISL,1991,9484477131
Iceland,ISL,1992,9164480910
Iceland,ISL,1993,9284851739
Iceland,ISL,1994,9619928847
Iceland,ISL,1995,9631144112
Iceland,ISL,1996,10064319595
Iceland,ISL,1997,10481070032
Iceland,ISL,1998,11215843688
Iceland,ISL,1999,11653035887
Iceland,ISL,2000,12224638522
Iceland,ISL,2001,12694179473
Iceland,ISL,2002,12763018324
Iceland,ISL,2003,13054189959
Iceland,ISL,2004,14049259322
Iceland,ISL,2005,15036829612
Iceland,ISL,2006,15889660318
Iceland,ISL,2007,17278627869
Iceland,ISL,2008,17572297288
Iceland,ISL,2009,16110024870
Iceland,ISL,2010,15752089361
Iceland,ISL,2011,15969467673
Iceland,ISL,2012,16156200535
Iceland,ISL,2013,16737332122
Iceland,ISL,2014,17057653878
Iceland,ISL,2015,17700486957
Iceland,ISL,2016,18801118749
Iceland,ISL,2017,19456350341
Iceland,ISL,2018,20363166145
Iceland,ISL,2019,20594942207
Iceland,ISL,2020,19226227440
Iceland,ISL,2021,20222255991
Iceland,ISL,2022,22005999303
Iceland,ISL,2023,23147265109
Iceland,ISL,2024,22922580053
India,IND,1960,136368119594
India,IND,1961,141444753584
India,IND,1962,145590679986
India,IND,1963,154317899661
India,IND,1964,165819135753
India,IND,1965,161448524536
India,IND,1966,161359197052
India,IND,1967,173987108161
India,IND,1968,179881668161
India,IND,1969,191645390152
India,IND,1970,201528983203
India,IND,1971,204839964083
India,IND,1972,203706581888
India,IND,1973,210419775347
India,IND,1974,212913957231
India,IND,1975,232395396987
India,IND,1976,236260373289
India,IND,1977,253400507185
India,IND,1978,267876092471
India,IND,1979,253844253326
India,IND,1980,270942749191
India,IND,1981,287216122417
India,IND,1982,297198988654
India,IND,1983,318861504646
India,IND,1984,331044366862
India,IND,1985,348438428459
India,IND,1986,365081813582
India,IND,1987,379558605848
India,IND,1988,416101684459
India,IND,1989,440848680243
India,IND,1990,465242841648
India,IND,1991,470159674247
India,IND,1992,495935689518
India,IND,1993,519496484311
India,IND,1994,554089360749
India,IND,1995,596058814154
India,IND,1996,641058406947
India,IND,1997,667020123972
India,IND,1998,708271422053
India,IND,1999,770923380745
India,IND,2000,800534479623
India,IND,2001,839151992864
India,IND,2002,871073127580
India,IND,2003,939542798342
India,IND,2004,1013982178697
India,IND,2005,1094324353140
India,IND,2006,1182534912713
India,IND,2007,1273126725479
India,IND,2008,1312424303406
India,IND,2009,1415605643155
India,IND,2010,1535897931732
India,IND,2011,1616399198833
India,IND,2012,1704596203504
India,IND,2013,1813453530766
India,IND,2014,1947834564908
India,IND,2015,2103588360044
India,IND,2016,2277267041550
India,IND,2017,2432016068497
India,IND,2018,2588974770244
India,IND,2019,2689205295885
India,IND,2020,2533830417086
India,IND,2021,2779348258938
India,IND,2022,2990839011962
India,IND,2023,3265719695911
India,IND,2024,3477820532826
Indonesia,IDN,1960,52777607844
Indonesia,IDN,1961,55807383384
Indonesia,IDN,1962,56835342943
Indonesia,IDN,1963,55563919278
Indonesia,IDN,1964,57525157909
Indonesia,IDN,1965,58147343958
Indonesia,IDN,1966,59770437997
Indonesia,IDN,1967,60595510800
Indonesia,IDN,1968,67209619010
Indonesia,IDN,1969,71794859672
Indonesia,IDN,1970,77218698920
Indonesia,IDN,1971,82642538168
Indonesia,IDN,1972,88458625142
Indonesia,IDN,1973,95627290482
Indonesia,IDN,1974,102928121319
Indonesia,IDN,1975,108051163593
Indonesia,IDN,1976,115492177179
Indonesia,IDN,1977,125610822865
Indonesia,IDN,1978,134110994997
Indonesia,IDN,1979,143933699325
Indonesia,IDN,1980,158154460398
Indonesia,IDN,1981,170691612499
Indonesia,IDN,1982,174526106274
Indonesia,IDN,1983,181843928959
Indonesia,IDN,1984,194528502792
Indonesia,IDN,1985,199318073804
Indonesia,IDN,1986,211028100540
Indonesia,IDN,1987,221423191492
Indonesia,IDN,1988,234222555729
Indonesia,IDN,1989,251687564195
Indonesia,IDN,1990,269915108912
Indonesia,IDN,1991,288571594912
Indonesia,IDN,1992,307321553097
Indonesia,IDN,1993,327286415428
Indonesia,IDN,1994,351963716551
Indonesia,IDN,1995,380895160093
Indonesia,IDN,1996,410674256276
Indonesia,IDN,1997,429975448805
Indonesia,IDN,1998,373533751956
Indonesia,IDN,1999,376488874892
Indonesia,IDN,2000,395012382597
Indonesia,IDN,2001,409404526219
Indonesia,IDN,2002,427825582126
Indonesia,IDN,2003,448277224148
Indonesia,IDN,2004,470829486219
Indonesia,IDN,2005,497631790442
Indonesia,IDN,2006,525006275302
Indonesia,IDN,2007,558318040161
Indonesia,IDN,2008,591893632243
Indonesia,IDN,2009,619291626017
Indonesia,IDN,2010,657835433773
Indonesia,IDN,2011,698422460479
Indonesia,IDN,2012,740537688618
Indonesia,IDN,2013,781691320690
Indonesia,IDN,2014,820828013230
Indonesia,IDN,2015,860854232686
Indonesia,IDN,2016,904181621780
Indonesia,IDN,2017,950021694164
Indonesia,IDN,2018,999178586309
Indonesia,IDN,2019,1049330233997
Indonesia,IDN,2020,1027656193885
Indonesia,IDN,2021,1065709127396
Indonesia,IDN,2022,1122268412650
Indonesia,IDN,2023,1178932006499
Indonesia,IDN,2024,1238236350136
Iran,IRN,1960,50350548202
Iran,IRN,1961,55582432557
Iran,IRN,1962,59978596070
Iran,IRN,1963,64202333927
Iran,IRN,1964,69643628268
Iran,IRN,1965,81507915872
Iran,IRN,1966,90883288325
Iran,IRN,1967,101110205808
Iran,IRN,1968,115674304556
Iran,IRN,1969,133623091839
Iran,IRN,1970,148224891000
Iran,IRN,1971,168534047458
Iran,IRN,1972,192969825709
Iran,IRN,1973,207330025746
Iran,IRN,1974,219357345962
Iran,IRN,1975,218641766675
Iran,IRN,1976,258566705735
Iran,IRN,1977,251395157266
Iran,IRN,1978,219113865436
Iran,IRN,1979,192774712987
Iran,IRN,1980,151136050943
Iran,IRN,1981,142526151688
Iran,IRN,1982,175551236248
Iran,IRN,1983,195014104732
Iran,IRN,1984,181090389202
Iran,IRN,1985,184472523734
Iran,IRN,1986,166422061469
Iran,IRN,1987,166135636307
Iran,IRN,1988,156031272523
Iran,IRN,1989,165599290646
Iran,IRN,1990,188112392401
Iran,IRN,1991,212033043457
Iran,IRN,1992,219025854894
Iran,IRN,1993,215803959420
Iran,IRN,1994,212138990732
Iran,IRN,1995,217232542412
Iran,IRN,1996,231027951539
Iran,IRN,1997,234147751320
Iran,IRN,1998,239018052131
Iran,IRN,1999,243804857656
Iran,IRN,2000,258056537598
Iran,IRN,2001,264229695672
Iran,IRN,2002,285576361692
Iran,IRN,2003,310248155730
Iran,IRN,2004,323702581949
Iran,IRN,2005,334028060139
Iran,IRN,2006,350728779262
Iran,IRN,2007,379333424181
Iran,IRN,2008,380285006935
Iran,IRN,2009,384115942794
Iran,IRN,2010,406386748164
Iran,IRN,2011,417138595177
Iran,IRN,2012,401507697046
Iran,IRN,2013,395396833390
Iran,IRN,2014,415106476157
Iran,IRN,2015,409191686496
Iran,IRN,2016,445262288195
Iran,IRN,2017,458739730634
Iran,IRN,2018,441546348305
Iran,IRN,2019,431119516583
Iran,IRN,2020,450269020578
Iran,IRN,2021,468869169367
Iran,IRN,2022,489278157562
Iran,IRN,2023,515368187132
Iran,IRN,2024,534246745197
Iraq,IRQ,1960,7007485325
Iraq,IRQ,1961,7520837447
Iraq,IRQ,1962,7867047598
Iraq,IRQ,1963,8059609507
Iraq,IRQ,1964,9254568661
Iraq,IRQ,1965,10250719342
Iraq,IRQ,1966,10759449895
Iraq,IRQ,1967,9806505271
Iraq,IRQ,1968,11719960412
Iraq,IRQ,1969,12100177780
Iraq,IRQ,1970,12650053064
Iraq,IRQ,1971,13329936812
Iraq,IRQ,1972,13827850446
Iraq,IRQ,1973,14438869357
Iraq,IRQ,1974,16765457417
Iraq,IRQ,1975,18859574485
Iraq,IRQ,1976,22098725966
Iraq,IRQ,1977,22518592787
Iraq,IRQ,1978,26359581201
Iraq,IRQ,1979,31860629533
Iraq,IRQ,1980,39747322739
Iraq,IRQ,1981,39457673064
Iraq,IRQ,1982,40812640889
Iraq,IRQ,1983,35477076845
Iraq,IRQ,1984,34950156507
Iraq,IRQ,1985,35458295526
Iraq,IRQ,1986,37106251927
Iraq,IRQ,1987,40559093082
Iraq,IRQ,1988,40551371874
Iraq,IRQ,1989,39286763062
Iraq,IRQ,1990,62001516291
Iraq,IRQ,1991,22291338827
Iraq,IRQ,1992,29556579056
Iraq,IRQ,1993,38509216455
Iraq,IRQ,1994,39993566700
Iraq,IRQ,1995,40841438911
Iraq,IRQ,1996,45342486348
Iraq,IRQ,1997,54972294638
Iraq,IRQ,1998,74213129683
Iraq,IRQ,1999,87259924322
Iraq,IRQ,2000,101916218527
Iraq,IRQ,2001,103716679377
Iraq,IRQ,2002,95208069160
Iraq,IRQ,2003,60307856288
Iraq,IRQ,2004,92503535426
Iraq,IRQ,2005,94053181141
Iraq,IRQ,2006,99356180856
Iraq,IRQ,2007,101232561440
Iraq,IRQ,2008,109562085020
Iraq,IRQ,2009,113264515567
Iraq,IRQ,2010,120516349622
Iraq,IRQ,2011,129611081238
Iraq,IRQ,2012,147674239072
Iraq,IRQ,2013,158939252263
Iraq,IRQ,2014,162537141323
Iraq,IRQ,2015,166774104959
Iraq,IRQ,2016,189767872908
Iraq,IRQ,2017,186314571374
Iraq,IRQ,2018,191221819559
Iraq,IRQ,2019,201765390224
Iraq,IRQ,2020,177479307669
Iraq,IRQ,2021,180145367592
Iraq,IRQ,2022,194483223959
Iraq,IRQ,2023,195490074355
Iraq,IRQ,2024,192469260104
Ireland,IRL,1960,24110313424
Ireland,IRL,1961,25319727520
Ireland,IRL,1962,26134122484
Ireland,IRL,1963,27374091003
Ireland,IRL,1964,28410463563
Ireland,IRL,1965,28959765671
Ireland,IRL,1966,29218403167
Ireland,IRL,1967,30908893564
Ireland,IRL,1968,33457000744
Ireland,IRL,1969,35418870779
Ireland,IRL,1970,36361200213
Ireland,IRL,1971,37622893378
Ireland,IRL,1972,40064546829
Ireland,IRL,1973,41956165576
Ireland,IRL,1974,43743594855
Ireland,IRL,1975,46218015394
Ireland,IRL,1976,46862667362
Ireland,IRL,1977,50710701806
Ireland,IRL,1978,54355141813
Ireland,IRL,1979,56025495102
Ireland,IRL,1980,57750704523
Ireland,IRL,1981,59671040950
Ireland,IRL,1982,61033610334
Ireland,IRL,1983,60884504483
Ireland,IRL,1984,63535642711
Ireland,IRL,1985,65496107816
Ireland,IRL,1986,65215568204
Ireland,IRL,1987,68256629227
Ireland,IRL,1988,71817859762
Ireland,IRL,1989,75993292635
Ireland,IRL,1990,82427285855
Ireland,IRL,1991,84017835877
Ireland,IRL,1992,86826782446
Ireland,IRL,1993,89164687696
Ireland,IRL,1994,94296853730
Ireland,IRL,1995,103381809953
Ireland,IRL,1996,111010999492
Ireland,IRL,1997,123246371072
Ireland,IRL,1998,134050299130
Ireland,IRL,1999,148165642333
Ireland,IRL,2000,162098435201
Ireland,IRL,2001,170699088560
Ireland,IRL,2002,180769250950
Ireland,IRL,2003,186217344582
Ireland,IRL,2004,198858038461
Ireland,IRL,2005,210272056411
Ireland,IRL,2006,220760118842
Ireland,IRL,2007,232482742331
Ireland,IRL,2008,222058051543
Ireland,IRL,2009,210742455593
Ireland,IRL,2010,214289191596
Ireland,IRL,2011,217736818590
Ireland,IRL,2012,216854920423
Ireland,IRL,2013,221610413457
Ireland,IRL,2014,242410308909
Ireland,IRL,2015,302101388556
Ireland,IRL,2016,305795232417
Ireland,IRL,2017,336707637029
Ireland,IRL,2018,362595940328
Ireland,IRL,2019,380627401462
Ireland,IRL,2020,407856325068
Ireland,IRL,2021,474166373639
Ireland,IRL,2022,509781668505
Ireland,IRL,2023,496851698334
Ireland,IRL,2024,509767195342
Isle of Man,IMN,1984,1181084096
Isle of Man,IMN,1985,1186031930
Isle of Man,IMN,1986,1412629715
Isle of Man,IMN,1987,1552428450
Isle of Man,IMN,1988,1736070746
Isle of Man,IMN,1989,1854908489
Isle of Man,IMN,1990,1932573079
Isle of Man,IMN,1991,1963590738
Isle of Man,IMN,1992,1979299513
Isle of Man,IMN,1993,2030761215
Isle of Man,IMN,1994,2111991688
Isle of Man,IMN,1995,2202807293
Isle of Man,IMN,1996,2372423591
Isle of Man,IMN,1997,2576451886
Isle of Man,IMN,1998,2924273044
Isle of Man,IMN,1999,3324898364
Isle of Man,IMN,2000,3501118028
Isle of Man,IMN,2001,3690178368
Isle of Man,IMN,2002,3918969360
Isle of Man,IMN,2003,4154107509
Isle of Man,IMN,2004,4370121229
Isle of Man,IMN,2005,4627958352
Isle of Man,IMN,2006,4984311086
Isle of Man,IMN,2007,5358134429
Isle of Man,IMN,2008,5620683069
Isle of Man,IMN,2009,5738717429
Isle of Man,IMN,2010,5933833731
Isle of Man,IMN,2011,6052510369
Isle of Man,IMN,2012,6494579135
Isle of Man,IMN,2013,6763575613
Isle of Man,IMN,2014,7112244689
Isle of Man,IMN,2015,7084800892
Isle of Man,IMN,2016,7577357706
Isle of Man,IMN,2017,7792384786
Isle of Man,IMN,2018,7964861239
Isle of Man,IMN,2019,7985161906
Isle of Man,IMN,2020,7279527763
Isle of Man,IMN,2021,7558904124
Isle of Man,IMN,2022,7244046026
Israel,ISR,1960,18583908318
Israel,ISR,1961,20666029079
Israel,ISR,1962,22764895216
Israel,ISR,1963,25199765384
Israel,ISR,1964,27199917741
Israel,ISR,1965,29647352059
Israel,ISR,1966,29623738826
Israel,ISR,1967,30510977643
Israel,ISR,1968,35466555950
Israel,ISR,1969,40277843295
Israel,ISR,1970,43221080449
Israel,ISR,1971,47954251678
Israel,ISR,1972,53779040920
Israel,ISR,1973,56783925431
Israel,ISR,1974,60461344100
Israel,ISR,1975,62421996170
Israel,ISR,1976,62623309265
Israel,ISR,1977,63271647907
Israel,ISR,1978,66786442968
Israel,ISR,1979,70932422328
Israel,ISR,1980,72117307130
Israel,ISR,1981,75968318465
Israel,ISR,1982,77550358895
Israel,ISR,1983,80155353982
Israel,ISR,1984,80903374864
Israel,ISR,1985,84169395855
Israel,ISR,1986,87696215124
Israel,ISR,1987,93957471741
Israel,ISR,1988,96691649504
Israel,ISR,1989,97247381690
Israel,ISR,1990,104361221372
Israel,ISR,1991,112424289466
Israel,ISR,1992,121147589381
Israel,ISR,1993,126134940469
Israel,ISR,1994,135504048695
Israel,ISR,1995,144451278945
Israel,ISR,1996,152886422507
Israel,ISR,1997,158409209239
Israel,ISR,1998,164922938836
Israel,ISR,1999,170360909595
Israel,ISR,2000,184981435200
Israel,ISR,2001,185495549157
Israel,ISR,2002,185246850387
Israel,ISR,2003,187931184126
Israel,ISR,2004,196666032830
Israel,ISR,2005,205295323130
Israel,ISR,2006,216795201343
Israel,ISR,2007,230503919634
Israel,ISR,2008,237930977208
Israel,ISR,2009,240875924092
Israel,ISR,2010,254206817526
Israel,ISR,2011,268235973747
Israel,ISR,2012,274800159647
Israel,ISR,2013,286027695014
Israel,ISR,2014,296827610046
Israel,ISR,2015,303469434072
Israel,ISR,2016,317003511449
Israel,ISR,2017,330783435889
Israel,ISR,2018,344027669320
Israel,ISR,2019,356792803355
Israel,ISR,2020,349579824803
Israel,ISR,2021,382399686301
Israel,ISR,2022,406350386042
Israel,ISR,2023,413772459124
Israel,ISR,2024,417380424316
Italy,ITA,1960,488503132607
Italy,ITA,1961,528595785997
Italy,ITA,1962,561388020895
Italy,ITA,1963,592880361770
Italy,ITA,1964,609467389164
Italy,ITA,1965,629384928005
Italy,ITA,1966,667052320830
Italy,ITA,1967,714937421885
Italy,ITA,1968,761726892208
Italy,ITA,1969,808177455097
Italy,ITA,1970,851095738477
Italy,ITA,1971,866569577728
Italy,ITA,1972,898550204800
Italy,ITA,1973,962579655370
Italy,ITA,1974,1015522894585
Italy,ITA,1975,994296811886
Italy,ITA,1976,1065144288779
Italy,ITA,1977,1092417317092
Italy,ITA,1978,1127813165153
Italy,ITA,1979,1195021350830
Italy,ITA,1980,1236010778504
Italy,ITA,1981,1246445522983
Italy,ITA,1982,1251600643353
Italy,ITA,1983,1266234400973
Italy,ITA,1984,1307081253663
Italy,ITA,1985,1343654508026
Italy,ITA,1986,1382082648970
Italy,ITA,1987,1426198182881
Italy,ITA,1988,1486018315011
Italy,ITA,1989,1536370314479
Italy,ITA,1990,1566879170825
Italy,ITA,1991,1590984785699
Italy,ITA,1992,1604257980661
Italy,ITA,1993,1590576776647
Italy,ITA,1994,1624790459614
Italy,ITA,1995,1671695507214
Italy,ITA,1996,1694189587392
Italy,ITA,1997,1726814955886
Italy,ITA,1998,1757973143577
Italy,ITA,1999,1787471784895
Italy,ITA,2000,1856863206512
Italy,ITA,2001,1894119928193
Italy,ITA,2002,1899232719747
Italy,ITA,2003,1900496731461
Italy,ITA,2004,1928510465814
Italy,ITA,2005,1943213635518
Italy,ITA,2006,1978181374737
Italy,ITA,2007,2007108163772
Italy,ITA,2008,1986572667176
Italy,ITA,2009,1881181927615
Italy,ITA,2010,1909947188308
Italy,ITA,2011,1923230167272
Italy,ITA,2012,1863124632394
Italy,ITA,2013,1829252558793
Italy,ITA,2014,1829227175768
Italy,ITA,2015,1845428048839
Italy,ITA,2016,1868241619489
Italy,ITA,2017,1898202609462
Italy,ITA,2018,1913894038926
Italy,ITA,2019,1922107755078
Italy,ITA,2020,1751650987235
Italy,ITA,2021,1908092024820
Italy,ITA,2022,2000084512919
Italy,ITA,2023,2019599234310
Italy,ITA,2024,2033588532657
Jamaica,JAM,1966,7407890769
Jamaica,JAM,1967,7541872735
Jamaica,JAM,1968,7975087876
Jamaica,JAM,1969,8419673016
Jamaica,JAM,1970,9435456809
Jamaica,JAM,1971,9667387268
Jamaica,JAM,1972,11408344049
Jamaica,JAM,1973,10782538299
Jamaica,JAM,1974,10326516578
Jamaica,JAM,1975,10300071169
Jamaica,JAM,1976,9610559160
Jamaica,JAM,1977,9360920206
Jamaica,JAM,1978,9355893362
Jamaica,JAM,1979,9256717027
Jamaica,JAM,1980,8727773475
Jamaica,JAM,1981,8958138517
Jamaica,JAM,1982,9143503152
Jamaica,JAM,1983,9318059796
Jamaica,JAM,1984,9174343092
Jamaica,JAM,1985,8904283865
Jamaica,JAM,1986,9071914861
Jamaica,JAM,1987,9784092367
Jamaica,JAM,1988,10172941747
Jamaica,JAM,1989,10902677820
Jamaica,JAM,1990,11360648630
Jamaica,JAM,1991,11910303935
Jamaica,JAM,1992,12143214990
Jamaica,JAM,1993,13286754001
Jamaica,JAM,1994,13470561601
Jamaica,JAM,1995,13787114012
Jamaica,JAM,1996,13771433761
Jamaica,JAM,1997,13614376085
Jamaica,JAM,1998,13296541186
Jamaica,JAM,1999,13435845573
Jamaica,JAM,2000,13553906825
Jamaica,JAM,2001,13736197326
Jamaica,JAM,2002,14010549151
Jamaica,JAM,2003,14524220379
Jamaica,JAM,2004,14716481130
Jamaica,JAM,2005,14848016734
Jamaica,JAM,2006,15278479351
Jamaica,JAM,2007,15497260153
Jamaica,JAM,2008,15371463204
Jamaica,JAM,2009,14703526728
Jamaica,JAM,2010,14489274699
Jamaica,JAM,2011,14739993670
Jamaica,JAM,2012,14649543756
Jamaica,JAM,2013,14725382395
Jamaica,JAM,2014,14826961375
Jamaica,JAM,2015,14963589915
Jamaica,JAM,2016,15376650479
Jamaica,JAM,2017,15729242259
Jamaica,JAM,2018,16124965549
Jamaica,JAM,2019,16416735750
Jamaica,JAM,2020,15053421189
Jamaica,JAM,2021,15912170664
Jamaica,JAM,2022,16936803585
Jamaica,JAM,2023,17401946531
Jamaica,JAM,2024,17308839319
Japan,JPN,1960,595545661031
Japan,JPN,1961,667270419543
Japan,JPN,1962,726717361028
Japan,JPN,1963,788296791335
Japan,JPN,1964,880343907381
Japan,JPN,1965,931577351068
Japan,JPN,1966,1030683781033
Japan,JPN,1967,1144905624564
Japan,JPN,1968,1292397726863
Japan,JPN,1969,1453661751929
Japan,JPN,1970,1459462598521
Japan,JPN,1971,1528042629882
Japan,JPN,1972,1656605218634
Japan,JPN,1973,1789673689005
Japan,JPN,1974,1767745894179
Japan,JPN,1975,1822397100508
Japan,JPN,1976,1894837095325
Japan,JPN,1977,1978026847418
Japan,JPN,1978,2082307265730
Japan,JPN,1979,2196501867256
Japan,JPN,1980,2258390310743
Japan,JPN,1981,2354611841484
Japan,JPN,1982,2431837052476
Japan,JPN,1983,2520117566447
Japan,JPN,1984,2631276932032
Japan,JPN,1985,2767045767160
Japan,JPN,1986,2858193572217
Japan,JPN,1987,2991067029860
Japan,JPN,1988,3190321043522
Japan,JPN,1989,3347469412117
Japan,JPN,1990,3509518031563
Japan,JPN,1991,3633170889060
Japan,JPN,1992,3665890719857
Japan,JPN,1993,3649056226895
Japan,JPN,1994,3688589488079
Japan,JPN,1995,3785636263361
Japan,JPN,1996,3904273220109
Japan,JPN,1997,3942583070732
Japan,JPN,1998,3892499235707
Japan,JPN,1999,3879501014656
Japan,JPN,2000,3986755544463
Japan,JPN,2001,4002148544212
Japan,JPN,2002,4003827945767
Japan,JPN,2003,4065291729517
Japan,JPN,2004,4154163710039
Japan,JPN,2005,4229100705435
Japan,JPN,2006,4287138774362
Japan,JPN,2007,4350758602405
Japan,JPN,2008,4297492743392
Japan,JPN,2009,4052826324003
Japan,JPN,2010,4218907820178
Japan,JPN,2011,4219912322040
Japan,JPN,2012,4277925608846
Japan,JPN,2013,4363702302793
Japan,JPN,2014,4376627829634
Japan,JPN,2015,4444930651964
Japan,JPN,2016,4478437728050
Japan,JPN,2017,4553466417290
Japan,JPN,2018,4582763011478
Japan,JPN,2019,4564332550096
Japan,JPN,2020,4374056271824
Japan,JPN,2021,4492005937826
Japan,JPN,2022,4534320578755
Japan,JPN,2023,4601203385713
Japan,JPN,2024,4606002855955
Jordan,JOR,1976,5730509541
Jordan,JOR,1977,6206050652
Jordan,JOR,1978,7117071955
Jordan,JOR,1979,8597629976
Jordan,JOR,1980,9559261688
Jordan,JOR,1981,11201420243
Jordan,JOR,1982,11988425688
Jordan,JOR,1983,11722313981
Jordan,JOR,1984,12225399095
Jordan,JOR,1985,11894464001
Jordan,JOR,1986,12549210740
Jordan,JOR,1987,12840763337
Jordan,JOR,1988,13028517103
Jordan,JOR,1989,11630658934
Jordan,JOR,1990,11598569492
Jordan,JOR,1991,11785136086
Jordan,JOR,1992,13476276723
Jordan,JOR,1993,14080955882
Jordan,JOR,1994,14780987323
Jordan,JOR,1995,15697537788
Jordan,JOR,1996,16025148664
Jordan,JOR,1997,16555336763
Jordan,JOR,1998,17054012095
Jordan,JOR,1999,17632063087
Jordan,JOR,2000,18380669691
Jordan,JOR,2001,19349323186
Jordan,JOR,2002,20468450874
Jordan,JOR,2003,21320279753
Jordan,JOR,2004,23146833797
Jordan,JOR,2005,25032512558
Jordan,JOR,2006,27058387611
Jordan,JOR,2007,29270727368
Jordan,JOR,2008,31384186979
Jordan,JOR,2009,32960837541
Jordan,JOR,2010,33723826288
Jordan,JOR,2011,34646908078
Jordan,JOR,2012,35488605511
Jordan,JOR,2013,36414839440
Jordan,JOR,2014,37647146046
Jordan,JOR,2015,38587017887
Jordan,JOR,2016,39356512808
Jordan,JOR,2017,40330034782
Jordan,JOR,2018,41103996749
Jordan,JOR,2019,41823826702
Jordan,JOR,2020,41362613665
Jordan,JOR,2021,42874683401
Jordan,JOR,2022,44009762839
Jordan,JOR,2023,45279041100
Jordan,JOR,2024,46405988481
Kazakhstan,KAZ,1990,95326487409
Kazakhstan,KAZ,1991,84840573793
Kazakhstan,KAZ,1992,80344023383
Kazakhstan,KAZ,1993,72952373230
Kazakhstan,KAZ,1994,63760374204
Kazakhstan,KAZ,1995,58532023518
Kazakhstan,KAZ,1996,58824683637
Kazakhstan,KAZ,1997,59824703259
Kazakhstan,KAZ,1998,58688033897
Kazakhstan,KAZ,1999,60272610811
Kazakhstan,KAZ,2000,66179326672
Kazakhstan,KAZ,2001,75113535772
Kazakhstan,KAZ,2002,82474662277
Kazakhstan,KAZ,2003,90144805869
Kazakhstan,KAZ,2004,98798707234
Kazakhstan,KAZ,2005,108382181835
Kazakhstan,KAZ,2006,119979075291
Kazakhstan,KAZ,2007,130657212992
Kazakhstan,KAZ,2008,134968901021
Kazakhstan,KAZ,2009,136588527833
Kazakhstan,KAZ,2010,146559490369
Kazakhstan,KAZ,2011,157404892659
Kazakhstan,KAZ,2012,164960327499
Kazakhstan,KAZ,2013,174857947143
Kazakhstan,KAZ,2014,182201980933
Kazakhstan,KAZ,2015,184388404706
Kazakhstan,KAZ,2016,186416677156
Kazakhstan,KAZ,2017,194059760924
Kazakhstan,KAZ,2018,202016211108
Kazakhstan,KAZ,2019,211106940610
Kazakhstan,KAZ,2020,205829267103
Kazakhstan,KAZ,2021,214679925583
Kazakhstan,KAZ,2022,221549683201
Kazakhstan,KAZ,2023,232848717043
Kazakhstan,KAZ,2024,244491152895
Kenya,KEN,1960,6102055403
Kenya,KEN,1961,5627642874
Kenya,KEN,1962,6159869249
Kenya,KEN,1963,6700603529
Kenya,KEN,1964,7033252799
Kenya,KEN,1965,7174557471
Kenya,KEN,1966,8231266932
Kenya,KEN,1967,8507938913
Kenya,KEN,1968,9187101299
Kenya,KEN,1969,9918323313
Kenya,KEN,1970,9456581036
Kenya,KEN,1971,11553473095
Kenya,KEN,1972,13527086974
Kenya,KEN,1973,14324722508
Kenya,KEN,1974,14907110911
Kenya,KEN,1975,15038621917
Kenya,KEN,1976,15362548495
Kenya,KEN,1977,16814892774
Kenya,KEN,1978,17977221151
Kenya,KEN,1979,19346227179
Kenya,KEN,1980,20428063600
Kenya,KEN,1981,21198925607
Kenya,KEN,1982,21518282813
Kenya,KEN,1983,21799967946
Kenya,KEN,1984,22182604684
Kenya,KEN,1985,23136581311
Kenya,KEN,1986,24797222251
Kenya,KEN,1987,26269459979
Kenya,KEN,1988,27899002871
Kenya,KEN,1989,29207563408
Kenya,KEN,1990,30431959354
Kenya,KEN,1991,30869676465
Kenya,KEN,1992,30622875266
Kenya,KEN,1993,30731034422
Kenya,KEN,1994,31540116338
Kenya,KEN,1995,32929842156
Kenya,KEN,1996,34295389782
Kenya,KEN,1997,34458259247
Kenya,KEN,1998,35592009621
Kenya,KEN,1999,36412543752
Kenya,KEN,2000,36630908098
Kenya,KEN,2001,38015522174
Kenya,KEN,2002,38223413680
Kenya,KEN,2003,39344305939
Kenya,KEN,2004,41352557259
Kenya,KEN,2005,43795114731
Kenya,KEN,2006,46629751036
Kenya,KEN,2007,49824229272
Kenya,KEN,2008,49939962360
Kenya,KEN,2009,51591446859
Kenya,KEN,2010,55748929986
Kenya,KEN,2011,58603891851
Kenya,KEN,2012,61281315911
Kenya,KEN,2013,63608687382
Kenya,KEN,2014,66801914096
Kenya,KEN,2015,70120446896
Kenya,KEN,2016,73074983895
Kenya,KEN,2017,75879571212
Kenya,KEN,2018,80165208728
Kenya,KEN,2019,84264984851
Kenya,KEN,2020,84035138346
Kenya,KEN,2021,90413816676
Kenya,KEN,2022,94807911027
Kenya,KEN,2023,100230916344
Kenya,KEN,2024,104966566488
Kiribati,KIR,1970,84746567
Kiribati,KIR,1971,82805819
Kiribati,KIR,1972,92808122
Kiribati,KIR,1973,112214192
Kiribati,KIR,1974,163050311
Kiribati,KIR,1975,171764404
Kiribati,KIR,1976,125786109
Kiribati,KIR,1977,119984062
Kiribati,KIR,1978,121255405
Kiribati,KIR,1979,107207973
Kiribati,KIR,1980,106050807
Kiribati,KIR,1981,112543444
Kiribati,KIR,1982,111316549
Kiribati,KIR,1983,100432082
Kiribati,KIR,1984,114410709
Kiribati,KIR,1985,99262590
Kiribati,KIR,1986,96815049
Kiribati,KIR,1987,98066610
Kiribati,KIR,1988,119685802
Kiribati,KIR,1989,110957784
Kiribati,KIR,1990,103872759
Kiribati,KIR,1991,98005315
Kiribati,KIR,1992,121486637
Kiribati,KIR,1993,121360297
Kiribati,KIR,1994,123842427
Kiribati,KIR,1995,127250828
Kiribati,KIR,1996,127184599
Kiribati,KIR,1997,128681731
Kiribati,KIR,1998,134398126
Kiribati,KIR,1999,129137471
Kiribati,KIR,2000,137844779
Kiribati,KIR,2001,133510761
Kiribati,KIR,2002,135442868
Kiribati,KIR,2003,133309011
Kiribati,KIR,2004,132497202
Kiribati,KIR,2005,134209636
Kiribati,KIR,2006,141962839
Kiribati,KIR,2007,146299917
Kiribati,KIR,2008,141933258
Kiribati,KIR,2009,142695157
Kiribati,KIR,2010,144444531
Kiribati,KIR,2011,149158807
Kiribati,KIR,2012,157815476
Kiribati,KIR,2013,170016068
Kiribati,KIR,2014,172164497
Kiribati,KIR,2015,191559398
Kiribati,KIR,2016,205137185
Kiribati,KIR,2017,212828045
Kiribati,KIR,2018,220233266
Kiribati,KIR,2019,227422251
Kiribati,KIR,2020,224083567
Kiribati,KIR,2021,243085266
Kiribati,KIR,2022,254185331
Kiribati,KIR,2023,260926354
Kiribati,KIR,2024,274669078
Kosovo,OWID_KOS,2008,4580661082
Kosovo,OWID_KOS,2009,4811290686
Kosovo,OWID_KOS,2010,5048966087
Kosovo,OWID_KOS,2011,5368051162
Kosovo,OWID_KOS,2012,5459962717
Kosovo,OWID_KOS,2013,5751568358
Kosovo,OWID_KOS,2014,5944177154
Kosovo,OWID_KOS,2015,6295848422
Kosovo,OWID_KOS,2016,6646638934
Kosovo,OWID_KOS,2017,6967382841
Kosovo,OWID_KOS,2018,7204735953
Kosovo,OWID_KOS,2019,7547450874
Kosovo,OWID_KOS,2020,7144396206
Kosovo,OWID_KOS,2021,7912108452
Kosovo,OWID_KOS,2022,8250627929
Kosovo,OWID_KOS,2023,8586232700
Kosovo,OWID_KOS,2024,8978889464
Kuwait,KWT,1970,55498510908
Kuwait,KWT,1971,59407648951
Kuwait,KWT,1972,61725008483
Kuwait,KWT,1973,57669629302
Kuwait,KWT,1974,50177583440
Kuwait,KWT,1975,44018581774
Kuwait,KWT,1976,46926530505
Kuwait,KWT,1977,45121014947
Kuwait,KWT,1978,48439563791
Kuwait,KWT,1979,55172280681
Kuwait,KWT,1980,44462929838
Kuwait,KWT,1981,36048439889
Kuwait,KWT,1982,31813071622
Kuwait,KWT,1983,34338543538
Kuwait,KWT,1984,36138434436
Kuwait,KWT,1985,34597277855
Kuwait,KWT,1986,37561473177
Kuwait,KWT,1987,40621287704
Kuwait,KWT,1988,36537785228
Kuwait,KWT,1989,45998461761
Kuwait,KWT,1990,33933574664
Kuwait,KWT,1991,20018165400
Kuwait,KWT,1992,36595073851
Kuwait,KWT,1993,49033910555
Kuwait,KWT,1994,53170492472
Kuwait,KWT,1995,55753669856
Kuwait,KWT,1996,56091050454
Kuwait,KWT,1997,57478364573
Kuwait,KWT,1998,59583253740
Kuwait,KWT,1999,58517303894
Kuwait,KWT,2000,61264446634
Kuwait,KWT,2001,61395143657
Kuwait,KWT,2002,63245767128
Kuwait,KWT,2003,74203741654
Kuwait,KWT,2004,81802425970
Kuwait,KWT,2005,90480882139
Kuwait,KWT,2006,97280315040
Kuwait,KWT,2007,103108938573
Kuwait,KWT,2008,105665789636
Kuwait,KWT,2009,98188818733
Kuwait,KWT,2010,95861205611
Kuwait,KWT,2011,105091330435
Kuwait,KWT,2012,112054550468
Kuwait,KWT,2013,113342578898
Kuwait,KWT,2014,113910328503
Kuwait,KWT,2015,114585555688
Kuwait,KWT,2016,117938415952
Kuwait,KWT,2017,112380895138
Kuwait,KWT,2018,115463874454
Kuwait,KWT,2019,118077765349
Kuwait,KWT,2020,112389586345
Kuwait,KWT,2021,114268886945
Kuwait,KWT,2022,121991940635
Kuwait,KWT,2023,119958083706
Kuwait,KWT,2024,116887023610
Kyrgyzstan,KGZ,1986,4159487047
Kyrgyzstan,KGZ,1987,4296748804
Kyrgyzstan,KGZ,1988,4863920937
Kyrgyzstan,KGZ,1989,4999612217
Kyrgyzstan,KGZ,1990,5284729934
Kyrgyzstan,KGZ,1991,4864914939
Kyrgyzstan,KGZ,1992,4191715901
Kyrgyzstan,KGZ,1993,3543704782
Kyrgyzstan,KGZ,1994,2831946047
Kyrgyzstan,KGZ,1995,2678346337
Kyrgyzstan,KGZ,1996,2868093847
Kyrgyzstan,KGZ,1997,3152472634
Kyrgyzstan,KGZ,1998,3219362911
Kyrgyzstan,KGZ,1999,3337056039
Kyrgyzstan,KGZ,2000,3518703233
Kyrgyzstan,KGZ,2001,3705955297
Kyrgyzstan,KGZ,2002,3705313255
Kyrgyzstan,KGZ,2003,3965807641
Kyrgyzstan,KGZ,2004,4244477505
Kyrgyzstan,KGZ,2005,4237027793
Kyrgyzstan,KGZ,2006,4368498475
Kyrgyzstan,KGZ,2007,4741693829
Kyrgyzstan,KGZ,2008,5140072739
Kyrgyzstan,KGZ,2009,5288430380
Kyrgyzstan,KGZ,2010,5263491909
Kyrgyzstan,KGZ,2011,5576999924
Kyrgyzstan,KGZ,2012,5572083788
Kyrgyzstan,KGZ,2013,6180302892
Kyrgyzstan,KGZ,2014,6429000667
Kyrgyzstan,KGZ,2015,6678177511
Kyrgyzstan,KGZ,2016,6967733666
Kyrgyzstan,KGZ,2017,7297999868
Kyrgyzstan,KGZ,2018,7572252145
Kyrgyzstan,KGZ,2019,7920623120
Kyrgyzstan,KGZ,2020,7354379549
Kyrgyzstan,KGZ,2021,7759385792
Kyrgyzstan,KGZ,2022,8455209116
Kyrgyzstan,KGZ,2023,9217301873
Kyrgyzstan,KGZ,2024,10050558458
Laos,LAO,1984,2109467955
Laos,LAO,1985,2216417220
Laos,LAO,1986,2324692154
Laos,LAO,1987,2291546871
Laos,LAO,1988,2245482171
Laos,LAO,1989,2564130387
Laos,LAO,1990,2736044527
Laos,LAO,1991,2853600421
Laos,LAO,1992,3012256546
Laos,LAO,1993,3190357917
Laos,LAO,1994,3450659811
Laos,LAO,1995,3693284478
Laos,LAO,1996,3949167183
Laos,LAO,1997,4220557557
Laos,LAO,1998,4388012740
Laos,LAO,1999,4708617453
Laos,LAO,2000,4981659930
Laos,LAO,2001,5268175760
Laos,LAO,2002,5579985581
Laos,LAO,2003,5918523434
Laos,LAO,2004,6294805131
Laos,LAO,2005,6742212710
Laos,LAO,2006,7323341971
Laos,LAO,2007,7879683723
Laos,LAO,2008,8496261313
Laos,LAO,2009,9133631713
Laos,LAO,2010,9912447859
Laos,LAO,2011,10709275115
Laos,LAO,2012,11568812077
Laos,LAO,2013,12497359667
Laos,LAO,2014,13448654116
Laos,LAO,2015,14426380125
Laos,LAO,2016,15439521179
Laos,LAO,2017,16503694943
Laos,LAO,2018,17534839203
Laos,LAO,2019,18491844275
Laos,LAO,2020,18584864138
Laos,LAO,2021,19054754737
Laos,LAO,2022,19570648221
Laos,LAO,2023,20303702352
Laos,LAO,2024,21142284373
Latin America and Caribbean (WB),WB_LAC,1960,729349812797
Latin America and Caribbean (WB),WB_LAC,1961,773231253578
Latin America and Caribbean (WB),WB_LAC,1962,808013576090
Latin America and Caribbean (WB),WB_LAC,1963,825398906625
Latin America and Caribbean (WB),WB_LAC,1964,886970010965
Latin America and Caribbean (WB),WB_LAC,1965,936531931118
Latin America and Caribbean (WB),WB_LAC,1966,981300881213
Latin America and Caribbean (WB),WB_LAC,1967,1023199237379
Latin America and Caribbean (WB),WB_LAC,1968,1096086191462
Latin America and Caribbean (WB),WB_LAC,1969,1168137758314
Latin America and Caribbean (WB),WB_LAC,1970,1245059136915
Latin America and Caribbean (WB),WB_LAC,1971,1327804995644
Latin America and Caribbean (WB),WB_LAC,1972,1419938700715
Latin America and Caribbean (WB),WB_LAC,1973,1532865006767
Latin America and Caribbean (WB),WB_LAC,1974,1625840949081
Latin America and Caribbean (WB),WB_LAC,1975,1684206889097
Latin America and Caribbean (WB),WB_LAC,1976,1776920201103
Latin America and Caribbean (WB),WB_LAC,1977,1864339509260
Latin America and Caribbean (WB),WB_LAC,1978,1947266513308
Latin America and Caribbean (WB),WB_LAC,1979,2086410718624
Latin America and Caribbean (WB),WB_LAC,1980,2217058689847
Latin America and Caribbean (WB),WB_LAC,1981,2242566543354
Latin America and Caribbean (WB),WB_LAC,1982,2240621016421
Latin America and Caribbean (WB),WB_LAC,1983,2184071277060
Latin America and Caribbean (WB),WB_LAC,1984,2269694254574
Latin America and Caribbean (WB),WB_LAC,1985,2338786758854
Latin America and Caribbean (WB),WB_LAC,1986,2421839794981
Latin America and Caribbean (WB),WB_LAC,1987,2502789644716
Latin America and Caribbean (WB),WB_LAC,1988,2522707412662
Latin America and Caribbean (WB),WB_LAC,1989,2553335247789
Latin America and Caribbean (WB),WB_LAC,1990,2548726649870
Latin America and Caribbean (WB),WB_LAC,1991,2629815779671
Latin America and Caribbean (WB),WB_LAC,1992,2700215543663
Latin America and Caribbean (WB),WB_LAC,1993,2815453987421
Latin America and Caribbean (WB),WB_LAC,1994,2957305225288
Latin America and Caribbean (WB),WB_LAC,1995,2985337280160
Latin America and Caribbean (WB),WB_LAC,1996,3101691284136
Latin America and Caribbean (WB),WB_LAC,1997,3271171103530
Latin America and Caribbean (WB),WB_LAC,1998,3366894681289
Latin America and Caribbean (WB),WB_LAC,1999,3384904001008
Latin America and Caribbean (WB),WB_LAC,2000,3507688633929
Latin America and Caribbean (WB),WB_LAC,2001,3526334240011
Latin America and Caribbean (WB),WB_LAC,2002,3533889214212
Latin America and Caribbean (WB),WB_LAC,2003,3612004868342
Latin America and Caribbean (WB),WB_LAC,2004,3818690961691
Latin America and Caribbean (WB),WB_LAC,2005,3975105662293
Latin America and Caribbean (WB),WB_LAC,2006,4184267349636
Latin America and Caribbean (WB),WB_LAC,2007,4405476467591
Latin America and Caribbean (WB),WB_LAC,2008,4568072565555
Latin America and Caribbean (WB),WB_LAC,2009,4462729674758
Latin America and Caribbean (WB),WB_LAC,2010,4737753656500
Latin America and Caribbean (WB),WB_LAC,2011,4946051556371
Latin America and Caribbean (WB),WB_LAC,2012,5076825930636
Latin America and Caribbean (WB),WB_LAC,2013,5214701785543
Latin America and Caribbean (WB),WB_LAC,2014,5277043973631
Latin America and Caribbean (WB),WB_LAC,2015,5289615626446
Latin America and Caribbean (WB),WB_LAC,2016,5251012055327
Latin America and Caribbean (WB),WB_LAC,2017,5332575619822
Latin America and Caribbean (WB),WB_LAC,2018,5397521762017
Latin America and Caribbean (WB),WB_LAC,2019,5414366311242
Latin America and Caribbean (WB),WB_LAC,2020,5042906452648
Latin America and Caribbean (WB),WB_LAC,2021,5399139510357
Latin America and Caribbean (WB),WB_LAC,2022,5619688802310
Latin America and Caribbean (WB),WB_LAC,2023,5746106067940
Latin America and Caribbean (WB),WB_LAC,2024,5875603254876
Latvia,LVA,1990,20300396490
Latvia,LVA,1991,17743516527
Latvia,LVA,1992,12044552669
Latvia,LVA,1993,11444375037
Latvia,LVA,1994,11694996755
Latvia,LVA,1995,11584507029
Latvia,LVA,1996,11850946177
Latvia,LVA,1997,12937852902
Latvia,LVA,1998,13785282610
Latvia,LVA,1999,14173807644
Latvia,LVA,2000,15001703493
Latvia,LVA,2001,15970900289
Latvia,LVA,2002,17195147700
Latvia,LVA,2003,18644549495
Latvia,LVA,2004,20271313178
Latvia,LVA,2005,22625890637
Latvia,LVA,2006,25527665150
Latvia,LVA,2007,28186253353
Latvia,LVA,2008,27231101091
Latvia,LVA,2009,22863227157
Latvia,LVA,2010,22026145287
Latvia,LVA,2011,22694935010
Latvia,LVA,2012,24352854611
Latvia,LVA,2013,24863312429
Latvia,LVA,2014,25384188823
Latvia,LVA,2015,26344565876
Latvia,LVA,2016,27016796481
Latvia,LVA,2017,27935083541
Latvia,LVA,2018,29139005429
Latvia,LVA,2019,29335802338
Latvia,LVA,2020,28318076614
Latvia,LVA,2021,30284070900
Latvia,LVA,2022,30862052747
Latvia,LVA,2023,30571453786
Latvia,LVA,2024,30557357896
Lebanon,LBN,1988,13590690651
Lebanon,LBN,1989,7821290496
Lebanon,LBN,1990,9896526025
Lebanon,LBN,1991,14790098775
Lebanon,LBN,1992,17221346342
Lebanon,LBN,1993,19075339624
Lebanon,LBN,1994,20621442059
Lebanon,LBN,1995,21951290517
Lebanon,LBN,1996,24428699054
Lebanon,LBN,1997,24686413686
Lebanon,LBN,1998,25591349424
Lebanon,LBN,1999,25456845224
Lebanon,LBN,2000,25798443405
Lebanon,LBN,2001,26789018310
Lebanon,LBN,2002,27706046545
Lebanon,LBN,2003,28600147893
Lebanon,LBN,2004,30510478932
Lebanon,LBN,2005,31329923063
Lebanon,LBN,2006,31815384920
Lebanon,LBN,2007,34777595316
Lebanon,LBN,2008,37931620043
Lebanon,LBN,2009,41812842419
Lebanon,LBN,2010,45147473283
Lebanon,LBN,2011,45539055323
Lebanon,LBN,2012,46707037069
Lebanon,LBN,2013,48494923363
Lebanon,LBN,2014,49699566407
Lebanon,LBN,2015,49929337836
Lebanon,LBN,2016,50705514062
Lebanon,LBN,2017,51163399287
Lebanon,LBN,2018,50199119756
Lebanon,LBN,2019,46727888410
Lebanon,LBN,2020,36728167162
Lebanon,LBN,2021,34156740537
Lebanon,LBN,2022,33944395264
Lebanon,LBN,2023,33686219465
Lesotho,LSO,1960,193508327
Lesotho,LSO,1961,197116860
Lesotho,LSO,1962,227338452
Lesotho,LSO,1963,251470587
Lesotho,LSO,1964,272219723
Lesotho,LSO,1965,278083623
Lesotho,LSO,1966,276955934
Lesotho,LSO,1967,307177536
Lesotho,LSO,1968,306049826
Lesotho,LSO,1969,310786059
Lesotho,LSO,1970,317552093
Lesotho,LSO,1971,333790811
Lesotho,LSO,1972,333114189
Lesotho,LSO,1973,421072594
Lesotho,LSO,1974,467306740
Lesotho,LSO,1975,404157255
Lesotho,LSO,1976,448813112
Lesotho,LSO,1977,546694921
Lesotho,LSO,1978,646832345
Lesotho,LSO,1979,665551148
Lesotho,LSO,1980,647283238
Lesotho,LSO,1981,651779515
Lesotho,LSO,1982,680830657
Lesotho,LSO,1983,694353079
Lesotho,LSO,1984,732784813
Lesotho,LSO,1985,751912323
Lesotho,LSO,1986,787138333
Lesotho,LSO,1987,792882304
Lesotho,LSO,1988,861085398
Lesotho,LSO,1989,910987401
Lesotho,LSO,1990,966060902
Lesotho,LSO,1991,1033362571
Lesotho,LSO,1992,1105247043
Lesotho,LSO,1993,1144038630
Lesotho,LSO,1994,1212450693
Lesotho,LSO,1995,1252351695
Lesotho,LSO,1996,1322446271
Lesotho,LSO,1997,1371424437
Lesotho,LSO,1998,1392512225
Lesotho,LSO,1999,1399140932
Lesotho,LSO,2000,1453365294
Lesotho,LSO,2001,1505128088
Lesotho,LSO,2002,1516022748
Lesotho,LSO,2003,1585150007
Lesotho,LSO,2004,1611976676
Lesotho,LSO,2005,1667849758
Lesotho,LSO,2006,1738401391
Lesotho,LSO,2007,1811204148
Lesotho,LSO,2008,1911244554
Lesotho,LSO,2009,1887282177
Lesotho,LSO,2010,1986735734
Lesotho,LSO,2011,2078451680
Lesotho,LSO,2012,2210102550
Lesotho,LSO,2013,2249719203
Lesotho,LSO,2014,2288201773
Lesotho,LSO,2015,2359686724
Lesotho,LSO,2016,2444845631
Lesotho,LSO,2017,2368122098
Lesotho,LSO,2018,2333058897
Lesotho,LSO,2019,2299976266
Lesotho,LSO,2020,2112391171
Lesotho,LSO,2021,2160272945
Lesotho,LSO,2022,2211855514
Lesotho,LSO,2023,2252257815
Lesotho,LSO,2024,2316549022
Liberia,LBR,1960,2785350370
Liberia,LBR,1961,2853312513
Liberia,LBR,1962,2891678326
Liberia,LBR,1963,2957448411
Liberia,LBR,1964,3109815009
Liberia,LBR,1965,3258892894
Liberia,LBR,1966,3509914203
Liberia,LBR,1967,3746685675
Liberia,LBR,1968,3925360307
Liberia,LBR,1969,4211459133
Liberia,LBR,1970,4492076771
Liberia,LBR,1971,4712405513
Liberia,LBR,1972,4907522457
Liberia,LBR,1973,4796809968
Liberia,LBR,1974,5024811956
Liberia,LBR,1975,4850521857
Liberia,LBR,1976,5108120174
Liberia,LBR,1977,5189236333
Liberia,LBR,1978,5439161404
Liberia,LBR,1979,5616740217
Liberia,LBR,1980,5386545754
Liberia,LBR,1981,5271448731
Liberia,LBR,1982,5143197691
Liberia,LBR,1983,5045638801
Liberia,LBR,1984,4939311262
Liberia,LBR,1985,4897657154
Liberia,LBR,1986,4815445174
Liberia,LBR,1987,4767213639
Liberia,LBR,1988,4669871991
Liberia,LBR,1989,3424489545
Liberia,LBR,1990,1676942910
Liberia,LBR,1991,1438394191
Liberia,LBR,1992,933723838
Liberia,LBR,1993,625824712
Liberia,LBR,1994,489630570
Liberia,LBR,1995,468741927
Liberia,LBR,1996,525559090
Liberia,LBR,1997,1084122317
Liberia,LBR,1998,1411615367
Liberia,LBR,1999,1718520972
Liberia,LBR,2000,2210291803
Liberia,LBR,2001,2274838397
Liberia,LBR,2002,2360440967
Liberia,LBR,2003,1648882904
Liberia,LBR,2004,1692081112
Liberia,LBR,2005,1781443510
Liberia,LBR,2006,1924741222
Liberia,LBR,2007,2108270598
Liberia,LBR,2008,2258921103
Liberia,LBR,2009,2378656131
Liberia,LBR,2010,2523749998
Liberia,LBR,2011,2730716886
Liberia,LBR,2012,2949005327
Liberia,LBR,2013,3205193907
Liberia,LBR,2014,3227674916
Liberia,LBR,2015,3227075700
Liberia,LBR,2016,3176896008
Liberia,LBR,2017,3254893758
Liberia,LBR,2018,3292571599
Liberia,LBR,2019,3211334057
Liberia,LBR,2020,3115556299
Liberia,LBR,2021,3270920145
Liberia,LBR,2022,3428189426
Liberia,LBR,2023,3588757484
Liberia,LBR,2024,3733092094
Libya,LBY,1960,4206979769
Libya,LBY,1961,4623294238
Libya,LBY,1962,6127004092
Libya,LBY,1963,8272704007
Libya,LBY,1964,12001351827
Libya,LBY,1965,15379597827
Libya,LBY,1966,18238997837
Libya,LBY,1967,20265366359
Libya,LBY,1968,27128012832
Libya,LBY,1969,30678497533
Libya,LBY,1970,32197312918
Libya,LBY,1971,30498091672
Libya,LBY,1972,33281298886
Libya,LBY,1973,33925831081
Libya,LBY,1974,41455139017
Libya,LBY,1975,43125063344
Libya,LBY,1976,52992488552
Libya,LBY,1977,57683765284
Libya,LBY,1978,59590166894
Libya,LBY,1979,64928319576
Libya,LBY,1980,65373260707
Libya,LBY,1981,52828013781
Libya,LBY,1982,54310397842
Libya,LBY,1983,52967721371
Libya,LBY,1984,50297204631
Libya,LBY,1985,54485341416
Libya,LBY,1986,48299889590
Libya,LBY,1987,41198814142
Libya,LBY,1988,44321281890
Libya,LBY,1989,47512155858
Libya,LBY,1990,49279670598
Libya,LBY,1991,56994467920
Libya,LBY,1992,55448621740
Libya,LBY,1993,53361983286
Libya,LBY,1994,54394423864
Libya,LBY,1995,53186646293
Libya,LBY,1996,54321714851
Libya,LBY,1997,57153327139
Libya,LBY,1998,55123101078
Libya,LBY,1999,55536336508
Libya,LBY,2000,57579668503
Libya,LBY,2001,56564631725
Libya,LBY,2002,56022234980
Libya,LBY,2003,63314109952
Libya,LBY,2004,66138956972
Libya,LBY,2005,73990151521
Libya,LBY,2006,78799900129
Libya,LBY,2007,83709120342
Libya,LBY,2008,83573471186
Libya,LBY,2009,79896086548
Libya,LBY,2010,83912660700
Libya,LBY,2011,41672273290
Libya,LBY,2012,77854953189
Libya,LBY,2013,63842648630
Libya,LBY,2014,49131511071
Libya,LBY,2015,48717501321
Libya,LBY,2016,47991152062
Libya,LBY,2017,63584342257
Libya,LBY,2018,68633808773
Libya,LBY,2019,60949510655
Libya,LBY,2020,42996651437
Libya,LBY,2021,55164567212
Libya,LBY,2022,50586008471
Libya,LBY,2023,55745806520
Libya,LBY,2024,56804949261
Liechtenstein,LIE,2015,6268515276
Lithuania,LTU,1990,30815380911
Lithuania,LTU,1991,29066403739
Lithuania,LTU,1992,22887185525
Lithuania,LTU,1993,19173313427
Lithuania,LTU,1994,17300837660
Lithuania,LTU,1995,17870049092
Lithuania,LTU,1996,18768366411
Lithuania,LTU,1997,20326259134
Lithuania,LTU,1998,21843195078
Lithuania,LTU,1999,21603573442
Lithuania,LTU,2000,22342117970
Lithuania,LTU,2001,23790809196
Lithuania,LTU,2002,25389513378
Lithuania,LTU,2003,28068588415
Lithuania,LTU,2004,29893617960
Lithuania,LTU,2005,32204827116
Lithuania,LTU,2006,34586529059
Lithuania,LTU,2007,38417999935
Lithuania,LTU,2008,39416661070
Lithuania,LTU,2009,33567775753
Lithuania,LTU,2010,33711177146
Lithuania,LTU,2011,35842949499
Lithuania,LTU,2012,37413912227
Lithuania,LTU,2013,38928020774
Lithuania,LTU,2014,40396597406
Lithuania,LTU,2015,41540954817
Lithuania,LTU,2016,42650896790
Lithuania,LTU,2017,44618059836
Lithuania,LTU,2018,46812540124
Lithuania,LTU,2019,49002127329
Lithuania,LTU,2020,49023107998
Lithuania,LTU,2021,52150790162
Lithuania,LTU,2022,53474129886
Lithuania,LTU,2023,53657151896
Lithuania,LTU,2024,55144866855
Low-income countries,OWID_LIC,1980,145395970998
Low-income countries,OWID_LIC,1981,149256305621
Low-income countries,OWID_LIC,1982,150879552876
Low-income countries,OWID_LIC,1983,151980030680
Low-income countries,OWID_LIC,1984,151124889656
Low-income countries,OWID_LIC,1985,154071442370
Low-income countries,OWID_LIC,1986,156844895711
Low-income countries,OWID_LIC,1987,163199423083
Low-income countries,OWID_LIC,1988,169652590981
Low-income countries,OWID_LIC,1989,169590665168
Low-income countries,OWID_LIC,1990,163682980345
Low-income countries,OWID_LIC,1991,167175507727
Low-income countries,OWID_LIC,1992,167947030804
Low-income countries,OWID_LIC,1993,167930886252
Low-income countries,OWID_LIC,1994,170661576377
Low-income countries,OWID_LIC,1995,178813726204
Low-income countries,OWID_LIC,1996,187873293265
Low-income countries,OWID_LIC,1997,199734871031
Low-income countries,OWID_LIC,1998,209178293025
Low-income countries,OWID_LIC,1999,214089056126
Low-income countries,OWID_LIC,2000,220165478205
Low-income countries,OWID_LIC,2001,229044421185
Low-income countries,OWID_LIC,2002,241130252733
Low-income countries,OWID_LIC,2003,254818858286
Low-income countries,OWID_LIC,2004,269378740081
Low-income countries,OWID_LIC,2005,285653786070
Low-income countries,OWID_LIC,2006,300706153917
Low-income countries,OWID_LIC,2007,317628084115
Low-income countries,OWID_LIC,2008,333469918631
Low-income countries,OWID_LIC,2009,344433153791
Low-income countries,OWID_LIC,2010,366802841348
Low-income countries,OWID_LIC,2011,366324614356
Low-income countries,OWID_LIC,2012,350205581428
Low-income countries,OWID_LIC,2013,359133672362
Low-income countries,OWID_LIC,2014,369403058809
Low-income countries,OWID_LIC,2015,361782469708
Low-income countries,OWID_LIC,2016,363606130568
Low-income countries,OWID_LIC,2017,370459501005
Low-income countries,OWID_LIC,2018,381006074430
Low-income countries,OWID_LIC,2019,392475611342
Low-income countries,OWID_LIC,2020,387960453292
Low-income countries,OWID_LIC,2021,392923744418
Low-income countries,OWID_LIC,2022,406116518361
Low-income countries,OWID_LIC,2023,405266158076
Low-income countries,OWID_LIC,2024,414693304323
Lower-middle-income countries,OWID_LMC,1960,443734470660
Lower-middle-income countries,OWID_LMC,1961,458269498848
Lower-middle-income countries,OWID_LMC,1962,475562672795
Lower-middle-income countries,OWID_LMC,1963,504661820087
Lower-middle-income countries,OWID_LMC,1964,537619522153
Lower-middle-income countries,OWID_LMC,1965,548522144929
Lower-middle-income countries,OWID_LMC,1966,556053156049
Lower-middle-income countries,OWID_LMC,1967,564987230030
Lower-middle-income countries,OWID_LMC,1968,586887666164
Lower-middle-income countries,OWID_LMC,1969,633421434077
Lower-middle-income countries,OWID_LMC,1970,679202903090
Lower-middle-income countries,OWID_LMC,1971,711862671951
Lower-middle-income countries,OWID_LMC,1972,723888284622
Lower-middle-income countries,OWID_LMC,1973,756836468646
Lower-middle-income countries,OWID_LMC,1974,793931871305
Lower-middle-income countries,OWID_LMC,1975,821845305427
Lower-middle-income countries,OWID_LMC,1976,866705205128
Lower-middle-income countries,OWID_LMC,1977,915791437240
Lower-middle-income countries,OWID_LMC,1978,950279368592
Lower-middle-income countries,OWID_LMC,1979,964779075155
Lower-middle-income countries,OWID_LMC,1980,1015705345357
Lower-middle-income countries,OWID_LMC,1981,1036219157809
Lower-middle-income countries,OWID_LMC,1982,1059422498271
Lower-middle-income countries,OWID_LMC,1983,1083567905197
Lower-middle-income countries,OWID_LMC,1984,1112557429183
Lower-middle-income countries,OWID_LMC,1985,1156575487425
Lower-middle-income countries,OWID_LMC,1986,1201039654284
Lower-middle-income countries,OWID_LMC,1987,1244344974282
Lower-middle-income countries,OWID_LMC,1988,1328063924682
Lower-middle-income countries,OWID_LMC,1989,1376844932680
Lower-middle-income countries,OWID_LMC,1990,1447425217012
Lower-middle-income countries,OWID_LMC,1991,1479091630602
Lower-middle-income countries,OWID_LMC,1992,1533546121591
Lower-middle-income countries,OWID_LMC,1993,1568590843370
Lower-middle-income countries,OWID_LMC,1994,1632014588188
Lower-middle-income countries,OWID_LMC,1995,1716516831926
Lower-middle-income countries,OWID_LMC,1996,1826895571984
Lower-middle-income countries,OWID_LMC,1997,1900860203395
Lower-middle-income countries,OWID_LMC,1998,1987505409157
Lower-middle-income countries,OWID_LMC,1999,2095146271388
Lower-middle-income countries,OWID_LMC,2000,2183346998486
Lower-middle-income countries,OWID_LMC,2001,2278061809641
Lower-middle-income countries,OWID_LMC,2002,2381242812499
Lower-middle-income countries,OWID_LMC,2003,2522864370278
Lower-middle-income countries,OWID_LMC,2004,2702270854244
Lower-middle-income countries,OWID_LMC,2005,2883389967786
Lower-middle-income countries,OWID_LMC,2006,3084673550583
Lower-middle-income countries,OWID_LMC,2007,3297112737837
Lower-middle-income countries,OWID_LMC,2008,3448456414141
Lower-middle-income countries,OWID_LMC,2009,3654204746731
Lower-middle-income countries,OWID_LMC,2010,3905133763584
Lower-middle-income countries,OWID_LMC,2011,4090885153145
Lower-middle-income countries,OWID_LMC,2012,4302721062535
Lower-middle-income countries,OWID_LMC,2013,4546814027269
Lower-middle-income countries,OWID_LMC,2014,4825018099553
Lower-middle-income countries,OWID_LMC,2015,5110516313268
Lower-middle-income countries,OWID_LMC,2016,5401054366716
Lower-middle-income countries,OWID_LMC,2017,5694932890227
Lower-middle-income countries,OWID_LMC,2018,6003797336992
Lower-middle-income countries,OWID_LMC,2019,6247796271967
Lower-middle-income countries,OWID_LMC,2020,5999297450106
Lower-middle-income countries,OWID_LMC,2021,6388688849748
Lower-middle-income countries,OWID_LMC,2022,6787400148979
Lower-middle-income countries,OWID_LMC,2023,7197495270158
Lower-middle-income countries,OWID_LMC,2024,7569839678967
Luxembourg,LUX,1960,8747570887
Luxembourg,LUX,1961,9082601376
Luxembourg,LUX,1962,9206004653
Luxembourg,LUX,1963,9522609145
Luxembourg,LUX,1964,10271641279
Luxembourg,LUX,1965,10196151536
Luxembourg,LUX,1966,10308911195
Luxembourg,LUX,1967,10331253782
Luxembourg,LUX,1968,10763500260
Luxembourg,LUX,1969,11836928851
Luxembourg,LUX,1970,12045250966
Luxembourg,LUX,1971,12366526036
Luxembourg,LUX,1972,13182493346
Luxembourg,LUX,1973,14278312012
Luxembourg,LUX,1974,14879781081
Luxembourg,LUX,1975,13901975445
Luxembourg,LUX,1976,14254297206
Luxembourg,LUX,1977,14478058109
Luxembourg,LUX,1978,15068034768
Luxembourg,LUX,1979,15421471918
Luxembourg,LUX,1980,15551149193
Luxembourg,LUX,1981,15465469050
Luxembourg,LUX,1982,15640429654
Luxembourg,LUX,1983,16107934816
Luxembourg,LUX,1984,17104523016
Luxembourg,LUX,1985,17582030660
Luxembourg,LUX,1986,19337409139
Luxembourg,LUX,1987,20101425485
Luxembourg,LUX,1988,21802666470
Luxembourg,LUX,1989,23938904806
Luxembourg,LUX,1990,25212438591
Luxembourg,LUX,1991,27391849867
Luxembourg,LUX,1992,27890286478
Luxembourg,LUX,1993,29061858948
Luxembourg,LUX,1994,30172289819
Luxembourg,LUX,1995,30604417413
Luxembourg,LUX,1996,31032290274
Luxembourg,LUX,1997,32714187913
Luxembourg,LUX,1998,34897700608
Luxembourg,LUX,1999,37750651094
Luxembourg,LUX,2000,40369840252
Luxembourg,LUX,2001,41610952660
Luxembourg,LUX,2002,42953079744
Luxembourg,LUX,2003,44078183528
Luxembourg,LUX,2004,45943523456
Luxembourg,LUX,2005,47084243707
Luxembourg,LUX,2006,49917168649
Luxembourg,LUX,2007,53959794029
Luxembourg,LUX,2008,53797819880
Luxembourg,LUX,2009,52055333192
Luxembourg,LUX,2010,54012829512
Luxembourg,LUX,2011,54576884709
Luxembourg,LUX,2012,55477349891
Luxembourg,LUX,2013,57236974872
Luxembourg,LUX,2014,58738350400
Luxembourg,LUX,2015,60071584216
Luxembourg,LUX,2016,63062061883
Luxembourg,LUX,2017,63892707251
Luxembourg,LUX,2018,64922207640
Luxembourg,LUX,2019,66707126419
Luxembourg,LUX,2020,66366885630
Luxembourg,LUX,2021,70965934440
Luxembourg,LUX,2022,70187142285
Luxembourg,LUX,2023,70256936375
Luxembourg,LUX,2024,70508886559
Macao,MAC,1982,5864572000
Macao,MAC,1983,6452411836
Macao,MAC,1984,6998223923
Macao,MAC,1985,7049469247
Macao,MAC,1986,7521431005
Macao,MAC,1987,8596485490
Macao,MAC,1988,9267941894
Macao,MAC,1989,9733648869
Macao,MAC,1990,10510339248
Macao,MAC,1991,10894953515
Macao,MAC,1992,12343868429
Macao,MAC,1993,12984050920
Macao,MAC,1994,13536337255
Macao,MAC,1995,13982511751
Macao,MAC,1996,13923804581
Macao,MAC,1997,13884959088
Macao,MAC,1998,13250263249
Macao,MAC,1999,12937743582
Macao,MAC,2000,13681294587
Macao,MAC,2001,14076443224
Macao,MAC,2002,15329923614
Macao,MAC,2003,17114841063
Macao,MAC,2004,21673699752
Macao,MAC,2005,23424490230
Macao,MAC,2006,26561538062
Macao,MAC,2007,30408119660
Macao,MAC,2008,31439719865
Macao,MAC,2009,31847926733
Macao,MAC,2010,39842746025
Macao,MAC,2011,48457666664
Macao,MAC,2012,52924239876
Macao,MAC,2013,58630357383
Macao,MAC,2014,57435035498
Macao,MAC,2015,44940613353
Macao,MAC,2016,44625350360
Macao,MAC,2017,49051541817
Macao,MAC,2018,52170812899
Macao,MAC,2019,50886936460
Macao,MAC,2020,23203378176
Macao,MAC,2021,28415367854
Macao,MAC,2022,23028683194
Macao,MAC,2023,40371220293
Macao,MAC,2024,43540200437
Madagascar,MDG,1960,4151435154
Madagascar,MDG,1961,4236482815
Madagascar,MDG,1962,4332696292
Madagascar,MDG,1963,4292428143
Madagascar,MDG,1964,4462516417
Madagascar,MDG,1965,4442334514
Madagascar,MDG,1966,4534048838
Madagascar,MDG,1967,4784716703
Madagascar,MDG,1968,5111454772
Madagascar,MDG,1969,5301663360
Madagascar,MDG,1970,5581403272
Madagascar,MDG,1971,5800716980
Madagascar,MDG,1972,5726895807
Madagascar,MDG,1973,5576938281
Madagascar,MDG,1974,5688860706
Madagascar,MDG,1975,5760465920
Madagascar,MDG,1976,5583685378
Madagascar,MDG,1977,5715683720
Madagascar,MDG,1978,5563543310
Madagascar,MDG,1979,6111811047
Madagascar,MDG,1980,6170038735
Madagascar,MDG,1981,5565374939
Madagascar,MDG,1982,5459632815
Madagascar,MDG,1983,5508769510
Madagascar,MDG,1984,5605733876
Madagascar,MDG,1985,5670555451
Madagascar,MDG,1986,5781711090
Madagascar,MDG,1987,5849641181
Madagascar,MDG,1988,6048934315
Madagascar,MDG,1989,6295421169
Madagascar,MDG,1990,6492398920
Madagascar,MDG,1991,6082965417
Madagascar,MDG,1992,6154798240
Madagascar,MDG,1993,6284044275
Madagascar,MDG,1994,6281398611
Madagascar,MDG,1995,6386837686
Madagascar,MDG,1996,6524423229
Madagascar,MDG,1997,6765402319
Madagascar,MDG,1998,7030408175
Madagascar,MDG,1999,7360783017
Madagascar,MDG,2000,7688842733
Madagascar,MDG,2001,8148653656
Madagascar,MDG,2002,7137571065
Madagascar,MDG,2003,7835974694
Madagascar,MDG,2004,8247912168
Madagascar,MDG,2005,8640170094
Madagascar,MDG,2006,9106610406
Madagascar,MDG,2007,9626649240
Madagascar,MDG,2008,10272850829
Madagascar,MDG,2009,9864124029
Madagascar,MDG,2010,9925206605
Madagascar,MDG,2011,10081868751
Madagascar,MDG,2012,10385448752
Madagascar,MDG,2013,10624353147
Madagascar,MDG,2014,10979121878
Madagascar,MDG,2015,11323020701
Madagascar,MDG,2016,11775165456
Madagascar,MDG,2017,12238318933
Madagascar,MDG,2018,12629254472
Madagascar,MDG,2019,13186360203
Madagascar,MDG,2020,12245161113
Madagascar,MDG,2021,12814644792
Madagascar,MDG,2022,13347233960
Madagascar,MDG,2023,13908224364
Madagascar,MDG,2024,14492369787
Malawi,MWI,1960,944667422
Malawi,MWI,1961,1016836214
Malawi,MWI,1962,1023632388
Malawi,MWI,1963,1009392858
Malawi,MWI,1964,1036253845
Malawi,MWI,1965,1177355281
Malawi,MWI,1966,1333343510
Malawi,MWI,1967,1430431584
Malawi,MWI,1968,1402923252
Malawi,MWI,1969,1485448247
Malawi,MWI,1970,1492567970
Malawi,MWI,1971,1734641056
Malawi,MWI,1972,1842732594
Malawi,MWI,1973,1885127635
Malawi,MWI,1974,2020403708
Malawi,MWI,1975,2143382122
Malawi,MWI,1976,2250502600
Malawi,MWI,1977,2361183024
Malawi,MWI,1978,2591281916
Malawi,MWI,1979,2705198653
Malawi,MWI,1980,2716201951
Malawi,MWI,1981,2572511628
Malawi,MWI,1982,2636913267
Malawi,MWI,1983,2734972402
Malawi,MWI,1984,2881575238
Malawi,MWI,1985,3013291524
Malawi,MWI,1986,3006818901
Malawi,MWI,1987,3055686904
Malawi,MWI,1988,3152774981
Malawi,MWI,1989,3195170015
Malawi,MWI,1990,3377048507
Malawi,MWI,1991,3671872668
Malawi,MWI,1992,3402615041
Malawi,MWI,1993,3732391067
Malawi,MWI,1994,3350187439
Malawi,MWI,1995,3910634175
Malawi,MWI,1996,4196762833
Malawi,MWI,1997,4355921668
Malawi,MWI,1998,4525595860
Malawi,MWI,1999,4663277073
Malawi,MWI,2000,4736773940
Malawi,MWI,2001,4501121160
Malawi,MWI,2002,4577640221
Malawi,MWI,2003,4838823865
Malawi,MWI,2004,5101112194
Malawi,MWI,2005,5267853576
Malawi,MWI,2006,5515442681
Malawi,MWI,2007,6044925172
Malawi,MWI,2008,6506741521
Malawi,MWI,2009,7048630103
Malawi,MWI,2010,7533157578
Malawi,MWI,2011,7904743381
Malawi,MWI,2012,8054933506
Malawi,MWI,2013,8490733601
Malawi,MWI,2014,8968360291
Malawi,MWI,2015,9219474379
Malawi,MWI,2016,9449961238
Malawi,MWI,2017,9827959688
Malawi,MWI,2018,10255826273
Malawi,MWI,2019,10842133933
Malawi,MWI,2020,10928176721
Malawi,MWI,2021,11426314939
Malawi,MWI,2022,11531564448
Malawi,MWI,2023,11755940188
Malawi,MWI,2024,11952668098
Malaysia,MYS,1960,10075053649
Malaysia,MYS,1961,10840555621
Malaysia,MYS,1962,11536630907
Malaysia,MYS,1963,12383281583
Malaysia,MYS,1964,13046897050
Malaysia,MYS,1965,14049533276
Malaysia,MYS,1966,15147744693
Malaysia,MYS,1967,15732015396
Malaysia,MYS,1968,16987114742
Malaysia,MYS,1969,17817535562
Malaysia,MYS,1970,18884189212
Malaysia,MYS,1971,20779153503
Malaysia,MYS,1972,22729992899
Malaysia,MYS,1973,25389647919
Malaysia,MYS,1974,27501726905
Malaysia,MYS,1975,27722034464
Malaysia,MYS,1976,30927669086
Malaysia,MYS,1977,33325509326
Malaysia,MYS,1978,35542952796
Malaysia,MYS,1979,38865898972
Malaysia,MYS,1980,41758231849
Malaysia,MYS,1981,44657131817
Malaysia,MYS,1982,47311173244
Malaysia,MYS,1983,50269176995
Malaysia,MYS,1984,54170965009
Malaysia,MYS,1985,53615577053
Malaysia,MYS,1986,54280729183
Malaysia,MYS,1987,57098947792
Malaysia,MYS,1988,62773281162
Malaysia,MYS,1989,68460289886
Malaysia,MYS,1990,74627553679
Malaysia,MYS,1991,81751102498
Malaysia,MYS,1992,89014784403
Malaysia,MYS,1993,97822746879
Malaysia,MYS,1994,106834219205
Malaysia,MYS,1995,117335045630
Malaysia,MYS,1996,129071719045
Malaysia,MYS,1997,138523307832
Malaysia,MYS,1998,128328802476
Malaysia,MYS,1999,136205126470
Malaysia,MYS,2000,148271359064
Malaysia,MYS,2001,149038923296
Malaysia,MYS,2002,157073594223
Malaysia,MYS,2003,166165798103
Malaysia,MYS,2004,177437551536
Malaysia,MYS,2005,186898768708
Malaysia,MYS,2006,197336779111
Malaysia,MYS,2007,209766600383
Malaysia,MYS,2008,219902039818
Malaysia,MYS,2009,216573759299
Malaysia,MYS,2010,232654030399
Malaysia,MYS,2011,244970531973
Malaysia,MYS,2012,258378881826
Malaysia,MYS,2013,270506469604
Malaysia,MYS,2014,286755041078
Malaysia,MYS,2015,301355266964
Malaysia,MYS,2016,314764917575
Malaysia,MYS,2017,333061328477
Malaysia,MYS,2018,349191778300
Malaysia,MYS,2019,364602265936
Malaysia,MYS,2020,344706479641
Malaysia,MYS,2021,356134704342
Malaysia,MYS,2022,388299855024
Malaysia,MYS,2023,402034268648
Malaysia,MYS,2024,422559964245
Maldives,MDV,1970,187964776
Maldives,MDV,1971,197752527
Maldives,MDV,1972,202546528
Maldives,MDV,1973,205742529
Maldives,MDV,1974,217527780
Maldives,MDV,1975,200149528
Maldives,MDV,1976,201348028
Maldives,MDV,1977,224004421
Maldives,MDV,1978,256898849
Maldives,MDV,1979,284295074
Maldives,MDV,1980,337096793
Maldives,MDV,1981,376755239
Maldives,MDV,1982,365406574
Maldives,MDV,1983,424808146
Maldives,MDV,1984,539317202
Maldives,MDV,1985,622458576
Maldives,MDV,1986,680724366
Maldives,MDV,1987,740826580
Maldives,MDV,1988,805503273
Maldives,MDV,1989,880631019
Maldives,MDV,1990,1029918209
Maldives,MDV,1991,1044776799
Maldives,MDV,1992,1114472035
Maldives,MDV,1993,1176400673
Maldives,MDV,1994,1267565681
Maldives,MDV,1995,1432169026
Maldives,MDV,1996,1544718134
Maldives,MDV,1997,1674442652
Maldives,MDV,1998,1799936819
Maldives,MDV,1999,1911094724
Maldives,MDV,2000,1984591804
Maldives,MDV,2001,1906326757
Maldives,MDV,2002,2044885954
Maldives,MDV,2003,2326058788
Maldives,MDV,2004,2463875271
Maldives,MDV,2005,2188480301
Maldives,MDV,2006,2705624149
Maldives,MDV,2007,2898626608
Maldives,MDV,2008,3158820509
Maldives,MDV,2009,2895352810
Maldives,MDV,2010,3091816044
Maldives,MDV,2011,3365238508
Maldives,MDV,2012,3445643747
Maldives,MDV,2013,3685976098
Maldives,MDV,2014,3975719121
Maldives,MDV,2015,4129505319
Maldives,MDV,2016,4392772972
Maldives,MDV,2017,4703536561
Maldives,MDV,2018,5106580520
Maldives,MDV,2019,5460112147
Maldives,MDV,2020,3663253190
Maldives,MDV,2021,5037261439
Maldives,MDV,2022,5733717715
Maldives,MDV,2023,6017127527
Maldives,MDV,2024,6227390285
Mali,MLI,1967,3078971539
Mali,MLI,1968,3193152434
Mali,MLI,1969,3200528597
Mali,MLI,1970,3396943593
Mali,MLI,1971,3484210939
Mali,MLI,1972,3687828798
Mali,MLI,1973,3634166619
Mali,MLI,1974,3578606531
Mali,MLI,1975,3994621299
Mali,MLI,1976,4538826076
Mali,MLI,1977,4826980130
Mali,MLI,1978,4756338418
Mali,MLI,1979,5250792007
Mali,MLI,1980,5023651153
Mali,MLI,1981,5136656281
Mali,MLI,1982,4704706961
Mali,MLI,1983,4596435346
Mali,MLI,1984,4467248183
Mali,MLI,1985,5056556735
Mali,MLI,1986,5017992440
Mali,MLI,1987,4979274371
Mali,MLI,1988,5517319744
Mali,MLI,1989,5715665208
Mali,MLI,1990,5413448188
Mali,MLI,1991,6098639579
Mali,MLI,1992,5790098351
Mali,MLI,1993,6041865012
Mali,MLI,1994,6379707258
Mali,MLI,1995,6426195785
Mali,MLI,1996,6835267858
Mali,MLI,1997,7116972455
Mali,MLI,1998,7590483163
Mali,MLI,1999,7947682136
Mali,MLI,2000,7889185607
Mali,MLI,2001,9136152788
Mali,MLI,2002,9413551548
Mali,MLI,2003,10335808731
Mali,MLI,2004,10488502207
Mali,MLI,2005,10754740076
Mali,MLI,2006,11151547252
Mali,MLI,2007,11347819622
Mali,MLI,2008,11760733950
Mali,MLI,2009,12402250894
Mali,MLI,2010,13093898208
Mali,MLI,2011,13478253743
Mali,MLI,2012,13333713052
Mali,MLI,2013,13772483870
Mali,MLI,2014,14668058747
Mali,MLI,2015,15583181170
Mali,MLI,2016,16518961030
Mali,MLI,2017,17406945659
Mali,MLI,2018,18254289663
Mali,MLI,2019,19167003985
Mali,MLI,2020,18942920941
Mali,MLI,2021,19530329790
Mali,MLI,2022,20253575064
Mali,MLI,2023,21210639746
Mali,MLI,2024,22269531976
Malta,MLT,1970,948276538
Malta,MLT,1971,971547184
Malta,MLT,1972,1028269286
Malta,MLT,1973,1070902753
Malta,MLT,1974,1178382880
Malta,MLT,1975,1408875524
Malta,MLT,1976,1648625134
Malta,MLT,1977,1849496420
Malta,MLT,1978,2055921641
Malta,MLT,1979,2271603717
Malta,MLT,1980,2431745219
Malta,MLT,1981,2512278835
Malta,MLT,1982,2569670646
Malta,MLT,1983,2553934237
Malta,MLT,1984,2578001771
Malta,MLT,1985,2644650327
Malta,MLT,1986,2747400017
Malta,MLT,1987,2860332292
Malta,MLT,1988,3101007410
Malta,MLT,1989,3354642080
Malta,MLT,1990,3565695728
Malta,MLT,1991,3788783235
Malta,MLT,1992,3966512486
Malta,MLT,1993,4144241960
Malta,MLT,1994,4378437387
Malta,MLT,1995,4656139454
Malta,MLT,1996,4832017470
Malta,MLT,1997,5086035706
Malta,MLT,1998,5346725602
Malta,MLT,1999,5599089764
Malta,MLT,2000,6701061697
Malta,MLT,2001,6650321051
Malta,MLT,2002,6832615339
Malta,MLT,2003,7084965036
Malta,MLT,2004,7113825958
Malta,MLT,2005,7318792018
Malta,MLT,2006,7489772865
Malta,MLT,2007,7866987912
Malta,MLT,2008,8213969014
Malta,MLT,2009,8099363633
Malta,MLT,2010,8601309578
Malta,MLT,2011,8686651936
Malta,MLT,2012,9042950074
Malta,MLT,2013,9611962674
Malta,MLT,2014,10345486496
Malta,MLT,2015,11340795042
Malta,MLT,2016,11803273067
Malta,MLT,2017,13334316042
Malta,MLT,2018,14292948664
Malta,MLT,2019,14876823596
Malta,MLT,2020,14362489738
Malta,MLT,2021,16288744391
Malta,MLT,2022,16693210193
Malta,MLT,2023,18466282602
Malta,MLT,2024,19721971907
Marshall Islands,MHL,1970,45931279
Marshall Islands,MHL,1971,46992251
Marshall Islands,MHL,1972,47500633
Marshall Islands,MHL,1973,63614159
Marshall Islands,MHL,1974,73361847
Marshall Islands,MHL,1975,73406055
Marshall Islands,MHL,1976,73671296
Marshall Islands,MHL,1977,75461687
Marshall Islands,MHL,1978,79705580
Marshall Islands,MHL,1979,81407556
Marshall Islands,MHL,1980,75550101
Marshall Islands,MHL,1981,80412893
Marshall Islands,MHL,1982,84297824
Marshall Islands,MHL,1983,97370735
Marshall Islands,MHL,1984,101135112
Marshall Islands,MHL,1985,94806793
Marshall Islands,MHL,1986,118074749
Marshall Islands,MHL,1987,129130978
Marshall Islands,MHL,1988,139189050
Marshall Islands,MHL,1989,136834516
Marshall Islands,MHL,1990,140496545
Marshall Islands,MHL,1991,140619900
Marshall Islands,MHL,1992,150661400
Marshall Islands,MHL,1993,159710500
Marshall Islands,MHL,1994,169097800
Marshall Islands,MHL,1995,182986300
Marshall Islands,MHL,1996,164133300
Marshall Islands,MHL,1997,153553800
Marshall Islands,MHL,1998,152518700
Marshall Islands,MHL,1999,150483000
Marshall Islands,MHL,2000,154176500
Marshall Islands,MHL,2001,164861000
Marshall Islands,MHL,2002,170855000
Marshall Islands,MHL,2003,168186800
Marshall Islands,MHL,2004,167500000
Marshall Islands,MHL,2005,170500000
Marshall Islands,MHL,2006,170800000
Marshall Islands,MHL,2007,177100000
Marshall Islands,MHL,2008,163700000
Marshall Islands,MHL,2009,169700000
Marshall Islands,MHL,2010,179100000
Marshall Islands,MHL,2011,178200000
Marshall Islands,MHL,2012,175900000
Marshall Islands,MHL,2013,182600000
Marshall Islands,MHL,2014,180300000
Marshall Islands,MHL,2015,183700000
Marshall Islands,MHL,2016,188300000
Marshall Islands,MHL,2017,195000000
Marshall Islands,MHL,2018,205700000
Marshall Islands,MHL,2019,227200000
Marshall Islands,MHL,2020,220900000
Marshall Islands,MHL,2021,225670074
Marshall Islands,MHL,2022,224089111
Marshall Islands,MHL,2023,212866912
Marshall Islands,MHL,2024,218192687
Mauritania,MRT,1961,1064724230
Mauritania,MRT,1962,1072460605
Mauritania,MRT,1963,1051185480
Mauritania,MRT,1964,1342268056
Mauritania,MRT,1965,1558887711
Mauritania,MRT,1966,1562488149
Mauritania,MRT,1967,1618224178
Mauritania,MRT,1968,1783225478
Mauritania,MRT,1969,1805489620
Mauritania,MRT,1970,2021894363
Mauritania,MRT,1971,2059155580
Mauritania,MRT,1972,2044063867
Mauritania,MRT,1973,1950348507
Mauritania,MRT,1974,2187561810
Mauritania,MRT,1975,2075244196
Mauritania,MRT,1976,2252596742
Mauritania,MRT,1977,2210279602
Mauritania,MRT,1978,2199124015
Mauritania,MRT,1979,2304462932
Mauritania,MRT,1980,2382151221
Mauritania,MRT,1981,2464342309
Mauritania,MRT,1982,2406678569
Mauritania,MRT,1983,2496576245
Mauritania,MRT,1984,2416015114
Mauritania,MRT,1985,2488368980
Mauritania,MRT,1986,2630543916
Mauritania,MRT,1987,2680534356
Mauritania,MRT,1988,2726650215
Mauritania,MRT,1989,2856918258
Mauritania,MRT,1990,2806313536
Mauritania,MRT,1991,2856492870
Mauritania,MRT,1992,2910027138
Mauritania,MRT,1993,3080951581
Mauritania,MRT,1994,2986651905
Mauritania,MRT,1995,3279935161
Mauritania,MRT,1996,3470788902
Mauritania,MRT,1997,3330406023
Mauritania,MRT,1998,3422918201
Mauritania,MRT,1999,3548648090
Mauritania,MRT,2000,3409611141
Mauritania,MRT,2001,3382351510
Mauritania,MRT,2002,3429078153
Mauritania,MRT,2003,3666653932
Mauritania,MRT,2004,3840187785
Mauritania,MRT,2005,4169149304
Mauritania,MRT,2006,4933487730
Mauritania,MRT,2007,4836326500
Mauritania,MRT,2008,4820314428
Mauritania,MRT,2009,4825032355
Mauritania,MRT,2010,4951459275
Mauritania,MRT,2011,5158072939
Mauritania,MRT,2012,5388639480
Mauritania,MRT,2013,5612311839
Mauritania,MRT,2014,5852228252
Mauritania,MRT,2015,6166863896
Mauritania,MRT,2016,6244622452
Mauritania,MRT,2017,6636194355
Mauritania,MRT,2018,6952885074
Mauritania,MRT,2019,7171275534
Mauritania,MRT,2020,7145411800
Mauritania,MRT,2021,7198481880
Mauritania,MRT,2022,7687691068
Mauritania,MRT,2023,8211183625
Mauritania,MRT,2024,8729112418
Mauritius,MUS,1960,968988710
Mauritius,MUS,1961,1190393861
Mauritius,MUS,1962,1199994231
Mauritius,MUS,1963,1366727737
Mauritius,MUS,1964,1272567126
Mauritius,MUS,1965,1313250841
Mauritius,MUS,1966,1266391365
Mauritius,MUS,1967,1321911600
Mauritius,MUS,1968,1230836442
Mauritius,MUS,1969,1291553245
Mauritius,MUS,1970,1286356771
Mauritius,MUS,1971,1341330044
Mauritius,MUS,1972,1453282307
Mauritius,MUS,1973,1627410034
Mauritius,MUS,1974,1770814578
Mauritius,MUS,1975,1786859757
Mauritius,MUS,1976,2211282620
Mauritius,MUS,1977,2356068982
Mauritius,MUS,1978,2446325416
Mauritius,MUS,1979,2532351079
Mauritius,MUS,1980,2277564691
Mauritius,MUS,1981,2411539084
Mauritius,MUS,1982,2544103218
Mauritius,MUS,1983,2553867367
Mauritius,MUS,1984,2673857907
Mauritius,MUS,1985,2859810699
Mauritius,MUS,1986,3138414410
Mauritius,MUS,1987,3417452086
Mauritius,MUS,1988,3649543107
Mauritius,MUS,1989,3812500630
Mauritius,MUS,1990,4086495015
Mauritius,MUS,1991,4267749305
Mauritius,MUS,1992,4545694954
Mauritius,MUS,1993,4776710033
Mauritius,MUS,1994,4974281584
Mauritius,MUS,1995,5187565675
Mauritius,MUS,1996,5477438748
Mauritius,MUS,1997,5788966840
Mauritius,MUS,1998,6140469444
Mauritius,MUS,1999,6300792946
Mauritius,MUS,2000,6817633870
Mauritius,MUS,2001,7045856941
Mauritius,MUS,2002,7159641799
Mauritius,MUS,2003,7583882471
Mauritius,MUS,2004,7912266088
Mauritius,MUS,2005,8052910022
Mauritius,MUS,2006,8444727951
Mauritius,MUS,2007,8928358886
Mauritius,MUS,2008,9409326234
Mauritius,MUS,2009,9721252644
Mauritius,MUS,2010,10146771628
Mauritius,MUS,2011,10560510104
Mauritius,MUS,2012,10929718037
Mauritius,MUS,2013,11297000949
Mauritius,MUS,2014,11729333766
Mauritius,MUS,2015,12162211503
Mauritius,MUS,2016,12631973062
Mauritius,MUS,2017,13129418116
Mauritius,MUS,2018,13655479838
Mauritius,MUS,2019,14050298678
Mauritius,MUS,2020,12006466620
Mauritius,MUS,2021,12415142570
Mauritius,MUS,2022,13494399202
Mauritius,MUS,2023,14170187784
Mauritius,MUS,2024,14868086969
Mexico,MEX,1960,152252652596
Mexico,MEX,1961,159865285227
Mexico,MEX,1962,167322065048
Mexico,MEX,1963,180886675666
Mexico,MEX,1964,202422104046
Mexico,MEX,1965,216794073428
Mexico,MEX,1966,230010142144
Mexico,MEX,1967,243477063180
Mexico,MEX,1968,266420585702
Mexico,MEX,1969,275528493192
Mexico,MEX,1970,293444689473
Mexico,MEX,1971,304485451087
Mexico,MEX,1972,329540972152
Mexico,MEX,1973,355446582963
Mexico,MEX,1974,375980117956
Mexico,MEX,1975,397578239618
Mexico,MEX,1976,415141036251
Mexico,MEX,1977,429216973065
Mexico,MEX,1978,467661689803
Mexico,MEX,1979,513016316146
Mexico,MEX,1980,557939217934
Mexico,MEX,1981,611422385105
Mexico,MEX,1982,611119202965
Mexico,MEX,1983,582860269033
Mexico,MEX,1984,603338559533
Mexico,MEX,1985,614917928411
Mexico,MEX,1986,590751900359
Mexico,MEX,1987,602941257829
Mexico,MEX,1988,610286657409
Mexico,MEX,1989,632412287308
Mexico,MEX,1990,665614206222
Mexico,MEX,1991,692078394538
Mexico,MEX,1992,716775997861
Mexico,MEX,1993,737325961811
Mexico,MEX,1994,769725007521
Mexico,MEX,1995,724231953299
Mexico,MEX,1996,769266848274
Mexico,MEX,1997,824645415966
Mexico,MEX,1998,875650385843
Mexico,MEX,1999,899774820109
Mexico,MEX,2000,945027051117
Mexico,MEX,2001,940766441516
Mexico,MEX,2002,938540700989
Mexico,MEX,2003,949667522095
Mexico,MEX,2004,983527357381
Mexico,MEX,2005,1004311720993
Mexico,MEX,2006,1052569035045
Mexico,MEX,2007,1074439987409
Mexico,MEX,2008,1084575522159
Mexico,MEX,2009,1016298775551
Mexico,MEX,2010,1066822388048
Mexico,MEX,2011,1103564231781
Mexico,MEX,2012,1142776194808
Mexico,MEX,2013,1152513808584
Mexico,MEX,2014,1181370028689
Mexico,MEX,2015,1213294467716
Mexico,MEX,2016,1234800030119
Mexico,MEX,2017,1257912134612
Mexico,MEX,2018,1282719194577
Mexico,MEX,2019,1277682078094
Mexico,MEX,2020,1170944075446
Mexico,MEX,2021,1241768434200
Mexico,MEX,2022,1287835026749
Mexico,MEX,2023,1331023107619
Mexico,MEX,2024,1350022500028
Micronesia (country),FSM,1970,99705102
Micronesia (country),FSM,1971,101999890
Micronesia (country),FSM,1972,103088142
Micronesia (country),FSM,1973,138065957
Micronesia (country),FSM,1974,159227710
Micronesia (country),FSM,1975,159345997
Micronesia (country),FSM,1976,159913784
Micronesia (country),FSM,1977,163793635
Micronesia (country),FSM,1978,173031938
Micronesia (country),FSM,1979,176698872
Micronesia (country),FSM,1980,163982895
Micronesia (country),FSM,1981,179928140
Micronesia (country),FSM,1982,175212108
Micronesia (country),FSM,1983,178593697
Micronesia (country),FSM,1984,171534783
Micronesia (country),FSM,1985,199924950
Micronesia (country),FSM,1986,215877656
Micronesia (country),FSM,1987,218467670
Micronesia (country),FSM,1988,224036200
Micronesia (country),FSM,1989,231935742
Micronesia (country),FSM,1990,240612288
Micronesia (country),FSM,1991,258483384
Micronesia (country),FSM,1992,268843440
Micronesia (country),FSM,1993,290729057
Micronesia (country),FSM,1994,289175049
Micronesia (country),FSM,1995,309459131
Micronesia (country),FSM,1996,299126148
Micronesia (country),FSM,1997,280547201
Micronesia (country),FSM,1998,288505791
Micronesia (country),FSM,1999,291762421
Micronesia (country),FSM,2000,305255189
Micronesia (country),FSM,2001,310811267
Micronesia (country),FSM,2002,312188883
Micronesia (country),FSM,2003,317692041
Micronesia (country),FSM,2004,307556448
Micronesia (country),FSM,2005,314673715
Micronesia (country),FSM,2006,314047582
Micronesia (country),FSM,2007,308634425
Micronesia (country),FSM,2008,300660891
Micronesia (country),FSM,2009,303963551
Micronesia (country),FSM,2010,310244010
Micronesia (country),FSM,2011,321982777
Micronesia (country),FSM,2012,316527680
Micronesia (country),FSM,2013,304890763
Micronesia (country),FSM,2014,297006847
Micronesia (country),FSM,2015,310175057
Micronesia (country),FSM,2016,313099160
Micronesia (country),FSM,2017,319911415
Micronesia (country),FSM,2018,319911415
Micronesia (country),FSM,2019,332969024
Micronesia (country),FSM,2020,327398648
Micronesia (country),FSM,2021,337547021
Micronesia (country),FSM,2022,327738276
Micronesia (country),FSM,2023,329223318
Micronesia (country),FSM,2024,331590401
"Middle East, North Africa, Afghanistan and Pakistan (WB)",WB_MENAP,1960,245316426271
"Middle East, North Africa, Afghanistan and Pakistan (WB)",WB_MENAP,1961,260377305856
"Middle East, North Africa, Afghanistan and Pakistan (WB)",WB_MENAP,1962,274544524450
"Middle East, North Africa, Afghanistan and Pakistan (WB)",WB_MENAP,1963,303519517071
"Middle East, North Africa, Afghanistan and Pakistan (WB)",WB_MENAP,1964,332554457014
"Middle East, North Africa, Afghanistan and Pakistan (WB)",WB_MENAP,1965,371806992753
"Middle East, North Africa, Afghanistan and Pakistan (WB)",WB_MENAP,1966,396512074698
"Middle East, North Africa, Afghanistan and Pakistan (WB)",WB_MENAP,1967,427232945196
"Middle East, North Africa, Afghanistan and Pakistan (WB)",WB_MENAP,1968,479678384277
"Middle East, North Africa, Afghanistan and Pakistan (WB)",WB_MENAP,1969,529632025971
"Middle East, North Africa, Afghanistan and Pakistan (WB)",WB_MENAP,1970,621902185776
"Middle East, North Africa, Afghanistan and Pakistan (WB)",WB_MENAP,1971,677579623318
"Middle East, North Africa, Afghanistan and Pakistan (WB)",WB_MENAP,1972,769417985974
"Middle East, North Africa, Afghanistan and Pakistan (WB)",WB_MENAP,1973,855155053478
"Middle East, North Africa, Afghanistan and Pakistan (WB)",WB_MENAP,1974,929468218998
"Middle East, North Africa, Afghanistan and Pakistan (WB)",WB_MENAP,1975,930538989771
"Middle East, North Africa, Afghanistan and Pakistan (WB)",WB_MENAP,1976,1059426639636
"Middle East, North Africa, Afghanistan and Pakistan (WB)",WB_MENAP,1977,1099590201158
"Middle East, North Africa, Afghanistan and Pakistan (WB)",WB_MENAP,1978,1096859392214
"Middle East, North Africa, Afghanistan and Pakistan (WB)",WB_MENAP,1979,1158320927945
"Middle East, North Africa, Afghanistan and Pakistan (WB)",WB_MENAP,1980,1175072176945
"Middle East, North Africa, Afghanistan and Pakistan (WB)",WB_MENAP,1981,1181357259437
"Middle East, North Africa, Afghanistan and Pakistan (WB)",WB_MENAP,1982,1166335039689
"Middle East, North Africa, Afghanistan and Pakistan (WB)",WB_MENAP,1983,1161661290042
"Middle East, North Africa, Afghanistan and Pakistan (WB)",WB_MENAP,1984,1163035260452
"Middle East, North Africa, Afghanistan and Pakistan (WB)",WB_MENAP,1985,1170025093002
"Middle East, North Africa, Afghanistan and Pakistan (WB)",WB_MENAP,1986,1152294652616
"Middle East, North Africa, Afghanistan and Pakistan (WB)",WB_MENAP,1987,1163756596668
"Middle East, North Africa, Afghanistan and Pakistan (WB)",WB_MENAP,1988,1190574376111
"Middle East, North Africa, Afghanistan and Pakistan (WB)",WB_MENAP,1989,1236739546824
"Middle East, North Africa, Afghanistan and Pakistan (WB)",WB_MENAP,1990,1342630025051
"Middle East, North Africa, Afghanistan and Pakistan (WB)",WB_MENAP,1991,1372406997439
"Middle East, North Africa, Afghanistan and Pakistan (WB)",WB_MENAP,1992,1458537436747
"Middle East, North Africa, Afghanistan and Pakistan (WB)",WB_MENAP,1993,1494446113134
"Middle East, North Africa, Afghanistan and Pakistan (WB)",WB_MENAP,1994,1540571106801
"Middle East, North Africa, Afghanistan and Pakistan (WB)",WB_MENAP,1995,1589980789925
"Middle East, North Africa, Afghanistan and Pakistan (WB)",WB_MENAP,1996,1671068533083
"Middle East, North Africa, Afghanistan and Pakistan (WB)",WB_MENAP,1997,1740119133314
"Middle East, North Africa, Afghanistan and Pakistan (WB)",WB_MENAP,1998,1812663616200
"Middle East, North Africa, Afghanistan and Pakistan (WB)",WB_MENAP,1999,1863203871368
"Middle East, North Africa, Afghanistan and Pakistan (WB)",WB_MENAP,2000,1981800733261
"Middle East, North Africa, Afghanistan and Pakistan (WB)",WB_MENAP,2001,2020698620800
"Middle East, North Africa, Afghanistan and Pakistan (WB)",WB_MENAP,2002,2062854743334
"Middle East, North Africa, Afghanistan and Pakistan (WB)",WB_MENAP,2003,2159800806865
"Middle East, North Africa, Afghanistan and Pakistan (WB)",WB_MENAP,2004,2331304181927
"Middle East, North Africa, Afghanistan and Pakistan (WB)",WB_MENAP,2005,2454593088124
"Middle East, North Africa, Afghanistan and Pakistan (WB)",WB_MENAP,2006,2601577808790
"Middle East, North Africa, Afghanistan and Pakistan (WB)",WB_MENAP,2007,2737718670253
"Middle East, North Africa, Afghanistan and Pakistan (WB)",WB_MENAP,2008,2857536038126
"Middle East, North Africa, Afghanistan and Pakistan (WB)",WB_MENAP,2009,2889490672126
"Middle East, North Africa, Afghanistan and Pakistan (WB)",WB_MENAP,2010,3028465499180
"Middle East, North Africa, Afghanistan and Pakistan (WB)",WB_MENAP,2011,3144827143335
"Middle East, North Africa, Afghanistan and Pakistan (WB)",WB_MENAP,2012,3278425667152
"Middle East, North Africa, Afghanistan and Pakistan (WB)",WB_MENAP,2013,3357670897187
"Middle East, North Africa, Afghanistan and Pakistan (WB)",WB_MENAP,2014,3462499541386
"Middle East, North Africa, Afghanistan and Pakistan (WB)",WB_MENAP,2015,3558416509933
"Middle East, North Africa, Afghanistan and Pakistan (WB)",WB_MENAP,2016,3718490694026
"Middle East, North Africa, Afghanistan and Pakistan (WB)",WB_MENAP,2017,3795705838717
"Middle East, North Africa, Afghanistan and Pakistan (WB)",WB_MENAP,2018,3886800967972
"Middle East, North Africa, Afghanistan and Pakistan (WB)",WB_MENAP,2019,3948654414995
"Middle East, North Africa, Afghanistan and Pakistan (WB)",WB_MENAP,2020,3807095253349
"Middle East, North Africa, Afghanistan and Pakistan (WB)",WB_MENAP,2021,3998832510005
"Middle East, North Africa, Afghanistan and Pakistan (WB)",WB_MENAP,2022,4256618404294
"Middle East, North Africa, Afghanistan and Pakistan (WB)",WB_MENAP,2023,4352784227859
"Middle East, North Africa, Afghanistan and Pakistan (WB)",WB_MENAP,2024,4444729170924
Moldova,MDA,1990,11137693132
Moldova,MDA,1991,9355662201
Moldova,MDA,1992,6633164508
Moldova,MDA,1993,6553566538
Moldova,MDA,1994,4528514463
Moldova,MDA,1995,4465115303
Moldova,MDA,1996,4202697785
Moldova,MDA,1997,4271918931
Moldova,MDA,1998,3992441789
Moldova,MDA,1999,3857966190
Moldova,MDA,2000,3939281163
Moldova,MDA,2001,4179577330
Moldova,MDA,2002,4505584348
Moldova,MDA,2003,4802952913
Moldova,MDA,2004,5158371415
Moldova,MDA,2005,5545249279
Moldova,MDA,2006,5811421236
Moldova,MDA,2007,5985763886
Moldova,MDA,2008,6452653478
Moldova,MDA,2009,6065494252
Moldova,MDA,2010,6496144351
Moldova,MDA,2011,6874100822
Moldova,MDA,2012,6833561915
Moldova,MDA,2013,7451580071
Moldova,MDA,2014,7824131195
Moldova,MDA,2015,7797667196
Moldova,MDA,2016,8159947934
Moldova,MDA,2017,8500675703
Moldova,MDA,2018,8847128857
Moldova,MDA,2019,9161406662
Moldova,MDA,2020,8403210632
Moldova,MDA,2021,9573777856
Moldova,MDA,2022,9133384072
Moldova,MDA,2023,9242984685
Moldova,MDA,2024,9252510447
Monaco,MCO,1970,1764785205
Monaco,MCO,1971,1857049235
Monaco,MCO,1972,1943370633
Monaco,MCO,1973,2070734432
Monaco,MCO,1974,2163391744
Monaco,MCO,1975,2142349784
Monaco,MCO,1976,2236862304
Monaco,MCO,1977,2316343303
Monaco,MCO,1978,2407921124
Monaco,MCO,1979,2493021991
Monaco,MCO,1980,2535040815
Monaco,MCO,1981,2558423483
Monaco,MCO,1982,2620654307
Monaco,MCO,1983,2651970427
Monaco,MCO,1984,2691339343
Monaco,MCO,1985,2737326250
Monaco,MCO,1986,2804455472
Monaco,MCO,1987,2874134248
Monaco,MCO,1988,3006304228
Monaco,MCO,1989,3131476494
Monaco,MCO,1990,3214255640
Monaco,MCO,1991,3246884485
Monaco,MCO,1992,3291257691
Monaco,MCO,1993,3261178238
Monaco,MCO,1994,3333433693
Monaco,MCO,1995,3404007586
Monaco,MCO,1996,3441816980
Monaco,MCO,1997,3518819006
Monaco,MCO,1998,3642092596
Monaco,MCO,1999,3762301282
Monaco,MCO,2000,3909415913
Monaco,MCO,2001,3994943522
Monaco,MCO,2002,4035951520
Monaco,MCO,2003,4079843968
Monaco,MCO,2004,4180635803
Monaco,MCO,2005,4259876164
Monaco,MCO,2006,4507700786
Monaco,MCO,2007,5158500738
Monaco,MCO,2008,5197028095
Monaco,MCO,2009,4607841717
Monaco,MCO,2010,4703003769
Monaco,MCO,2011,5033265481
Monaco,MCO,2012,5084213121
Monaco,MCO,2013,5571133210
Monaco,MCO,2014,5971532102
Monaco,MCO,2015,6264756528
Monaco,MCO,2016,6453228194
Monaco,MCO,2017,6246325873
Monaco,MCO,2018,6602235351
Monaco,MCO,2019,7072373236
Monaco,MCO,2020,6136054329
Monaco,MCO,2021,7500235156
Monaco,MCO,2022,8345233814
Monaco,MCO,2023,8799544244
Monaco,MCO,2024,9548432765
Mongolia,MNG,1981,2484401291
Mongolia,MNG,1982,2691653428
Mongolia,MNG,1983,2848685511
Mongolia,MNG,1984,3017709971
Mongolia,MNG,1985,3190107887
Mongolia,MNG,1986,3489180326
Mongolia,MNG,1987,3609858808
Mongolia,MNG,1988,3794249397
Mongolia,MNG,1989,3952780563
Mongolia,MNG,1990,3826905840
Mongolia,MNG,1991,3494212069
Mongolia,MNG,1992,3170771527
Mongolia,MNG,1993,3070296387
Mongolia,MNG,1994,3135828262
Mongolia,MNG,1995,3335782058
Mongolia,MNG,1996,3410339918
Mongolia,MNG,1997,3543231097
Mongolia,MNG,1998,3661572769
Mongolia,MNG,1999,3773996564
Mongolia,MNG,2000,3817248910
Mongolia,MNG,2001,3929961221
Mongolia,MNG,2002,4115965440
Mongolia,MNG,2003,4404273778
Mongolia,MNG,2004,4872245746
Mongolia,MNG,2005,5225662152
Mongolia,MNG,2006,5672782077
Mongolia,MNG,2007,6254129712
Mongolia,MNG,2008,6810770268
Mongolia,MNG,2009,6724368909
Mongolia,MNG,2010,7152385862
Mongolia,MNG,2011,8389088993
Mongolia,MNG,2012,9422609644
Mongolia,MNG,2013,10520241544
Mongolia,MNG,2014,11349786311
Mongolia,MNG,2015,11619892590
Mongolia,MNG,2016,11793003947
Mongolia,MNG,2017,12457761002
Mongolia,MNG,2018,13422599720
Mongolia,MNG,2019,14174566537
Mongolia,MNG,2020,13528524951
Mongolia,MNG,2021,13749955731
Mongolia,MNG,2022,14441951078
Mongolia,MNG,2023,15513848972
Mongolia,MNG,2024,16308475359
Montenegro,MNE,1997,2711172142
Montenegro,MNE,1998,2844019736
Montenegro,MNE,1999,2576681934
Montenegro,MNE,2000,2656559076
Montenegro,MNE,2001,2685776941
Montenegro,MNE,2002,2736912434
Montenegro,MNE,2003,2804860644
Montenegro,MNE,2004,2929005198
Montenegro,MNE,2005,3051455322
Montenegro,MNE,2006,3312855741
Montenegro,MNE,2007,3549312481
Montenegro,MNE,2008,3794165363
Montenegro,MNE,2009,3566726069
Montenegro,MNE,2010,3665724040
Montenegro,MNE,2011,3790717464
Montenegro,MNE,2012,3696429855
Montenegro,MNE,2013,3821595609
Montenegro,MNE,2014,3912179230
Montenegro,MNE,2015,4010885990
Montenegro,MNE,2016,4148832618
Montenegro,MNE,2017,4282287496
Montenegro,MNE,2018,4484964786
Montenegro,MNE,2019,4682030356
Montenegro,MNE,2020,3980071397
Montenegro,MNE,2021,4499321890
Montenegro,MNE,2022,4847549017
Montenegro,MNE,2023,5161590831
Montenegro,MNE,2024,5324908668
Morocco,MAR,1966,11518527478
Morocco,MAR,1967,12673702326
Morocco,MAR,1968,13927351920
Morocco,MAR,1969,15091980118
Morocco,MAR,1970,15803334620
Morocco,MAR,1971,16687830454
Morocco,MAR,1972,17094552490
Morocco,MAR,1973,17703000748
Morocco,MAR,1974,18693669512
Morocco,MAR,1975,20106578472
Morocco,MAR,1976,22280658838
Morocco,MAR,1977,23630681317
Morocco,MAR,1978,24158274887
Morocco,MAR,1979,25316371177
Morocco,MAR,1980,26238435140
Morocco,MAR,1981,25780985097
Morocco,MAR,1982,28090283843
Morocco,MAR,1983,28479775173
Morocco,MAR,1984,30307717167
Morocco,MAR,1985,32128499365
Morocco,MAR,1986,35107166524
Morocco,MAR,1987,34993066802
Morocco,MAR,1988,39148576061
Morocco,MAR,1989,40262823843
Morocco,MAR,1990,41636515790
Morocco,MAR,1991,44641043473
Morocco,MAR,1992,43704591004
Morocco,MAR,1993,43380918430
Morocco,MAR,1994,47974090254
Morocco,MAR,1995,45380875814
Morocco,MAR,1996,50995795428
Morocco,MAR,1997,50199902853
Morocco,MAR,1998,53833649265
Morocco,MAR,1999,54747239388
Morocco,MAR,2000,56160912155
Morocco,MAR,2001,60497559620
Morocco,MAR,2002,62754238001
Morocco,MAR,2003,66626866131
Morocco,MAR,2004,69672633474
Morocco,MAR,2005,71896757928
Morocco,MAR,2006,77498104932
Morocco,MAR,2007,80164867241
Morocco,MAR,2008,84721870674
Morocco,MAR,2009,87895356582
Morocco,MAR,2010,90971304769
Morocco,MAR,2011,95997146621
Morocco,MAR,2012,98936909179
Morocco,MAR,2013,103015299181
Morocco,MAR,2014,105816536606
Morocco,MAR,2015,110413823841
Morocco,MAR,2016,110989284688
Morocco,MAR,2017,116603009678
Morocco,MAR,2018,120177639735
Morocco,MAR,2019,123651944968
Morocco,MAR,2020,114775951852
Morocco,MAR,2021,124135631043
Morocco,MAR,2022,126385828220
Morocco,MAR,2023,131006044306
Morocco,MAR,2024,135975581947
Mozambique,MOZ,1980,2851825334
Mozambique,MOZ,1981,2994416685
Mozambique,MOZ,1982,2787801950
Mozambique,MOZ,1983,2350116987
Mozambique,MOZ,1984,2197359386
Mozambique,MOZ,1985,2219332908
Mozambique,MOZ,1986,2168288339
Mozambique,MOZ,1987,2487026734
Mozambique,MOZ,1988,2690962806
Mozambique,MOZ,1989,2865875511
Mozambique,MOZ,1990,2894534061
Mozambique,MOZ,1991,3037102925
Mozambique,MOZ,1992,2806992350
Mozambique,MOZ,1993,3114089525
Mozambique,MOZ,1994,3314642610
Mozambique,MOZ,1995,3385008953
Mozambique,MOZ,1996,3747066497
Mozambique,MOZ,1997,4189780379
Mozambique,MOZ,1998,4624228447
Mozambique,MOZ,1999,5170672900
Mozambique,MOZ,2000,5210292403
Mozambique,MOZ,2001,5879902615
Mozambique,MOZ,2002,6448401314
Mozambique,MOZ,2003,6913827631
Mozambique,MOZ,2004,7481086789
Mozambique,MOZ,2005,7953294766
Mozambique,MOZ,2006,8741520167
Mozambique,MOZ,2007,9410189984
Mozambique,MOZ,2008,10057425620
Mozambique,MOZ,2009,10653727556
Mozambique,MOZ,2010,11365367724
Mozambique,MOZ,2011,12176179697
Mozambique,MOZ,2012,13149604768
Mozambique,MOZ,2013,14013719723
Mozambique,MOZ,2014,15093136077
Mozambique,MOZ,2015,16208985769
Mozambique,MOZ,2016,16970320249
Mozambique,MOZ,2017,17418032489
Mozambique,MOZ,2018,18025039081
Mozambique,MOZ,2019,18442825951
Mozambique,MOZ,2020,18217911539
Mozambique,MOZ,2021,18651030677
Mozambique,MOZ,2022,19465045724
Mozambique,MOZ,2023,20532020330
Mozambique,MOZ,2024,20973160980
Myanmar,MMR,1960,2819978877
Myanmar,MMR,1961,2833276800
Myanmar,MMR,1962,2949069211
Myanmar,MMR,1963,3342749157
Myanmar,MMR,1964,3145726892
Myanmar,MMR,1965,3482088444
Myanmar,MMR,1966,3313145218
Myanmar,MMR,1967,3116832787
Myanmar,MMR,1968,3492702255
Myanmar,MMR,1969,3607672972
Myanmar,MMR,1970,3787310936
Myanmar,MMR,1971,3943725455
Myanmar,MMR,1972,4039788351
Myanmar,MMR,1973,4000678162
Myanmar,MMR,1974,4214409419
Myanmar,MMR,1975,4389421587
Myanmar,MMR,1976,4656315811
Myanmar,MMR,1977,4933473074
Myanmar,MMR,1978,5255027822
Myanmar,MMR,1979,5528356401
Myanmar,MMR,1980,5967227079
Myanmar,MMR,1981,6346489388
Myanmar,MMR,1982,6702138810
Myanmar,MMR,1983,6996435937
Myanmar,MMR,1984,7341551094
Myanmar,MMR,1985,7550858733
Myanmar,MMR,1986,7471019822
Myanmar,MMR,1987,7171758277
Myanmar,MMR,1988,6357588759
Myanmar,MMR,1989,6592520573
Myanmar,MMR,1990,6778227478
Myanmar,MMR,1991,6734127184
Myanmar,MMR,1992,7384707336
Myanmar,MMR,1993,7830700106
Myanmar,MMR,1994,8416276600
Myanmar,MMR,1995,9001043827
Myanmar,MMR,1996,9580955459
Myanmar,MMR,1997,10122431105
Myanmar,MMR,1998,10716234490
Myanmar,MMR,1999,11889140284
Myanmar,MMR,2000,13523413252
Myanmar,MMR,2001,15057508855
Myanmar,MMR,2002,16868251605
Myanmar,MMR,2003,19203491833
Myanmar,MMR,2004,21808380519
Myanmar,MMR,2005,24767548772
Myanmar,MMR,2006,28006178558
Myanmar,MMR,2007,31364521323
Myanmar,MMR,2008,34581048770
Myanmar,MMR,2009,38229352561
Myanmar,MMR,2010,41912536387
Myanmar,MMR,2011,44256068473
Myanmar,MMR,2012,47501220127
Myanmar,MMR,2013,51503673422
Myanmar,MMR,2014,55711475877
Myanmar,MMR,2015,59607290408
Myanmar,MMR,2016,63101751664
Myanmar,MMR,2017,66973743449
Myanmar,MMR,2018,71172235146
Myanmar,MMR,2019,75854734834
Myanmar,MMR,2020,68991135074
Myanmar,MMR,2021,60700903303
Myanmar,MMR,2022,63151698290
Myanmar,MMR,2023,63756973611
Myanmar,MMR,2024,63137226235
Namibia,NAM,1980,3477739161
Namibia,NAM,1981,3511523641
Namibia,NAM,1982,3497544590
Namibia,NAM,1983,3433768600
Namibia,NAM,1984,3425634293
Namibia,NAM,1985,3441535103
Namibia,NAM,1986,3605602362
Namibia,NAM,1987,3733737146
Namibia,NAM,1988,3764097990
Namibia,NAM,1989,3834060337
Namibia,NAM,1990,3912561187
Namibia,NAM,1991,4232045772
Namibia,NAM,1992,4536302039
Namibia,NAM,1993,4464649372
Namibia,NAM,1994,4541882425
Namibia,NAM,1995,4718971067
Namibia,NAM,1996,4869568737
Namibia,NAM,1997,5075069422
Namibia,NAM,1998,5242119678
Namibia,NAM,1999,5418741285
Namibia,NAM,2000,5607973667
Namibia,NAM,2001,5674032719
Namibia,NAM,2002,5945742924
Namibia,NAM,2003,6197830193
Namibia,NAM,2004,6958275950
Namibia,NAM,2005,7134269025
Namibia,NAM,2006,7638888381
Namibia,NAM,2007,8049405616
Namibia,NAM,2008,8262699735
Namibia,NAM,2009,8287154923
Namibia,NAM,2010,8787636883
Namibia,NAM,2011,9235045191
Namibia,NAM,2012,9702493818
Namibia,NAM,2013,10247261642
Namibia,NAM,2014,10871578021
Namibia,NAM,2015,11335161083
Namibia,NAM,2016,11338991738
Namibia,NAM,2017,11222512162
Namibia,NAM,2018,11341464002
Namibia,NAM,2019,11246291861
Namibia,NAM,2020,10335184546
Namibia,NAM,2021,10707646943
Namibia,NAM,2022,11285723332
Namibia,NAM,2023,11787126126
Namibia,NAM,2024,12224610619
Nauru,NRU,1970,265130983
Nauru,NRU,1971,272815506
Nauru,NRU,1972,280722756
Nauru,NRU,1973,288859190
Nauru,NRU,1974,297231448
Nauru,NRU,1975,305846367
Nauru,NRU,1976,297231448
Nauru,NRU,1977,288859190
Nauru,NRU,1978,280722756
Nauru,NRU,1979,272815506
Nauru,NRU,1980,265130983
Nauru,NRU,1981,257662913
Nauru,NRU,1982,250405201
Nauru,NRU,1983,243351919
Nauru,NRU,1984,236497311
Nauru,NRU,1985,229835780
Nauru,NRU,1986,223361887
Nauru,NRU,1987,217070346
Nauru,NRU,1988,210956024
Nauru,NRU,1989,205013926
Nauru,NRU,1990,199239202
Nauru,NRU,1991,161396132
Nauru,NRU,1992,135152628
Nauru,NRU,1993,113369639
Nauru,NRU,1994,108986622
Nauru,NRU,1995,100351076
Nauru,NRU,1996,88449940
Nauru,NRU,1997,80530475
Nauru,NRU,1998,71037562
Nauru,NRU,1999,66371666
Nauru,NRU,2000,61821096
Nauru,NRU,2001,57641317
Nauru,NRU,2002,51893680
Nauru,NRU,2003,52041399
Nauru,NRU,2004,49795903
Nauru,NRU,2005,49795903
Nauru,NRU,2006,54004007
Nauru,NRU,2007,42081044
Nauru,NRU,2008,50497253
Nauru,NRU,2009,47691850
Nauru,NRU,2010,47691850
Nauru,NRU,2011,54705358
Nauru,NRU,2012,68031022
Nauru,NRU,2013,70836425
Nauru,NRU,2014,82058037
Nauru,NRU,2015,84863440
Nauru,NRU,2016,88370194
Nauru,NRU,2017,82759388
Nauru,NRU,2018,82058037
Nauru,NRU,2019,89071545
Nauru,NRU,2020,90474246
Nauru,NRU,2021,97487754
Nauru,NRU,2022,100293157
Nauru,NRU,2023,100994507
Nauru,NRU,2024,102397209
Nepal,NPL,1960,3312007761
Nepal,NPL,1961,3375209678
Nepal,NPL,1962,3439686985
Nepal,NPL,1963,3504872894
Nepal,NPL,1964,3768875641
Nepal,NPL,1965,3723528943
Nepal,NPL,1966,3985689329
Nepal,NPL,1967,3923054320
Nepal,NPL,1968,3949553904
Nepal,NPL,1969,4125839146
Nepal,NPL,1970,4232120437
Nepal,NPL,1971,4181530376
Nepal,NPL,1972,4311902146
Nepal,NPL,1973,4291354368
Nepal,NPL,1974,4563151175
Nepal,NPL,1975,4629612136
Nepal,NPL,1976,4833247300
Nepal,NPL,1977,4979065088
Nepal,NPL,1978,5198429819
Nepal,NPL,1979,5321574269
Nepal,NPL,1980,5198145984
Nepal,NPL,1981,5631773977
Nepal,NPL,1982,5844619815
Nepal,NPL,1983,5670601763
Nepal,NPL,1984,6219580092
Nepal,NPL,1985,6601767395
Nepal,NPL,1986,6903181024
Nepal,NPL,1987,7020232622
Nepal,NPL,1988,7560566498
Nepal,NPL,1989,7887912410
Nepal,NPL,1990,8253520017
Nepal,NPL,1991,8779116585
Nepal,NPL,1992,9139622809
Nepal,NPL,1993,9491484580
Nepal,NPL,1994,10271305209
Nepal,NPL,1995,10627560489
Nepal,NPL,1996,11193827112
Nepal,NPL,1997,11758960072
Nepal,NPL,1998,12113656106
Nepal,NPL,1999,12648180059
Nepal,NPL,2000,13432367221
Nepal,NPL,2001,14077106359
Nepal,NPL,2002,14094019042
Nepal,NPL,2003,14650033415
Nepal,NPL,2004,15336036356
Nepal,NPL,2005,15869604827
Nepal,NPL,2006,16403555897
Nepal,NPL,2007,16963173094
Nepal,NPL,2008,17998713599
Nepal,NPL,2009,18814609456
Nepal,NPL,2010,19720799061
Nepal,NPL,2011,20395607080
Nepal,NPL,2012,21348110877
Nepal,NPL,2013,22100664484
Nepal,NPL,2014,23429242138
Nepal,NPL,2015,24360801286
Nepal,NPL,2016,24466311259
Nepal,NPL,2017,26662720369
Nepal,NPL,2018,28695053195
Nepal,NPL,2019,30605298792
Nepal,NPL,2020,29880069318
Nepal,NPL,2021,31325711777
Nepal,NPL,2022,33089761144
Nepal,NPL,2023,33745781686
Nepal,NPL,2024,34982690898
Netherlands,NLD,1960,165062637640
Netherlands,NLD,1961,165550474773
Netherlands,NLD,1962,176879933635
Netherlands,NLD,1963,183291161792
Netherlands,NLD,1964,198458329344
Netherlands,NLD,1965,215611271157
Netherlands,NLD,1966,221521401056
Netherlands,NLD,1967,233217763700
Netherlands,NLD,1968,248181328024
Netherlands,NLD,1969,264138020129
Netherlands,NLD,1970,280356573733
Netherlands,NLD,1971,292459511974
Netherlands,NLD,1972,302794664266
Netherlands,NLD,1973,319279481311
Netherlands,NLD,1974,330258601497
Netherlands,NLD,1975,330265301638
Netherlands,NLD,1976,344982946319
Netherlands,NLD,1977,353678035787
Netherlands,NLD,1978,363214067825
Netherlands,NLD,1979,370529803464
Netherlands,NLD,1980,375501994722
Netherlands,NLD,1981,372559517529
Netherlands,NLD,1982,367936960746
Netherlands,NLD,1983,375553101273
Netherlands,NLD,1984,387051331968
Netherlands,NLD,1985,397037952226
Netherlands,NLD,1986,408103304156
Netherlands,NLD,1987,415984792778
Netherlands,NLD,1988,430299740004
Netherlands,NLD,1989,449319496512
Netherlands,NLD,1990,468115532100
Netherlands,NLD,1991,479533499921
Netherlands,NLD,1992,487714681270
Netherlands,NLD,1993,493847948232
Netherlands,NLD,1994,508471242744
Netherlands,NLD,1995,524315389158
Netherlands,NLD,1996,542250002539
Netherlands,NLD,1997,565287382969
Netherlands,NLD,1998,591560723040
Netherlands,NLD,1999,621395031368
Netherlands,NLD,2000,647616371669
Netherlands,NLD,2001,662664228363
Netherlands,NLD,2002,664292962005
Netherlands,NLD,2003,664942855515
Netherlands,NLD,2004,678350164553
Netherlands,NLD,2005,692147558366
Netherlands,NLD,2006,716631413729
Netherlands,NLD,2007,744474740255
Netherlands,NLD,2008,760233900200
Netherlands,NLD,2009,732369119343
Netherlands,NLD,2010,742031413974
Netherlands,NLD,2011,755190192159
Netherlands,NLD,2012,747805361887
Netherlands,NLD,2013,747579281182
Netherlands,NLD,2014,759634819525
Netherlands,NLD,2015,775743675302
Netherlands,NLD,2016,794549918521
Netherlands,NLD,2017,816650691531
Netherlands,NLD,2018,835096710412
Netherlands,NLD,2019,854304699526
Netherlands,NLD,2020,821260592382
Netherlands,NLD,2021,872809729132
Netherlands,NLD,2022,916513359459
Netherlands,NLD,2023,911031728184
Netherlands,NLD,2024,920880034447
New Caledonia,NCL,2015,8738203074
New Zealand,NZL,1960,42169502939
New Zealand,NZL,1961,43567695918
New Zealand,NZL,1962,44909961495
New Zealand,NZL,1963,47650420051
New Zealand,NZL,1964,50558660811
New Zealand,NZL,1965,53648670594
New Zealand,NZL,1966,57000887530
New Zealand,NZL,1967,54384875094
New Zealand,NZL,1968,54358308883
New Zealand,NZL,1969,59899960124
New Zealand,NZL,1970,59062793729
New Zealand,NZL,1971,61298590946
New Zealand,NZL,1972,64436532489
New Zealand,NZL,1973,69462760982
New Zealand,NZL,1974,73625970473
New Zealand,NZL,1975,72351001835
New Zealand,NZL,1976,73023006889
New Zealand,NZL,1977,70148574827
New Zealand,NZL,1978,70372042491
New Zealand,NZL,1979,71914438834
New Zealand,NZL,1980,72838001601
New Zealand,NZL,1981,76229086932
New Zealand,NZL,1982,76937776425
New Zealand,NZL,1983,79624078133
New Zealand,NZL,1984,83440220876
New Zealand,NZL,1985,84788059636
New Zealand,NZL,1986,87082121110
New Zealand,NZL,1987,87927548030
New Zealand,NZL,1988,87616568094
New Zealand,NZL,1989,87757994039
New Zealand,NZL,1990,87892387205
New Zealand,NZL,1991,86933663000
New Zealand,NZL,1992,87884573621
New Zealand,NZL,1993,93501741195
New Zealand,NZL,1994,98288327599
New Zealand,NZL,1995,102929582187
New Zealand,NZL,1996,106647274008
New Zealand,NZL,1997,108864761861
New Zealand,NZL,1998,109799263892
New Zealand,NZL,1999,115703970647
New Zealand,NZL,2000,119024733715
New Zealand,NZL,2001,123084659196
New Zealand,NZL,2002,128886227124
New Zealand,NZL,2003,134980022138
New Zealand,NZL,2004,140497957984
New Zealand,NZL,2005,145208752801
New Zealand,NZL,2006,149245237527
New Zealand,NZL,2007,153806793428
New Zealand,NZL,2008,152242519171
New Zealand,NZL,2009,152185479818
New Zealand,NZL,2010,154405312544
New Zealand,NZL,2011,157637781921
New Zealand,NZL,2012,161367975232
New Zealand,NZL,2013,165546666710
New Zealand,NZL,2014,171881119396
New Zealand,NZL,2015,178224167087
New Zealand,NZL,2016,184959455627
New Zealand,NZL,2017,191208740301
New Zealand,NZL,2018,197844796498
New Zealand,NZL,2019,202429793153
New Zealand,NZL,2020,201807833897
New Zealand,NZL,2021,210960637812
New Zealand,NZL,2022,218336637842
New Zealand,NZL,2023,221380800380
New Zealand,NZL,2024,224233557754
Nicaragua,NIC,1960,2980615373
Nicaragua,NIC,1961,3204094266
Nicaragua,NIC,1962,3553045710
Nicaragua,NIC,1963,3939101155
Nicaragua,NIC,1964,4399916077
Nicaragua,NIC,1965,4819014940
Nicaragua,NIC,1966,4978097196
Nicaragua,NIC,1967,5325046369
Nicaragua,NIC,1968,5396559614
Nicaragua,NIC,1969,5733181024
Nicaragua,NIC,1970,5810798353
Nicaragua,NIC,1971,6002831090
Nicaragua,NIC,1972,6136137334
Nicaragua,NIC,1973,6529894124
Nicaragua,NIC,1974,7456644456
Nicaragua,NIC,1975,7445217380
Nicaragua,NIC,1976,7833072592
Nicaragua,NIC,1977,8488581747
Nicaragua,NIC,1978,7823178769
Nicaragua,NIC,1979,5751695780
Nicaragua,NIC,1980,6016948591
Nicaragua,NIC,1981,6339655005
Nicaragua,NIC,1982,6287900475
Nicaragua,NIC,1983,6577974631
Nicaragua,NIC,1984,6474957371
Nicaragua,NIC,1985,6210659227
Nicaragua,NIC,1986,6147477622
Nicaragua,NIC,1987,6104054733
Nicaragua,NIC,1988,5344110782
Nicaragua,NIC,1989,5251218575
Nicaragua,NIC,1990,5248461700
Nicaragua,NIC,1991,5238527333
Nicaragua,NIC,1992,5258766205
Nicaragua,NIC,1993,5238102616
Nicaragua,NIC,1994,5412936135
Nicaragua,NIC,1995,5732943936
Nicaragua,NIC,1996,6096657285
Nicaragua,NIC,1997,6338490397
Nicaragua,NIC,1998,6573754971
Nicaragua,NIC,1999,7036282429
Nicaragua,NIC,2000,7324881903
Nicaragua,NIC,2001,7541760192
Nicaragua,NIC,2002,7598620454
Nicaragua,NIC,2003,7790161379
Nicaragua,NIC,2004,8203988039
Nicaragua,NIC,2005,8555315487
Nicaragua,NIC,2006,8910613085
Nicaragua,NIC,2007,9362947172
Nicaragua,NIC,2008,9684631534
Nicaragua,NIC,2009,9365749046
Nicaragua,NIC,2010,9778787862
Nicaragua,NIC,2011,10396483140
Nicaragua,NIC,2012,11071852873
Nicaragua,NIC,2013,11617373486
Nicaragua,NIC,2014,12173318263
Nicaragua,NIC,2015,12756696261
Nicaragua,NIC,2016,13338803114
Nicaragua,NIC,2017,13956550774
Nicaragua,NIC,2018,13487142194
Nicaragua,NIC,2019,13096437236
Nicaragua,NIC,2020,12803529948
Nicaragua,NIC,2021,14142060836
Nicaragua,NIC,2022,14644146345
Nicaragua,NIC,2023,15292551634
Nicaragua,NIC,2024,15841222424
Niger,NER,1960,2602180352
Niger,NER,1961,2720485699
Niger,NER,1962,3000116629
Niger,NER,1963,3282974505
Niger,NER,1964,3287276511
Niger,NER,1965,3514748216
Niger,NER,1966,3501304403
Niger,NER,1967,3505606409
Niger,NER,1968,3519050222
Niger,NER,1969,3325997034
Niger,NER,1970,3427632150
Niger,NER,1971,3622298371
Niger,NER,1972,3435160573
Niger,NER,1973,2849548703
Niger,NER,1974,3099603386
Niger,NER,1975,3013025467
Niger,NER,1976,3033459908
Niger,NER,1977,3268995364
Niger,NER,1978,3709414436
Niger,NER,1979,3974526140
Niger,NER,1980,3876950088
Niger,NER,1981,3870062063
Niger,NER,1982,3954215023
Niger,NER,1983,3801438868
Niger,NER,1984,3162043118
Niger,NER,1985,3406093636
Niger,NER,1986,3622453380
Niger,NER,1987,3625651332
Niger,NER,1988,3874775278
Niger,NER,1989,3911858659
Niger,NER,1990,3860672838
Niger,NER,1991,3843705601
Niger,NER,1992,3920608632
Niger,NER,1993,3933219484
Niger,NER,1994,4006172005
Niger,NER,1995,4104613431
Niger,NER,1996,4108739820
Niger,NER,1997,4171499823
Niger,NER,1998,4587507438
Niger,NER,1999,4577434991
Niger,NER,2000,4522117708
Niger,NER,2001,4850791323
Niger,NER,2002,5089376067
Niger,NER,2003,5199846593
Niger,NER,2004,5218763717
Niger,NER,2005,5601396628
Niger,NER,2006,5933618261
Niger,NER,2007,6120095511
Niger,NER,2008,6593265446
Niger,NER,2009,6722664934
Niger,NER,2010,7299346341
Niger,NER,2011,7471447186
Niger,NER,2012,8259606009
Niger,NER,2013,8698614858
Niger,NER,2014,9276388744
Niger,NER,2015,9683867926
Niger,NER,2016,10239808436
Niger,NER,2017,10752347793
Niger,NER,2018,11527744540
Niger,NER,2019,12212475570
Niger,NER,2020,12646096746
Niger,NER,2021,12821067681
Niger,NER,2022,14346774735
Niger,NER,2023,14586026438
Niger,NER,2024,16088387161
Nigeria,NGA,1960,65552393151
Nigeria,NGA,1961,65678119684
Nigeria,NGA,1962,68372888067
Nigeria,NGA,1963,74238337576
Nigeria,NGA,1964,77913498064
Nigeria,NGA,1965,81719554395
Nigeria,NGA,1966,78246053144
Nigeria,NGA,1967,65927285449
Nigeria,NGA,1968,65104275426
Nigeria,NGA,1969,80857806917
Nigeria,NGA,1970,101078114311
Nigeria,NGA,1971,115469142733
Nigeria,NGA,1972,119353827264
Nigeria,NGA,1973,125790293297
Nigeria,NGA,1974,139829338541
Nigeria,NGA,1975,132519413714
Nigeria,NGA,1976,144502285208
Nigeria,NGA,1977,153207273164
Nigeria,NGA,1978,144376163268
Nigeria,NGA,1979,154135170311
Nigeria,NGA,1980,160616293802
Nigeria,NGA,1981,139530778712
Nigeria,NGA,1982,130037957319
Nigeria,NGA,1983,115832500285
Nigeria,NGA,1984,114540246019
Nigeria,NGA,1985,121313042218
Nigeria,NGA,1986,121386976784
Nigeria,NGA,1987,125271512342
Nigeria,NGA,1988,134458956986
Nigeria,NGA,1989,137039737057
Nigeria,NGA,1990,153178750575
Nigeria,NGA,1991,153727670613
Nigeria,NGA,1992,160847095650
Nigeria,NGA,1993,157573666209
Nigeria,NGA,1994,154713823159
Nigeria,NGA,1995,154601400725
Nigeria,NGA,1996,161088358074
Nigeria,NGA,1997,165819683303
Nigeria,NGA,1998,170099910681
Nigeria,NGA,1999,171093510004
Nigeria,NGA,2000,179675448843
Nigeria,NGA,2001,190308075297
Nigeria,NGA,2002,219480696548
Nigeria,NGA,2003,235606371240
Nigeria,NGA,2004,257401275803
Nigeria,NGA,2005,273974099482
Nigeria,NGA,2006,290575362867
Nigeria,NGA,2007,309727563830
Nigeria,NGA,2008,330679000570
Nigeria,NGA,2009,357255424171
Nigeria,NGA,2010,385856064172
Nigeria,NGA,2011,406337011591
Nigeria,NGA,2012,423525315758
Nigeria,NGA,2013,451780110046
Nigeria,NGA,2014,480286163931
Nigeria,NGA,2015,493026682800
Nigeria,NGA,2016,485055087455
Nigeria,NGA,2017,488964081500
Nigeria,NGA,2018,498365674277
Nigeria,NGA,2019,509371727735
Nigeria,NGA,2020,476930359891
Nigeria,NGA,2021,482220722020
Nigeria,NGA,2022,503047012794
Nigeria,NGA,2023,519782610025
Nigeria,NGA,2024,540898072115
North America (WB),WB_NA,1960,3692599761216
North America (WB),WB_NA,1961,3779955657497
North America (WB),WB_NA,1962,4014290255700
North America (WB),WB_NA,1963,4193606613267
North America (WB),WB_NA,1964,4439695543027
North America (WB),WB_NA,1965,4723517300494
North America (WB),WB_NA,1966,5031666102627
North America (WB),WB_NA,1967,5159932505033
North America (WB),WB_NA,1968,5408371762942
North America (WB),WB_NA,1969,5584353196698
North America (WB),WB_NA,1970,5608627112927
North America (WB),WB_NA,1971,5796626218223
North America (WB),WB_NA,1972,6102411403140
North America (WB),WB_NA,1973,6452227446369
North America (WB),WB_NA,1974,6438265318562
North America (WB),WB_NA,1975,6434849956242
North America (WB),WB_NA,1976,6784503142918
North America (WB),WB_NA,1977,7091799433089
North America (WB),WB_NA,1978,7473096957110
North America (WB),WB_NA,1979,7713225387967
North America (WB),WB_NA,1980,7709896627781
North America (WB),WB_NA,1981,7911484980022
North America (WB),WB_NA,1982,7759131427109
North America (WB),WB_NA,1983,8100971431672
North America (WB),WB_NA,1984,8677585246526
North America (WB),WB_NA,1985,9043308781797
North America (WB),WB_NA,1986,9346243173294
North America (WB),WB_NA,1987,9673998966817
North America (WB),WB_NA,1988,10079991607004
North America (WB),WB_NA,1989,10438560768757
North America (WB),WB_NA,1990,10620588710859
North America (WB),WB_NA,1991,10591504568134
North America (WB),WB_NA,1992,10941791340537
North America (WB),WB_NA,1993,11242083930781
North America (WB),WB_NA,1994,11698994920650
North America (WB),WB_NA,1995,12013114623535
North America (WB),WB_NA,1996,12446376489797
North America (WB),WB_NA,1997,12998269548611
North America (WB),WB_NA,1998,13574987667975
North America (WB),WB_NA,1999,14228641959087
North America (WB),WB_NA,2000,14820887932751
North America (WB),WB_NA,2001,14973625898933
North America (WB),WB_NA,2002,15243405854615
North America (WB),WB_NA,2003,15657521254322
North America (WB),WB_NA,2004,16250487833700
North America (WB),WB_NA,2005,16812946958191
North America (WB),WB_NA,2006,17279383266701
North America (WB),WB_NA,2007,17626370919530
North America (WB),WB_NA,2008,17658438696446
North America (WB),WB_NA,2009,17198483323608
North America (WB),WB_NA,2010,17666985250493
North America (WB),WB_NA,2011,17964984770574
North America (WB),WB_NA,2012,18367970473186
North America (WB),WB_NA,2013,18759863487807
North America (WB),WB_NA,2014,19238157900174
North America (WB),WB_NA,2015,19769184098217
North America (WB),WB_NA,2016,20116555214296
North America (WB),WB_NA,2017,20620082381951
North America (WB),WB_NA,2018,21227923096076
North America (WB),WB_NA,2019,21765016109606
North America (WB),WB_NA,2020,21245132511861
North America (WB),WB_NA,2021,22529760234493
North America (WB),WB_NA,2022,23124677205086
North America (WB),WB_NA,2023,23768392810821
North America (WB),WB_NA,2024,24410122957734
North Macedonia,MKD,1990,7293742777
North Macedonia,MKD,1991,6843662857
North Macedonia,MKD,1992,6394362794
North Macedonia,MKD,1993,5916750488
North Macedonia,MKD,1994,5812724181
North Macedonia,MKD,1995,5747928135
North Macedonia,MKD,1996,5816047055
North Macedonia,MKD,1997,5899797047
North Macedonia,MKD,1998,6099135593
North Macedonia,MKD,1999,6363778789
North Macedonia,MKD,2000,6653275727
North Macedonia,MKD,2001,6449202687
North Macedonia,MKD,2002,6545532200
North Macedonia,MKD,2003,6691013307
North Macedonia,MKD,2004,7003757263
North Macedonia,MKD,2005,7334620965
North Macedonia,MKD,2006,7711402289
North Macedonia,MKD,2007,8210598903
North Macedonia,MKD,2008,8659882989
North Macedonia,MKD,2009,8628827362
North Macedonia,MKD,2010,8918648175
North Macedonia,MKD,2011,9127334379
North Macedonia,MKD,2012,9085697011
North Macedonia,MKD,2013,9351477059
North Macedonia,MKD,2014,9690853712
North Macedonia,MKD,2015,10064519962
North Macedonia,MKD,2016,10351178142
North Macedonia,MKD,2017,10463154366
North Macedonia,MKD,2018,10764555646
North Macedonia,MKD,2019,11185494933
North Macedonia,MKD,2020,10661068595
North Macedonia,MKD,2021,11141955229
North Macedonia,MKD,2022,11449348867
North Macedonia,MKD,2023,11741875752
North Macedonia,MKD,2024,12093396439
Northern Mariana Islands,MNP,2002,1607115151
Northern Mariana Islands,MNP,2003,1612630303
Northern Mariana Islands,MNP,2004,1562993939
Northern Mariana Islands,MNP,2005,1364448484
Northern Mariana Islands,MNP,2006,1270690909
Northern Mariana Islands,MNP,2007,1185757575
Northern Mariana Islands,MNP,2008,1054496969
Northern Mariana Islands,MNP,2009,869187878
Northern Mariana Islands,MNP,2010,881321212
Northern Mariana Islands,MNP,2011,816242424
Northern Mariana Islands,MNP,2012,822860606
Northern Mariana Islands,MNP,2013,844921212
Northern Mariana Islands,MNP,2014,880218181
Northern Mariana Islands,MNP,2015,910000000
Northern Mariana Islands,MNP,2016,1175830303
Northern Mariana Islands,MNP,2017,1448278787
Northern Mariana Islands,MNP,2018,1165903030
Northern Mariana Islands,MNP,2019,1032436363
Northern Mariana Islands,MNP,2020,732412121
Northern Mariana Islands,MNP,2021,768812121
Northern Mariana Islands,MNP,2022,896763636
Norway,NOR,1960,68793506117
Norway,NOR,1961,73109153566
Norway,NOR,1962,75166405038
Norway,NOR,1963,78011485853
Norway,NOR,1964,81919589024
Norway,NOR,1965,86249538031
Norway,NOR,1966,89515388221
Norway,NOR,1967,95115541631
Norway,NOR,1968,97265034480
Norway,NOR,1969,101646446365
Norway,NOR,1970,103621742271
Norway,NOR,1971,109500837086
Norway,NOR,1972,115337894010
Norway,NOR,1973,120566084506
Norway,NOR,1974,125294905499
Norway,NOR,1975,131499638270
Norway,NOR,1976,139160194320
Norway,NOR,1977,144950253121
Norway,NOR,1978,150558892163
Norway,NOR,1979,157142089505
Norway,NOR,1980,164314436252
Norway,NOR,1981,166940746107
Norway,NOR,1982,167333595174
Norway,NOR,1983,173981771260
Norway,NOR,1984,184511811488
Norway,NOR,1985,194758499574
Norway,NOR,1986,202630856642
Norway,NOR,1987,206184106689
Norway,NOR,1988,205657951818
Norway,NOR,1989,207793200368
Norway,NOR,1990,211808370315
Norway,NOR,1991,218341469492
Norway,NOR,1992,226145995698
Norway,NOR,1993,232580262418
Norway,NOR,1994,244337831946
Norway,NOR,1995,254491639971
Norway,NOR,1996,267287258414
Norway,NOR,1997,281412338539
Norway,NOR,1998,288922351936
Norway,NOR,1999,294908959350
Norway,NOR,2000,304696827580
Norway,NOR,2001,310995308438
Norway,NOR,2002,315279446147
Norway,NOR,2003,318258551154
Norway,NOR,2004,331035320834
Norway,NOR,2005,339924026052
Norway,NOR,2006,348291164569
Norway,NOR,2007,358440508444
Norway,NOR,2008,360167903328
Norway,NOR,2009,353179332378
Norway,NOR,2010,355959036888
Norway,NOR,2011,359894719457
Norway,NOR,2012,369676511271
Norway,NOR,2013,373433130118
Norway,NOR,2014,381081533571
Norway,NOR,2015,388159512245
Norway,NOR,2016,392680500171
Norway,NOR,2017,402355151331
Norway,NOR,2018,405690399924
Norway,NOR,2019,410249333418
Norway,NOR,2020,405005642242
Norway,NOR,2021,420836044191
Norway,NOR,2022,434497344228
Norway,NOR,2023,434810705801
Norway,NOR,2024,443929688973
Oman,OMN,1960,1249211741
Oman,OMN,1961,1263447838
Oman,OMN,1962,1518510059
Oman,OMN,1963,1587317448
Oman,OMN,1964,1588503800
Oman,OMN,1965,1595621860
Oman,OMN,1966,1678665420
Oman,OMN,1967,2790262280
Oman,OMN,1968,5075146585
Oman,OMN,1969,6377742274
Oman,OMN,1970,7263935714
Oman,OMN,1971,7329182208
Oman,OMN,1972,8049290788
Oman,OMN,1973,6902101210
Oman,OMN,1974,7695760470
Oman,OMN,1975,9576104314
Oman,OMN,1976,11543047911
Oman,OMN,1977,11659311606
Oman,OMN,1978,11228671307
Oman,OMN,1979,11715068326
Oman,OMN,1980,12422124727
Oman,OMN,1981,14539734067
Oman,OMN,1982,16221957658
Oman,OMN,1983,18925617927
Oman,OMN,1984,22088390354
Oman,OMN,1985,25182354730
Oman,OMN,1986,25686545708
Oman,OMN,1987,24802727111
Oman,OMN,1988,26281968613
Oman,OMN,1989,29371903351
Oman,OMN,1990,29333594829
Oman,OMN,1991,31115340232
Oman,OMN,1992,33733348946
Oman,OMN,1993,35771841957
Oman,OMN,1994,37158277767
Oman,OMN,1995,39015009844
Oman,OMN,1996,40203383600
Oman,OMN,1997,42629059777
Oman,OMN,1998,42600125690
Oman,OMN,1999,42726901830
Oman,OMN,2000,45372727044
Oman,OMN,2001,47465846485
Oman,OMN,2002,47093635557
Oman,OMN,2003,46060087700
Oman,OMN,2004,46977841907
Oman,OMN,2005,48283564529
Oman,OMN,2006,50538317581
Oman,OMN,2007,53055456656
Oman,OMN,2008,57803951303
Oman,OMN,2009,61261764565
Oman,OMN,2010,62776154506
Oman,OMN,2011,64593279186
Oman,OMN,2012,70318260489
Oman,OMN,2013,73994291063
Oman,OMN,2014,74950483987
Oman,OMN,2015,78710793237
Oman,OMN,2016,82682873555
Oman,OMN,2017,82934277088
Oman,OMN,2018,84001727416
Oman,OMN,2019,83053651985
Oman,OMN,2020,80246670660
Oman,OMN,2021,82318780120
Oman,OMN,2022,88892516940
Oman,OMN,2023,90149469537
Oman,OMN,2024,91620377320
Pakistan,PAK,1960,18921911099
Pakistan,PAK,1961,20054831466
Pakistan,PAK,1962,20953861208
Pakistan,PAK,1963,22774506905
Pakistan,PAK,1964,24498481838
Pakistan,PAK,1965,27051068282
Pakistan,PAK,1966,28617312097
Pakistan,PAK,1967,30162822259
Pakistan,PAK,1968,32344565831
Pakistan,PAK,1969,34126072054
Pakistan,PAK,1970,38000562580
Pakistan,PAK,1971,38178546784
Pakistan,PAK,1972,38489093528
Pakistan,PAK,1973,41208064651
Pakistan,PAK,1974,42666909141
Pakistan,PAK,1975,44463790022
Pakistan,PAK,1976,46756427335
Pakistan,PAK,1977,48602230016
Pakistan,PAK,1978,52513996839
Pakistan,PAK,1979,54487701574
Pakistan,PAK,1980,60054003904
Pakistan,PAK,1981,64810739569
Pakistan,PAK,1982,69047733113
Pakistan,PAK,1983,73728049698
Pakistan,PAK,1984,77462527003
Pakistan,PAK,1985,83343570902
Pakistan,PAK,1986,87928845524
Pakistan,PAK,1987,93602316255
Pakistan,PAK,1988,100739753814
Pakistan,PAK,1989,105736212788
Pakistan,PAK,1990,110450553630
Pakistan,PAK,1991,116041083242
Pakistan,PAK,1992,124983090542
Pakistan,PAK,1993,127179977939
Pakistan,PAK,1994,131933222221
Pakistan,PAK,1995,138480552374
Pakistan,PAK,1996,145192124911
Pakistan,PAK,1997,146664948034
Pakistan,PAK,1998,150405247842
Pakistan,PAK,1999,155910279560
Pakistan,PAK,2000,162552194688
Pakistan,PAK,2001,168487544527
Pakistan,PAK,2002,172859487443
Pakistan,PAK,2003,182196165734
Pakistan,PAK,2004,196464413110
Pakistan,PAK,2005,210760292372
Pakistan,PAK,2006,223514741630
Pakistan,PAK,2007,233449556918
Pakistan,PAK,2008,238399717138
Pakistan,PAK,2009,246678267936
Pakistan,PAK,2010,250382678707
Pakistan,PAK,2011,257093227079
Pakistan,PAK,2012,264876940258
Pakistan,PAK,2013,276443758787
Pakistan,PAK,2014,287823367553
Pakistan,PAK,2015,299963590534
Pakistan,PAK,2016,319682711890
Pakistan,PAK,2017,333853050597
Pakistan,PAK,2018,354390697428
Pakistan,PAK,2019,363242090361
Pakistan,PAK,2020,358614068499
Pakistan,PAK,2021,381973779235
Pakistan,PAK,2022,400224894618
Pakistan,PAK,2023,398564217461
Pakistan,PAK,2024,410716372191
Palau,PLW,1970,148308261
Palau,PLW,1971,148495633
Palau,PLW,1972,149002451
Palau,PLW,1973,149303473
Palau,PLW,1974,149461039
Palau,PLW,1975,149498803
Palau,PLW,1976,149436725
Palau,PLW,1977,151573826
Palau,PLW,1978,150833244
Palau,PLW,1979,150268906
Palau,PLW,1980,149706683
Palau,PLW,1981,149146560
Palau,PLW,1982,148588529
Palau,PLW,1983,151459272
Palau,PLW,1984,158459715
Palau,PLW,1985,167074388
Palau,PLW,1986,176157398
Palau,PLW,1987,185734205
Palau,PLW,1988,195831657
Palau,PLW,1989,206478057
Palau,PLW,1990,217703251
Palau,PLW,1991,228382085
Palau,PLW,1992,213765541
Palau,PLW,1993,187472296
Palau,PLW,1994,201157831
Palau,PLW,1995,223084012
Palau,PLW,1996,246284846
Palau,PLW,1997,251949375
Palau,PLW,1998,256988326
Palau,PLW,1999,243110935
Palau,PLW,2000,236780563
Palau,PLW,2001,254174212
Palau,PLW,2002,266158469
Palau,PLW,2003,260495247
Palau,PLW,2004,269540972
Palau,PLW,2005,277316763
Palau,PLW,2006,277949312
Palau,PLW,2007,281625452
Palau,PLW,2008,266995277
Palau,PLW,2009,249543075
Palau,PLW,2010,242946999
Palau,PLW,2011,255317876
Palau,PLW,2012,259543766
Palau,PLW,2013,252919480
Palau,PLW,2014,265990771
Palau,PLW,2015,287057525
Palau,PLW,2016,290866364
Palau,PLW,2017,282170906
Palau,PLW,2018,278660962
Palau,PLW,2019,277652130
Palau,PLW,2020,258570955
Palau,PLW,2021,224284364
Palau,PLW,2022,227677066
Palau,PLW,2023,232722385
Palestine,PSE,1994,5057699999
Palestine,PSE,1995,5417699999
Palestine,PSE,1996,5483499999
Palestine,PSE,1997,6287799999
Palestine,PSE,1998,7189099999
Palestine,PSE,1999,7784399999
Palestine,PSE,2000,7118399999
Palestine,PSE,2001,6455599999
Palestine,PSE,2002,5649399999
Palestine,PSE,2003,6441199999
Palestine,PSE,2004,7853399999
Palestine,PSE,2005,8740099999
Palestine,PSE,2006,8652999999
Palestine,PSE,2007,8980799999
Palestine,PSE,2008,9647999999
Palestine,PSE,2009,10477099999
Palestine,PSE,2010,11082399999
Palestine,PSE,2011,12146400000
Palestine,PSE,2012,12886900000
Palestine,PSE,2013,13492400000
Palestine,PSE,2014,13471100000
Palestine,PSE,2015,13972400000
Palestine,PSE,2016,15211000000
Palestine,PSE,2017,15426900000
Palestine,PSE,2018,15616199999
Palestine,PSE,2019,15828999999
Palestine,PSE,2020,14037399999
Palestine,PSE,2021,15021699999
Palestine,PSE,2022,15635000000
Palestine,PSE,2023,14922700000
Palestine,PSE,2024,10959600000
Panama,PAN,1960,2863868497
Panama,PAN,1961,3176791805
Panama,PAN,1962,3438709928
Panama,PAN,1963,3732334107
Panama,PAN,1964,3897756020
Panama,PAN,1965,4254791885
Panama,PAN,1966,4577364757
Panama,PAN,1967,4968863614
Panama,PAN,1968,5315560539
Panama,PAN,1969,5764267691
Panama,PAN,1970,6165416113
Panama,PAN,1971,6758291008
Panama,PAN,1972,7068010814
Panama,PAN,1973,7447160840
Panama,PAN,1974,7629491136
Panama,PAN,1975,7762314430
Panama,PAN,1976,7891515155
Panama,PAN,1977,7977850374
Panama,PAN,1978,8759092853
Panama,PAN,1979,9154544092
Panama,PAN,1980,10352368741
Panama,PAN,1981,11305491605
Panama,PAN,1982,11910160899
Panama,PAN,1983,11375232179
Panama,PAN,1984,11683441111
Panama,PAN,1985,12260864070
Panama,PAN,1986,12698305735
Panama,PAN,1987,12468586339
Panama,PAN,1988,10800308965
Panama,PAN,1989,10969036468
Panama,PAN,1990,11857417964
Panama,PAN,1991,12974268848
Panama,PAN,1992,14038376882
Panama,PAN,1993,14804274836
Panama,PAN,1994,15226218446
Panama,PAN,1995,15492932886
Panama,PAN,1996,16124998497
Panama,PAN,1997,17368081091
Panama,PAN,1998,18824824035
Panama,PAN,1999,19805907203
Panama,PAN,2000,20639538974
Panama,PAN,2001,20835595580
Panama,PAN,2002,21358328188
Panama,PAN,2003,22446932303
Panama,PAN,2004,24282115712
Panama,PAN,2005,26291748099
Panama,PAN,2006,28883388478
Panama,PAN,2007,32682439429
Panama,PAN,2008,36015209145
Panama,PAN,2009,36595725399
Panama,PAN,2010,38818327773
Panama,PAN,2011,43441154768
Panama,PAN,2012,47623362260
Panama,PAN,2013,50635232150
Panama,PAN,2014,52977523729
Panama,PAN,2015,55767806073
Panama,PAN,2016,58317491742
Panama,PAN,2017,61667283149
Panama,PAN,2018,64083529457
Panama,PAN,2019,66072084910
Panama,PAN,2020,54297226728
Panama,PAN,2021,63238418849
Panama,PAN,2022,70219021768
Panama,PAN,2023,75251148212
Panama,PAN,2024,77318963569
Papua New Guinea,PNG,1960,2618701702
Papua New Guinea,PNG,1961,2780566580
Papua New Guinea,PNG,1962,2957802655
Papua New Guinea,PNG,1963,3078259812
Papua New Guinea,PNG,1964,3342075344
Papua New Guinea,PNG,1965,3685257013
Papua New Guinea,PNG,1966,3899508937
Papua New Guinea,PNG,1967,4058236946
Papua New Guinea,PNG,1968,4235159448
Papua New Guinea,PNG,1969,4585553584
Papua New Guinea,PNG,1970,5082756253
Papua New Guinea,PNG,1971,5402725547
Papua New Guinea,PNG,1972,5707631246
Papua New Guinea,PNG,1973,6080297606
Papua New Guinea,PNG,1974,6239025757
Papua New Guinea,PNG,1975,6184129557
Papua New Guinea,PNG,1976,5974583505
Papua New Guinea,PNG,1977,6024460260
Papua New Guinea,PNG,1978,6539543138
Papua New Guinea,PNG,1979,6659373433
Papua New Guinea,PNG,1980,6505978016
Papua New Guinea,PNG,1981,6488097664
Papua New Guinea,PNG,1982,6510997034
Papua New Guinea,PNG,1983,6720857086
Papua New Guinea,PNG,1984,6697016428
Papua New Guinea,PNG,1985,6964909833
Papua New Guinea,PNG,1986,7291777026
Papua New Guinea,PNG,1987,7493795332
Papua New Guinea,PNG,1988,7711807859
Papua New Guinea,PNG,1989,7602332586
Papua New Guinea,PNG,1990,7373337464
Papua New Guinea,PNG,1991,8077262449
Papua New Guinea,PNG,1992,9195889413
Papua New Guinea,PNG,1993,10869751500
Papua New Guinea,PNG,1994,11515643989
Papua New Guinea,PNG,1995,11134194181
Papua New Guinea,PNG,1996,11995278888
Papua New Guinea,PNG,1997,11526936460
Papua New Guinea,PNG,1998,11092473174
Papua New Guinea,PNG,1999,11298300003
Papua New Guinea,PNG,2000,11016425270
Papua New Guinea,PNG,2001,11003063602
Papua New Guinea,PNG,2002,10985579675
Papua New Guinea,PNG,2003,11223318880
Papua New Guinea,PNG,2004,11528725110
Papua New Guinea,PNG,2005,12260199191
Papua New Guinea,PNG,2006,12923469113
Papua New Guinea,PNG,2007,13933462679
Papua New Guinea,PNG,2008,13892155836
Papua New Guinea,PNG,2009,14836880985
Papua New Guinea,PNG,2010,16339627662
Papua New Guinea,PNG,2011,16520596167
Papua New Guinea,PNG,2012,17289980088
Papua New Guinea,PNG,2013,17951312547
Papua New Guinea,PNG,2014,20382597142
Papua New Guinea,PNG,2015,21723437010
Papua New Guinea,PNG,2016,22915960976
Papua New Guinea,PNG,2017,23725951011
Papua New Guinea,PNG,2018,23659695751
Papua New Guinea,PNG,2019,24719771866
Papua New Guinea,PNG,2020,23936789891
Papua New Guinea,PNG,2021,23814388297
Papua New Guinea,PNG,2022,25173614524
Papua New Guinea,PNG,2023,26132952333
Papua New Guinea,PNG,2024,27125951106
Paraguay,PRY,1960,2840643135
Paraguay,PRY,1961,3036655622
Paraguay,PRY,1962,3136873107
Paraguay,PRY,1963,3284628970
Paraguay,PRY,1964,3422993221
Paraguay,PRY,1965,3634122579
Paraguay,PRY,1966,3706496252
Paraguay,PRY,1967,4045654269
Paraguay,PRY,1968,4228804025
Paraguay,PRY,1969,4427606505
Paraguay,PRY,1970,4673490344
Paraguay,PRY,1971,4932315341
Paraguay,PRY,1972,5259391843
Paraguay,PRY,1973,5643475390
Paraguay,PRY,1974,6116484715
Paraguay,PRY,1975,6535613449
Paraguay,PRY,1976,7027480419
Paraguay,PRY,1977,7835224752
Paraguay,PRY,1978,8777702779
Paraguay,PRY,1979,9818926783
Paraguay,PRY,1980,10968933818
Paraguay,PRY,1981,11974835380
Paraguay,PRY,1982,11807472959
Paraguay,PRY,1983,11448216675
Paraguay,PRY,1984,11770667082
Paraguay,PRY,1985,12303070325
Paraguay,PRY,1986,12913897548
Paraguay,PRY,1987,13893068567
Paraguay,PRY,1988,14714895264
Paraguay,PRY,1989,15735403256
Paraguay,PRY,1990,16384218445
Paraguay,PRY,1991,16956625718
Paraguay,PRY,1992,17244282666
Paraguay,PRY,1993,18095522437
Paraguay,PRY,1994,19057827421
Paraguay,PRY,1995,20358106834
Paraguay,PRY,1996,20678499692
Paraguay,PRY,1997,21555788371
Paraguay,PRY,1998,21570454446
Paraguay,PRY,1999,21275784844
Paraguay,PRY,2000,20783433276
Paraguay,PRY,2001,20610088070
Paraguay,PRY,2002,20605676606
Paraguay,PRY,2003,21495995447
Paraguay,PRY,2004,22368177914
Paraguay,PRY,2005,22845400902
Paraguay,PRY,2006,23943606096
Paraguay,PRY,2007,25241738121
Paraguay,PRY,2008,26881515165
Paraguay,PRY,2009,26811317495
Paraguay,PRY,2010,29786095177
Paraguay,PRY,2011,31062837784
Paraguay,PRY,2012,30842899501
Paraguay,PRY,2013,33400724748
Paraguay,PRY,2014,35171376876
Paraguay,PRY,2015,36211447840
Paraguay,PRY,2016,37756961788
Paraguay,PRY,2017,39573101423
Paraguay,PRY,2018,40841122661
Paraguay,PRY,2019,40677000526
Paraguay,PRY,2020,40343536418
Paraguay,PRY,2021,41964030301
Paraguay,PRY,2022,42037903094
Paraguay,PRY,2023,44139473679
Paraguay,PRY,2024,46015383701
Peru,PER,1960,27514598739
Peru,PER,1961,29536122813
Peru,PER,1962,32500159377
Peru,PER,1963,33906847467
Peru,PER,1964,36127022963
Peru,PER,1965,38157987897
Peru,PER,1966,41301794164
Peru,PER,1967,42892972386
Peru,PER,1968,42958271665
Peru,PER,1969,44468022472
Peru,PER,1970,45964792097
Peru,PER,1971,48074824231
Peru,PER,1972,49746643129
Peru,PER,1973,52869207462
Peru,PER,1974,57831952689
Peru,PER,1975,60319225840
Peru,PER,1976,61192111990
Peru,PER,1977,61405711440
Peru,PER,1978,59783063686
Peru,PER,1979,62228639707
Peru,PER,1980,65927096478
Peru,PER,1981,69587396442
Peru,PER,1982,69432408996
Peru,PER,1983,62205824296
Peru,PER,1984,64450388680
Peru,PER,1985,65778796308
Peru,PER,1986,71979080889
Peru,PER,1987,78979871696
Peru,PER,1988,71523166041
Peru,PER,1989,62717204194
Peru,PER,1990,59592279647
Peru,PER,1991,60914786737
Peru,PER,1992,60585536757
Peru,PER,1993,63762386032
Peru,PER,1994,71610493993
Peru,PER,1995,76917830598
Peru,PER,1996,79070739970
Peru,PER,1997,84192012966
Peru,PER,1998,83862369616
Peru,PER,1999,85116037105
Peru,PER,2000,87409379264
Peru,PER,2001,87949475111
Peru,PER,2002,92745825187
Peru,PER,2003,96608710264
Peru,PER,2004,101398766434
Peru,PER,2005,107771740073
Peru,PER,2006,115885765581
Peru,PER,2007,125757364463
Peru,PER,2008,137234696225
Peru,PER,2009,138738546494
Peru,PER,2010,150298879148
Peru,PER,2011,159808578409
Peru,PER,2012,169620385179
Peru,PER,2013,179547449111
Peru,PER,2014,183824551906
Peru,PER,2015,189802976285
Peru,PER,2016,197306492869
Peru,PER,2017,202276318741
Peru,PER,2018,210305376512
Peru,PER,2019,215017545590
Peru,PER,2020,191509018299
Peru,PER,2021,217099648514
Peru,PER,2022,223198050485
Peru,PER,2023,222298021864
Peru,PER,2024,229642617310
Philippines,PHL,1960,31344414578
Philippines,PHL,1961,33129626605
Philippines,PHL,1962,34735185774
Philippines,PHL,1963,37172298520
Philippines,PHL,1964,38437083908
Philippines,PHL,1965,40491580379
Philippines,PHL,1966,42289875657
Philippines,PHL,1967,44498543744
Philippines,PHL,1968,46740451307
Philippines,PHL,1969,48932332357
Philippines,PHL,1970,50739152607
Philippines,PHL,1971,53473489811
Philippines,PHL,1972,56377307514
Philippines,PHL,1973,61328367803
Philippines,PHL,1974,63410224488
Philippines,PHL,1975,66866781055
Philippines,PHL,1976,72736616790
Philippines,PHL,1977,76782933144
Philippines,PHL,1978,80769798287
Philippines,PHL,1979,85289329758
Philippines,PHL,1980,89724981380
Philippines,PHL,1981,92795557533
Philippines,PHL,1982,96227514092
Philippines,PHL,1983,98052903642
Philippines,PHL,1984,91150588918
Philippines,PHL,1985,84899137702
Philippines,PHL,1986,87879678171
Philippines,PHL,1987,91712822474
Philippines,PHL,1988,97854767009
Philippines,PHL,1989,103906025758
Philippines,PHL,1990,107109108270
Philippines,PHL,1991,106641694746
Philippines,PHL,1992,107087061460
Philippines,PHL,1993,109423583330
Philippines,PHL,1994,114209405300
Philippines,PHL,1995,119491847401
Philippines,PHL,1996,126494485337
Philippines,PHL,1997,133055010091
Philippines,PHL,1998,132370986792
Philippines,PHL,1999,136800717247
Philippines,PHL,2000,142796015521
Philippines,PHL,2001,147150196386
Philippines,PHL,2002,152618672919
Philippines,PHL,2003,160382249186
Philippines,PHL,2004,170918125627
Philippines,PHL,2005,179365762735
Philippines,PHL,2006,188901594317
Philippines,PHL,2007,201216639993
Philippines,PHL,2008,209958471374
Philippines,PHL,2009,212999348337
Philippines,PHL,2010,228621785456
Philippines,PHL,2011,237442546234
Philippines,PHL,2012,253818843989
Philippines,PHL,2013,270952964501
Philippines,PHL,2014,288153024771
Philippines,PHL,2015,306445871242
Philippines,PHL,2016,328355086268
Philippines,PHL,2017,351113338965
Philippines,PHL,2018,373379140695
Philippines,PHL,2019,396224439236
Philippines,PHL,2020,358510629276
Philippines,PHL,2021,378998554988
Philippines,PHL,2022,407730367707
Philippines,PHL,2023,430232801525
Philippines,PHL,2024,454721721977
Poland,POL,1990,194797367584
Poland,POL,1991,181131204775
Poland,POL,1992,185686615837
Poland,POL,1993,192628157713
Poland,POL,1994,202823584825
Poland,POL,1995,218906804615
Poland,POL,1996,232246717071
Poland,POL,1997,247015068311
Poland,POL,1998,258431144714
Poland,POL,1999,270575301764
Poland,POL,2000,283174187558
Poland,POL,2001,286667833930
Poland,POL,2002,292117946677
Poland,POL,2003,302410346199
Poland,POL,2004,317805438387
Poland,POL,2005,328168510412
Poland,POL,2006,348521872927
Poland,POL,2007,372083512402
Poland,POL,2008,388394800371
Poland,POL,2009,398551823849
Poland,POL,2010,411181642127
Poland,POL,2011,432791139408
Poland,POL,2012,439333996551
Poland,POL,2013,442340098156
Poland,POL,2014,459682079851
Poland,POL,2015,480054118583
Poland,POL,2016,494605411858
Poland,POL,2017,520089746650
Poland,POL,2018,552573816155
Poland,POL,2019,577884228677
Poland,POL,2020,566120997479
Poland,POL,2021,605337233054
Poland,POL,2022,637150470884
Poland,POL,2023,638740867489
Poland,POL,2024,658084600079
Portugal,PRT,1960,36024041106
Portugal,PRT,1961,38017937009
Portugal,PRT,1962,40532613595
Portugal,PRT,1963,42913378578
Portugal,PRT,1964,45621533493
Portugal,PRT,1965,49029000597
Portugal,PRT,1966,51028358838
Portugal,PRT,1967,54878184455
Portugal,PRT,1968,59748902784
Portugal,PRT,1969,61016022359
Portugal,PRT,1970,66576926207
Portugal,PRT,1971,70992076013
Portugal,PRT,1972,76682585127
Portugal,PRT,1973,85271549891
Portugal,PRT,1974,86246084032
Portugal,PRT,1975,82496423036
Portugal,PRT,1976,88188866127
Portugal,PRT,1977,93129733594
Portugal,PRT,1978,95752235290
Portugal,PRT,1979,101151643830
Portugal,PRT,1980,105793836908
Portugal,PRT,1981,107505690554
Portugal,PRT,1982,109801339942
Portugal,PRT,1983,109611260054
Portugal,PRT,1984,107550590438
Portugal,PRT,1985,110570008320
Portugal,PRT,1986,115148663807
Portugal,PRT,1987,122496753631
Portugal,PRT,1988,131670667026
Portugal,PRT,1989,140151100100
Portugal,PRT,1990,145687801786
Portugal,PRT,1991,152051745327
Portugal,PRT,1992,153708313966
Portugal,PRT,1993,150567626889
Portugal,PRT,1994,152020360998
Portugal,PRT,1995,158531058877
Portugal,PRT,1996,164086378007
Portugal,PRT,1997,171307602359
Portugal,PRT,1998,179544008821
Portugal,PRT,1999,186558035204
Portugal,PRT,2000,193677420299
Portugal,PRT,2001,197441874347
Portugal,PRT,2002,198964002685
Portugal,PRT,2003,197112600768
Portugal,PRT,2004,200638423891
Portugal,PRT,2005,202207110531
Portugal,PRT,2006,205493047516
Portugal,PRT,2007,210643893867
Portugal,PRT,2008,211316368904
Portugal,PRT,2009,204718906458
Portugal,PRT,2010,208276152407
Portugal,PRT,2011,204707283345
Portugal,PRT,2012,196414790526
Portugal,PRT,2013,194481859660
Portugal,PRT,2014,195923731482
Portugal,PRT,2015,199038523119
Portugal,PRT,2016,203027536357
Portugal,PRT,2017,209757330876
Portugal,PRT,2018,215937376369
Portugal,PRT,2019,221866335067
Portugal,PRT,2020,203663019645
Portugal,PRT,2021,214984151437
Portugal,PRT,2022,230002603240
Portugal,PRT,2023,237132635847
Portugal,PRT,2024,242206495918
Puerto Rico,PRI,1960,14872866396
Puerto Rico,PRI,1961,15920174750
Puerto Rico,PRI,1962,17245260651
Puerto Rico,PRI,1963,18737156256
Puerto Rico,PRI,1964,20060172567
Puerto Rico,PRI,1965,21906679850
Puerto Rico,PRI,1966,23549494281
Puerto Rico,PRI,1967,25015031909
Puerto Rico,PRI,1968,26310919276
Puerto Rico,PRI,1969,28777629536
Puerto Rico,PRI,1970,31194351251
Puerto Rico,PRI,1971,33180011638
Puerto Rico,PRI,1972,35560204651
Puerto Rico,PRI,1973,37816462599
Puerto Rico,PRI,1974,38919711945
Puerto Rico,PRI,1975,38664956204
Puerto Rico,PRI,1976,41078843372
Puerto Rico,PRI,1977,43523314808
Puerto Rico,PRI,1978,46540327586
Puerto Rico,PRI,1979,50220189697
Puerto Rico,PRI,1980,52351266023
Puerto Rico,PRI,1981,52952230929
Puerto Rico,PRI,1982,52127953622
Puerto Rico,PRI,1983,50907130172
Puerto Rico,PRI,1984,53925254341
Puerto Rico,PRI,1985,55595558165
Puerto Rico,PRI,1986,58362753380
Puerto Rico,PRI,1987,61729699983
Puerto Rico,PRI,1988,65364574807
Puerto Rico,PRI,1989,68198098011
Puerto Rico,PRI,1990,66260903262
Puerto Rico,PRI,1991,67787813677
Puerto Rico,PRI,1992,70881684617
Puerto Rico,PRI,1993,74173803638
Puerto Rico,PRI,1994,77278688339
Puerto Rico,PRI,1995,80794086619
Puerto Rico,PRI,1996,82663425484
Puerto Rico,PRI,1997,86697472737
Puerto Rico,PRI,1998,91492472088
Puerto Rico,PRI,1999,96423641766
Puerto Rico,PRI,2000,99578589112
Puerto Rico,PRI,2001,105865455033
Puerto Rico,PRI,2002,106835668972
Puerto Rico,PRI,2003,106892740374
Puerto Rico,PRI,2004,116244440860
Puerto Rico,PRI,2005,113934735057
Puerto Rico,PRI,2006,112328922886
Puerto Rico,PRI,2007,111022754694
Puerto Rico,PRI,2008,108975346085
Puerto Rico,PRI,2009,106847683983
Puerto Rico,PRI,2010,106406131528
Puerto Rico,PRI,2011,106024654228
Puerto Rico,PRI,2012,106055693105
Puerto Rico,PRI,2013,105730285957
Puerto Rico,PRI,2014,104471711252
Puerto Rico,PRI,2015,103375500000
Puerto Rico,PRI,2016,102069149649
Puerto Rico,PRI,2017,99124231779
Puerto Rico,PRI,2018,94801000739
Puerto Rico,PRI,2019,96389357184
Puerto Rico,PRI,2020,92359439312
Puerto Rico,PRI,2021,92715228856
Puerto Rico,PRI,2022,95456906860
Puerto Rico,PRI,2023,96155166598
Puerto Rico,PRI,2024,99210088884
Qatar,QAT,1970,8816150736
Qatar,QAT,1971,9698458024
Qatar,QAT,1972,10772987962
Qatar,QAT,1973,11934843425
Qatar,QAT,1974,12643564609
Qatar,QAT,1975,13386896518
Qatar,QAT,1976,14504556746
Qatar,QAT,1977,13444936044
Qatar,QAT,1978,14636609979
Qatar,QAT,1979,15401773270
Qatar,QAT,1980,15245226292
Qatar,QAT,1981,15382581528
Qatar,QAT,1982,14325106863
Qatar,QAT,1983,14063649966
Qatar,QAT,1984,14718697889
Qatar,QAT,1985,14406636432
Qatar,QAT,1986,15175343804
Qatar,QAT,1987,15182171403
Qatar,QAT,1988,16078595047
Qatar,QAT,1989,17079039176
Qatar,QAT,1990,17662196492
Qatar,QAT,1991,17368609718
Qatar,QAT,1992,19336564856
Qatar,QAT,1993,19080329053
Qatar,QAT,1994,19351023287
Qatar,QAT,1995,19815300047
Qatar,QAT,1996,20682003550
Qatar,QAT,1997,26889094692
Qatar,QAT,1998,29905688771
Qatar,QAT,1999,31186867736
Qatar,QAT,2000,33690588603
Qatar,QAT,2001,35003910634
Qatar,QAT,2002,37517944590
Qatar,QAT,2003,38913596625
Qatar,QAT,2004,46392367816
Qatar,QAT,2005,49868435891
Qatar,QAT,2006,62919128076
Qatar,QAT,2007,74235546523
Qatar,QAT,2008,87348184124
Qatar,QAT,2009,97792023154
Qatar,QAT,2010,116951606956
Qatar,QAT,2011,132594158696
Qatar,QAT,2012,138865975290
Qatar,QAT,2013,146581512800
Qatar,QAT,2014,154400671412
Qatar,QAT,2015,161739835164
Qatar,QAT,2016,166695713593
Qatar,QAT,2017,164199341779
Qatar,QAT,2018,166226927746
Qatar,QAT,2019,167370994374
Qatar,QAT,2020,161416766491
Qatar,QAT,2021,164042913770
Qatar,QAT,2022,170908060803
Qatar,QAT,2023,173539688045
Qatar,QAT,2024,177634714249
Romania,ROU,1990,116460149704
Romania,ROU,1991,101415582149
Romania,ROU,1992,92524246376
Romania,ROU,1993,93938788972
Romania,ROU,1994,97632408355
Romania,ROU,1995,103718335742
Romania,ROU,1996,107771339314
Romania,ROU,1997,102545439457
Romania,ROU,1998,100463958892
Romania,ROU,1999,100085550636
Romania,ROU,2000,102548919722
Romania,ROU,2001,107900062083
Romania,ROU,2002,114053593614
Romania,ROU,2003,116723756275
Romania,ROU,2004,128895841498
Romania,ROU,2005,134912890211
Romania,ROU,2006,145744791283
Romania,ROU,2007,156287689281
Romania,ROU,2008,170834114652
Romania,ROU,2009,161409698529
Romania,ROU,2010,155105339843
Romania,ROU,2011,162078238594
Romania,ROU,2012,165163587446
Romania,ROU,2013,165624017079
Romania,ROU,2014,172441103432
Romania,ROU,2015,177885131240
Romania,ROU,2016,182972525962
Romania,ROU,2017,197967999561
Romania,ROU,2018,208647427408
Romania,ROU,2019,216910469745
Romania,ROU,2020,209105975817
Romania,ROU,2021,220789460074
Romania,ROU,2022,230035489109
Romania,ROU,2023,235229078939
Romania,ROU,2024,237383786157
Russia,RUS,1989,1197410924008
Russia,RUS,1990,1161488648465
Russia,RUS,1991,1102869019642
Russia,RUS,1992,942610308779
Russia,RUS,1993,860899753889
Russia,RUS,1994,752686755591
Russia,RUS,1995,721498966070
Russia,RUS,1996,694406178897
Russia,RUS,1997,704127280749
Russia,RUS,1998,666808805066
Russia,RUS,1999,709483999746
Russia,RUS,2000,780432873752
Russia,RUS,2001,820235350096
Russia,RUS,2002,858786345187
Russia,RUS,2003,921477339133
Russia,RUS,2004,987823227180
Russia,RUS,2005,1051043572407
Russia,RUS,2006,1137229862730
Russia,RUS,2007,1233894148246
Russia,RUS,2008,1298056264706
Russia,RUS,2009,1196807955075
Russia,RUS,2010,1250664313044
Russia,RUS,2011,1304443243520
Russia,RUS,2012,1356935163515
Russia,RUS,2013,1380755103919
Russia,RUS,2014,1390921151162
Russia,RUS,2015,1363482182197
Russia,RUS,2016,1366123111808
Russia,RUS,2017,1391065651845
Russia,RUS,2018,1430116278515
Russia,RUS,2019,1461551317106
Russia,RUS,2020,1422766794794
Russia,RUS,2021,1506233291759
Russia,RUS,2022,1484605556957
Russia,RUS,2023,1545214947189
Russia,RUS,2024,1612344875264
Rwanda,RWA,1960,1013800018
Rwanda,RWA,1961,970231699
Rwanda,RWA,1962,1080195803
Rwanda,RWA,1963,974115775
Rwanda,RWA,1964,852692314
Rwanda,RWA,1965,912462032
Rwanda,RWA,1966,976415682
Rwanda,RWA,1967,1043944761
Rwanda,RWA,1968,1117164760
Rwanda,RWA,1969,1240135220
Rwanda,RWA,1970,1314561009
Rwanda,RWA,1971,1330423037
Rwanda,RWA,1972,1333922958
Rwanda,RWA,1973,1379784405
Rwanda,RWA,1974,1399236931
Rwanda,RWA,1975,1369659505
Rwanda,RWA,1976,1636805800
Rwanda,RWA,1977,1669445499
Rwanda,RWA,1978,1822213800
Rwanda,RWA,1979,2038508902
Rwanda,RWA,1980,2220988316
Rwanda,RWA,1981,2341725671
Rwanda,RWA,1982,2384130728
Rwanda,RWA,1983,2526710088
Rwanda,RWA,1984,2419558042
Rwanda,RWA,1985,2526085093
Rwanda,RWA,1986,2664315942
Rwanda,RWA,1987,2663675545
Rwanda,RWA,1988,2783509646
Rwanda,RWA,1989,2782492711
Rwanda,RWA,1990,2715732611
Rwanda,RWA,1991,2647448783
Rwanda,RWA,1992,2802926176
Rwanda,RWA,1993,2575645528
Rwanda,RWA,1994,1281433435
Rwanda,RWA,1995,1732806551
Rwanda,RWA,1996,1953664803
Rwanda,RWA,1997,2224242542
Rwanda,RWA,1998,2421280838
Rwanda,RWA,1999,2526652276
Rwanda,RWA,2000,2738155708
Rwanda,RWA,2001,2970476182
Rwanda,RWA,2002,3362343587
Rwanda,RWA,2003,3436395422
Rwanda,RWA,2004,3692326723
Rwanda,RWA,2005,4038589400
Rwanda,RWA,2006,4411233104
Rwanda,RWA,2007,4747955680
Rwanda,RWA,2008,5277886757
Rwanda,RWA,2009,5607662712
Rwanda,RWA,2010,6018965507
Rwanda,RWA,2011,6497978178
Rwanda,RWA,2012,7059501492
Rwanda,RWA,2013,7392699272
Rwanda,RWA,2014,7848619320
Rwanda,RWA,2015,8543760199
Rwanda,RWA,2016,9053886356
Rwanda,RWA,2017,9408633100
Rwanda,RWA,2018,10209916254
Rwanda,RWA,2019,11174486370
Rwanda,RWA,2020,10797494124
Rwanda,RWA,2021,11969932683
Rwanda,RWA,2022,12946823692
Rwanda,RWA,2023,14014924091
Rwanda,RWA,2024,15260942682
Saint Kitts and Nevis,KNA,1977,194002839
Saint Kitts and Nevis,KNA,1978,201588164
Saint Kitts and Nevis,KNA,1979,216904178
Saint Kitts and Nevis,KNA,1980,235211153
Saint Kitts and Nevis,KNA,1981,238849643
Saint Kitts and Nevis,KNA,1982,240157913
Saint Kitts and Nevis,KNA,1983,243007916
Saint Kitts and Nevis,KNA,1984,264552530
Saint Kitts and Nevis,KNA,1985,287171952
Saint Kitts and Nevis,KNA,1986,318350193
Saint Kitts and Nevis,KNA,1987,339203230
Saint Kitts and Nevis,KNA,1988,370496000
Saint Kitts and Nevis,KNA,1989,390798418
Saint Kitts and Nevis,KNA,1990,409858640
Saint Kitts and Nevis,KNA,1991,402216050
Saint Kitts and Nevis,KNA,1992,419386548
Saint Kitts and Nevis,KNA,1993,447913009
Saint Kitts and Nevis,KNA,1994,471660098
Saint Kitts and Nevis,KNA,1995,497050234
Saint Kitts and Nevis,KNA,1996,526092074
Saint Kitts and Nevis,KNA,1997,561992423
Saint Kitts and Nevis,KNA,1998,559256948
Saint Kitts and Nevis,KNA,1999,577264387
Saint Kitts and Nevis,KNA,2000,635237944
Saint Kitts and Nevis,KNA,2001,668609850
Saint Kitts and Nevis,KNA,2002,677754528
Saint Kitts and Nevis,KNA,2003,651095766
Saint Kitts and Nevis,KNA,2004,677115810
Saint Kitts and Nevis,KNA,2005,743018278
Saint Kitts and Nevis,KNA,2006,766426186
Saint Kitts and Nevis,KNA,2007,771029360
Saint Kitts and Nevis,KNA,2008,858287028
Saint Kitts and Nevis,KNA,2009,829064585
Saint Kitts and Nevis,KNA,2010,828615280
Saint Kitts and Nevis,KNA,2011,842010736
Saint Kitts and Nevis,KNA,2012,835799755
Saint Kitts and Nevis,KNA,2013,883668355
Saint Kitts and Nevis,KNA,2014,950623606
Saint Kitts and Nevis,KNA,2015,957222222
Saint Kitts and Nevis,KNA,2016,994866931
Saint Kitts and Nevis,KNA,2017,997065001
Saint Kitts and Nevis,KNA,2018,1017041453
Saint Kitts and Nevis,KNA,2019,1046924638
Saint Kitts and Nevis,KNA,2020,886725390
Saint Kitts and Nevis,KNA,2021,889985054
Saint Kitts and Nevis,KNA,2022,983259885
Saint Kitts and Nevis,KNA,2023,1012966873
Saint Kitts and Nevis,KNA,2024,1016129628
Saint Lucia,LCA,1977,483071666
Saint Lucia,LCA,1978,532885730
Saint Lucia,LCA,1979,553096670
Saint Lucia,LCA,1980,540815003
Saint Lucia,LCA,1981,574941799
Saint Lucia,LCA,1982,586937052
Saint Lucia,LCA,1983,616080730
Saint Lucia,LCA,1984,660842530
Saint Lucia,LCA,1985,715611606
Saint Lucia,LCA,1986,818674128
Saint Lucia,LCA,1987,850796701
Saint Lucia,LCA,1988,969054583
Saint Lucia,LCA,1989,1056085416
Saint Lucia,LCA,1990,1160539672
Saint Lucia,LCA,1991,1164899565
Saint Lucia,LCA,1992,1257544905
Saint Lucia,LCA,1993,1264878904
Saint Lucia,LCA,1994,1285098754
Saint Lucia,LCA,1995,1307565183
Saint Lucia,LCA,1996,1345779926
Saint Lucia,LCA,1997,1336438462
Saint Lucia,LCA,1998,1420453281
Saint Lucia,LCA,1999,1458387956
Saint Lucia,LCA,2000,1459098899
Saint Lucia,LCA,2001,1409371875
Saint Lucia,LCA,2002,1415241211
Saint Lucia,LCA,2003,1475595751
Saint Lucia,LCA,2004,1582833327
Saint Lucia,LCA,2005,1576338887
Saint Lucia,LCA,2006,1673997137
Saint Lucia,LCA,2007,1702314784
Saint Lucia,LCA,2008,1786567823
Saint Lucia,LCA,2009,1736027614
Saint Lucia,LCA,2010,1741756827
Saint Lucia,LCA,2011,1817121648
Saint Lucia,LCA,2012,1815145417
Saint Lucia,LCA,2013,1782131987
Saint Lucia,LCA,2014,1805800308
Saint Lucia,LCA,2015,1807640740
Saint Lucia,LCA,2016,1869604354
Saint Lucia,LCA,2017,1932793731
Saint Lucia,LCA,2018,1988589215
Saint Lucia,LCA,2019,1974662679
Saint Lucia,LCA,2020,1493605760
Saint Lucia,LCA,2021,1666845859
Saint Lucia,LCA,2022,2006689780
Saint Lucia,LCA,2023,2051035272
Saint Lucia,LCA,2024,2130856442
Saint Vincent and the Grenadines,VCT,1960,159345007
Saint Vincent and the Grenadines,VCT,1961,166559007
Saint Vincent and the Grenadines,VCT,1962,172712132
Saint Vincent and the Grenadines,VCT,1963,161891132
Saint Vincent and the Grenadines,VCT,1964,167832093
Saint Vincent and the Grenadines,VCT,1965,169317298
Saint Vincent and the Grenadines,VCT,1966,169317298
Saint Vincent and the Grenadines,VCT,1967,153191834
Saint Vincent and the Grenadines,VCT,1968,163164172
Saint Vincent and the Grenadines,VCT,1969,167832046
Saint Vincent and the Grenadines,VCT,1970,185867093
Saint Vincent and the Grenadines,VCT,1971,191383722
Saint Vincent and the Grenadines,VCT,1972,240820987
Saint Vincent and the Grenadines,VCT,1973,214086642
Saint Vincent and the Grenadines,VCT,1974,195202934
Saint Vincent and the Grenadines,VCT,1975,180350510
Saint Vincent and the Grenadines,VCT,1976,199065158
Saint Vincent and the Grenadines,VCT,1977,225400306
Saint Vincent and the Grenadines,VCT,1978,247438763
Saint Vincent and the Grenadines,VCT,1979,255807678
Saint Vincent and the Grenadines,VCT,1980,262056344
Saint Vincent and the Grenadines,VCT,1981,274147373
Saint Vincent and the Grenadines,VCT,1982,286420537
Saint Vincent and the Grenadines,VCT,1983,292631842
Saint Vincent and the Grenadines,VCT,1984,311905567
Saint Vincent and the Grenadines,VCT,1985,331179292
Saint Vincent and the Grenadines,VCT,1986,349724473
Saint Vincent and the Grenadines,VCT,1987,351256283
Saint Vincent and the Grenadines,VCT,1988,400694532
Saint Vincent and the Grenadines,VCT,1989,406326738
Saint Vincent and the Grenadines,VCT,1990,423185993
Saint Vincent and the Grenadines,VCT,1991,427991589
Saint Vincent and the Grenadines,VCT,1992,455288638
Saint Vincent and the Grenadines,VCT,1993,474641732
Saint Vincent and the Grenadines,VCT,1994,468719991
Saint Vincent and the Grenadines,VCT,1995,505123833
Saint Vincent and the Grenadines,VCT,1996,511629384
Saint Vincent and the Grenadines,VCT,1997,529562766
Saint Vincent and the Grenadines,VCT,1998,551222915
Saint Vincent and the Grenadines,VCT,1999,566162769
Saint Vincent and the Grenadines,VCT,2000,575442357
Saint Vincent and the Grenadines,VCT,2001,585502419
Saint Vincent and the Grenadines,VCT,2002,616780702
Saint Vincent and the Grenadines,VCT,2003,658051576
Saint Vincent and the Grenadines,VCT,2004,685128416
Saint Vincent and the Grenadines,VCT,2005,702178229
Saint Vincent and the Grenadines,VCT,2006,751309123
Saint Vincent and the Grenadines,VCT,2007,776274889
Saint Vincent and the Grenadines,VCT,2008,779416014
Saint Vincent and the Grenadines,VCT,2009,768674152
Saint Vincent and the Grenadines,VCT,2010,734310821
Saint Vincent and the Grenadines,VCT,2011,729858865
Saint Vincent and the Grenadines,VCT,2012,738391734
Saint Vincent and the Grenadines,VCT,2013,756574514
Saint Vincent and the Grenadines,VCT,2014,765242794
Saint Vincent and the Grenadines,VCT,2015,786555555
Saint Vincent and the Grenadines,VCT,2016,819195102
Saint Vincent and the Grenadines,VCT,2017,831877075
Saint Vincent and the Grenadines,VCT,2018,858294259
Saint Vincent and the Grenadines,VCT,2019,864031342
Saint Vincent and the Grenadines,VCT,2020,827146498
Saint Vincent and the Grenadines,VCT,2021,844461993
Saint Vincent and the Grenadines,VCT,2022,870731795
Saint Vincent and the Grenadines,VCT,2023,917110146
Saint Vincent and the Grenadines,VCT,2024,954361646
Samoa,WSM,1970,340680797
Samoa,WSM,1971,386718743
Samoa,WSM,1972,392857136
Samoa,WSM,1973,421502969
Samoa,WSM,1974,376488089
Samoa,WSM,1975,362165172
Samoa,WSM,1976,395926332
Samoa,WSM,1977,392857136
Samoa,WSM,1978,417410707
Samoa,WSM,1979,462946425
Samoa,WSM,1980,434275788
Samoa,WSM,1981,395064496
Samoa,WSM,1982,391269845
Samoa,WSM,1983,392956359
Samoa,WSM,1984,398015901
Samoa,WSM,1985,413616120
Samoa,WSM,1986,436383943
Samoa,WSM,1987,438492096
Samoa,WSM,1988,432167726
Samoa,WSM,1989,448189539
Samoa,WSM,1990,428373059
Samoa,WSM,1991,418520425
Samoa,WSM,1992,417683438
Samoa,WSM,1993,434808422
Samoa,WSM,1994,423755155
Samoa,WSM,1995,452035062
Samoa,WSM,1996,484486518
Samoa,WSM,1997,487603825
Samoa,WSM,1998,498306192
Samoa,WSM,1999,509196346
Samoa,WSM,2000,535129944
Samoa,WSM,2001,574676737
Samoa,WSM,2002,607157232
Samoa,WSM,2003,638806086
Samoa,WSM,2004,658527692
Samoa,WSM,2005,702248686
Samoa,WSM,2006,717221521
Samoa,WSM,2007,720707093
Samoa,WSM,2008,746336191
Samoa,WSM,2009,742293455
Samoa,WSM,2010,787756851
Samoa,WSM,2011,818078226
Samoa,WSM,2012,787546481
Samoa,WSM,2013,788391466
Samoa,WSM,2014,793594248
Samoa,WSM,2015,824150498
Samoa,WSM,2016,889949544
Samoa,WSM,2017,902464748
Samoa,WSM,2018,896962897
Samoa,WSM,2019,936894420
Samoa,WSM,2020,907769700
Samoa,WSM,2021,861986288
Samoa,WSM,2022,881527953
Samoa,WSM,2023,1015816489
Samoa,WSM,2024,1064051361
San Marino,SMR,1997,1248966330
San Marino,SMR,1998,1342209396
San Marino,SMR,1999,1463670758
San Marino,SMR,2000,1495569701
San Marino,SMR,2001,1578997708
San Marino,SMR,2002,1583905238
San Marino,SMR,2003,1645249360
San Marino,SMR,2004,1720089189
San Marino,SMR,2005,1761803192
San Marino,SMR,2006,1829281727
San Marino,SMR,2007,1959331266
San Marino,SMR,2008,1949516207
San Marino,SMR,2009,1748307485
San Marino,SMR,2010,1652610655
San Marino,SMR,2011,1515199821
San Marino,SMR,2012,1408461048
San Marino,SMR,2013,1397419106
San Marino,SMR,2014,1387604046
San Marino,SMR,2015,1419401070
San Marino,SMR,2016,1452677592
San Marino,SMR,2017,1456429357
San Marino,SMR,2018,1478187032
San Marino,SMR,2019,1508721722
San Marino,SMR,2020,1408423247
San Marino,SMR,2021,1604162946
San Marino,SMR,2022,1730866817
San Marino,SMR,2023,1737823775
Sao Tome and Principe,STP,1970,76468736
Sao Tome and Principe,STP,1971,80579183
Sao Tome and Principe,STP,1972,82425278
Sao Tome and Principe,STP,1973,83737737
Sao Tome and Principe,STP,1974,88497202
Sao Tome and Principe,STP,1975,93256666
Sao Tome and Principe,STP,1976,94785464
Sao Tome and Principe,STP,1977,116981878
Sao Tome and Principe,STP,1978,120371194
Sao Tome and Principe,STP,1979,140043649
Sao Tome and Principe,STP,1980,138529274
Sao Tome and Principe,STP,1981,124241500
Sao Tome and Principe,STP,1982,128084020
Sao Tome and Principe,STP,1983,123122082
Sao Tome and Principe,STP,1984,115697254
Sao Tome and Principe,STP,1985,126456967
Sao Tome and Principe,STP,1986,119081846
Sao Tome and Principe,STP,1987,115592613
Sao Tome and Principe,STP,1988,117902997
Sao Tome and Principe,STP,1989,121599628
Sao Tome and Principe,STP,1990,118982019
Sao Tome and Principe,STP,1991,120410999
Sao Tome and Principe,STP,1992,121253872
Sao Tome and Principe,STP,1993,122587663
Sao Tome and Principe,STP,1994,125284593
Sao Tome and Principe,STP,1995,127790287
Sao Tome and Principe,STP,1996,129707143
Sao Tome and Principe,STP,1997,130999443
Sao Tome and Principe,STP,1998,134274413
Sao Tome and Principe,STP,1999,137631281
Sao Tome and Principe,STP,2000,138248376
Sao Tome and Principe,STP,2001,142484974
Sao Tome and Principe,STP,2002,147272738
Sao Tome and Principe,STP,2003,159483885
Sao Tome and Principe,STP,2004,165126275
Sao Tome and Principe,STP,2005,176048759
Sao Tome and Principe,STP,2006,191657434
Sao Tome and Principe,STP,2007,198636586
Sao Tome and Principe,STP,2008,211009232
Sao Tome and Principe,STP,2009,217977600
Sao Tome and Principe,STP,2010,221134908
Sao Tome and Principe,STP,2011,225556350
Sao Tome and Principe,STP,2012,232194345
Sao Tome and Principe,STP,2013,244081946
Sao Tome and Principe,STP,2014,256057120
Sao Tome and Principe,STP,2015,259999643
Sao Tome and Principe,STP,2016,273459368
Sao Tome and Principe,STP,2017,284706696
Sao Tome and Principe,STP,2018,297171520
Sao Tome and Principe,STP,2019,303157496
Sao Tome and Principe,STP,2020,311114954
Sao Tome and Principe,STP,2021,317023957
Sao Tome and Principe,STP,2022,317558772
Sao Tome and Principe,STP,2023,318740893
Sao Tome and Principe,STP,2024,322247041
Saudi Arabia,SAU,1960,39062138603
Saudi Arabia,SAU,1961,43701490633
Saudi Arabia,SAU,1962,48911870586
Saudi Arabia,SAU,1963,53165300282
Saudi Arabia,SAU,1964,57831504044
Saudi Arabia,SAU,1965,64850377193
Saudi Arabia,SAU,1966,70155880866
Saudi Arabia,SAU,1967,76406337221
Saudi Arabia,SAU,1968,82259159326
Saudi Arabia,SAU,1969,87225874036
Saudi Arabia,SAU,1970,133099787877
Saudi Arabia,SAU,1971,153369697077
Saudi Arabia,SAU,1972,182180374832
Saudi Arabia,SAU,1973,223162035358
Saudi Arabia,SAU,1974,259090398369
Saudi Arabia,SAU,1975,244871098281
Saudi Arabia,SAU,1976,282149187832
Saudi Arabia,SAU,1977,298771678009
Saudi Arabia,SAU,1978,299286687828
Saudi Arabia,SAU,1979,332100224569
Saudi Arabia,SAU,1980,351354104854
Saudi Arabia,SAU,1981,361834100908
Saudi Arabia,SAU,1982,303545917340
Saudi Arabia,SAU,1983,270175776742
Saudi Arabia,SAU,1984,259348470470
Saudi Arabia,SAU,1985,240644765871
Saudi Arabia,SAU,1986,243070832682
Saudi Arabia,SAU,1987,235455342414
Saudi Arabia,SAU,1988,250996198534
Saudi Arabia,SAU,1989,252038318255
Saudi Arabia,SAU,1990,275795698496
Saudi Arabia,SAU,1991,298468230594
Saudi Arabia,SAU,1992,312139812825
Saudi Arabia,SAU,1993,313325431978
Saudi Arabia,SAU,1994,316311316729
Saudi Arabia,SAU,1995,317297284499
Saudi Arabia,SAU,1996,327782952467
Saudi Arabia,SAU,1997,336460414155
Saudi Arabia,SAU,1998,345894131084
Saudi Arabia,SAU,1999,343703259654
Saudi Arabia,SAU,2000,359919640768
Saudi Arabia,SAU,2001,361159899361
Saudi Arabia,SAU,2002,358673710260
Saudi Arabia,SAU,2003,390124853185
Saudi Arabia,SAU,2004,423796550560
Saudi Arabia,SAU,2005,448990815757
Saudi Arabia,SAU,2006,463868057904
Saudi Arabia,SAU,2007,474136491554
Saudi Arabia,SAU,2008,503713066804
Saudi Arabia,SAU,2009,498339873323
Saudi Arabia,SAU,2010,523453786400
Saudi Arabia,SAU,2011,585005778521
Saudi Arabia,SAU,2012,618711318317
Saudi Arabia,SAU,2013,636936313349
Saudi Arabia,SAU,2014,662570908159
Saudi Arabia,SAU,2015,693414400000
Saudi Arabia,SAU,2016,705230509999
Saudi Arabia,SAU,2017,713567089638
Saudi Arabia,SAU,2018,736593549189
Saudi Arabia,SAU,2019,748759049109
Saudi Arabia,SAU,2020,720270347023
Saudi Arabia,SAU,2021,767229070838
Saudi Arabia,SAU,2022,859301066620
Saudi Arabia,SAU,2023,863963569239
Saudi Arabia,SAU,2024,881212616884
Senegal,SEN,1960,3845391101
Senegal,SEN,1961,3960500894
Senegal,SEN,1962,3955105291
Senegal,SEN,1963,4028847382
Senegal,SEN,1964,4185324877
Senegal,SEN,1965,4241081336
Senegal,SEN,1966,4363087108
Senegal,SEN,1967,4309866483
Senegal,SEN,1968,4580990423
Senegal,SEN,1969,4280745764
Senegal,SEN,1970,4647265164
Senegal,SEN,1971,4640738106
Senegal,SEN,1972,4936966115
Senegal,SEN,1973,4661323443
Senegal,SEN,1974,4857135177
Senegal,SEN,1975,5223152496
Senegal,SEN,1976,5689084008
Senegal,SEN,1977,5536451271
Senegal,SEN,1978,5317543794
Senegal,SEN,1979,5689861492
Senegal,SEN,1980,5916759625
Senegal,SEN,1981,6223261363
Senegal,SEN,1982,6721768519
Senegal,SEN,1983,6342159311
Senegal,SEN,1984,6591776709
Senegal,SEN,1985,6820055505
Senegal,SEN,1986,7033317655
Senegal,SEN,1987,7473312400
Senegal,SEN,1988,7412287163
Senegal,SEN,1989,7706835393
Senegal,SEN,1990,7649320651
Senegal,SEN,1991,7852789724
Senegal,SEN,1992,7956464848
Senegal,SEN,1993,8064689718
Senegal,SEN,1994,8060857301
Senegal,SEN,1995,8501672122
Senegal,SEN,1996,8673403962
Senegal,SEN,1997,8937561242
Senegal,SEN,1998,9464741444
Senegal,SEN,1999,10059440324
Senegal,SEN,2000,10450471990
Senegal,SEN,2001,10900976316
Senegal,SEN,2002,10908464913
Senegal,SEN,2003,11518679089
Senegal,SEN,2004,12053525217
Senegal,SEN,2005,12573060904
Senegal,SEN,2006,12866110160
Senegal,SEN,2007,13229850430
Senegal,SEN,2008,13719774159
Senegal,SEN,2009,14097356679
Senegal,SEN,2010,14575382431
Senegal,SEN,2011,14769831308
Senegal,SEN,2012,15361066998
Senegal,SEN,2013,15731635117
Senegal,SEN,2014,16710783797
Senegal,SEN,2015,17774766696
Senegal,SEN,2016,18904543055
Senegal,SEN,2017,20304894471
Senegal,SEN,2018,21565674310
Senegal,SEN,2019,22560634320
Senegal,SEN,2020,22863414676
Senegal,SEN,2021,24359596784
Senegal,SEN,2022,25297546478
Senegal,SEN,2023,26374572022
Senegal,SEN,2024,27973016519
Serbia,SRB,1995,22980131320
Serbia,SRB,1996,24396847807
Serbia,SRB,1997,26576270301
Serbia,SRB,1998,27996144670
Serbia,SRB,1999,25105401187
Serbia,SRB,2000,26625555756
Serbia,SRB,2001,28430375122
Serbia,SRB,2002,30290019038
Serbia,SRB,2003,31671150000
Serbia,SRB,2004,33788958112
Serbia,SRB,2005,35783687980
Serbia,SRB,2006,37179490290
Serbia,SRB,2007,40091414081
Serbia,SRB,2008,42160489173
Serbia,SRB,2009,40835549106
Serbia,SRB,2010,41493398701
Serbia,SRB,2011,41515918199
Serbia,SRB,2012,41331605760
Serbia,SRB,2013,41518250531
Serbia,SRB,2014,40769149019
Serbia,SRB,2015,41297410634
Serbia,SRB,2016,42526090399
Serbia,SRB,2017,43531153349
Serbia,SRB,2018,45555069182
Serbia,SRB,2019,47719029694
Serbia,SRB,2020,47265687464
Serbia,SRB,2021,51022863667
Serbia,SRB,2022,52402255080
Serbia,SRB,2023,54366256509
Serbia,SRB,2024,56513683533
Seychelles,SYC,1960,132183659
Seychelles,SYC,1961,125730088
Seychelles,SYC,1962,136302204
Seychelles,SYC,1963,150117255
Seychelles,SYC,1964,159003065
Seychelles,SYC,1965,157316724
Seychelles,SYC,1966,179178255
Seychelles,SYC,1967,180082638
Seychelles,SYC,1968,193684704
Seychelles,SYC,1969,193684704
Seychelles,SYC,1970,210868159
Seychelles,SYC,1971,244294507
Seychelles,SYC,1972,259705357
Seychelles,SYC,1973,283219564
Seychelles,SYC,1974,286909489
Seychelles,SYC,1975,296025766
Seychelles,SYC,1976,344211797
Seychelles,SYC,1977,322904306
Seychelles,SYC,1978,391204032
Seychelles,SYC,1979,452992130
Seychelles,SYC,1980,429886464
Seychelles,SYC,1981,413220699
Seychelles,SYC,1982,404662590
Seychelles,SYC,1983,402168917
Seychelles,SYC,1984,419484794
Seychelles,SYC,1985,462665475
Seychelles,SYC,1986,466190739
Seychelles,SYC,1987,488915450
Seychelles,SYC,1988,514957094
Seychelles,SYC,1989,567923802
Seychelles,SYC,1990,610261194
Seychelles,SYC,1991,627107005
Seychelles,SYC,1992,672089666
Seychelles,SYC,1993,721174866
Seychelles,SYC,1994,703602944
Seychelles,SYC,1995,707015676
Seychelles,SYC,1996,777702722
Seychelles,SYC,1997,872533006
Seychelles,SYC,1998,894062242
Seychelles,SYC,1999,910799133
Seychelles,SYC,2000,949537227
Seychelles,SYC,2001,927971690
Seychelles,SYC,2002,939226436
Seychelles,SYC,2003,883932969
Seychelles,SYC,2004,858736866
Seychelles,SYC,2005,936072662
Seychelles,SYC,2006,1024120860
Seychelles,SYC,2007,1115022508
Seychelles,SYC,2008,1084627594
Seychelles,SYC,2009,1057735598
Seychelles,SYC,2010,1105387984
Seychelles,SYC,2011,1210507986
Seychelles,SYC,2012,1248162998
Seychelles,SYC,2013,1263811654
Seychelles,SYC,2014,1315169064
Seychelles,SYC,2015,1432403352
Seychelles,SYC,2016,1605975218
Seychelles,SYC,2017,1717657339
Seychelles,SYC,2018,1802500555
Seychelles,SYC,2019,1901895701
Seychelles,SYC,2020,1678615792
Seychelles,SYC,2021,1687886479
Seychelles,SYC,2022,1902424765
Seychelles,SYC,2023,1945405357
Seychelles,SYC,2024,2012826895
Sierra Leone,SLE,1960,2005356249
Sierra Leone,SLE,1961,2041634016
Sierra Leone,SLE,1962,2134343944
Sierra Leone,SLE,1963,2170621713
Sierra Leone,SLE,1964,2315732958
Sierra Leone,SLE,1965,2482006192
Sierra Leone,SLE,1966,2524200297
Sierra Leone,SLE,1967,2525116116
Sierra Leone,SLE,1968,2576121538
Sierra Leone,SLE,1969,2795747409
Sierra Leone,SLE,1970,3036754625
Sierra Leone,SLE,1971,3142006005
Sierra Leone,SLE,1972,3170291431
Sierra Leone,SLE,1973,3241832807
Sierra Leone,SLE,1974,3355291389
Sierra Leone,SLE,1975,3411298468
Sierra Leone,SLE,1976,3395975722
Sierra Leone,SLE,1977,3397560821
Sierra Leone,SLE,1978,3479317420
Sierra Leone,SLE,1979,3636278670
Sierra Leone,SLE,1980,3812401964
Sierra Leone,SLE,1981,3922253603
Sierra Leone,SLE,1982,4109806182
Sierra Leone,SLE,1983,4023385111
Sierra Leone,SLE,1984,4188063642
Sierra Leone,SLE,1985,3965621323
Sierra Leone,SLE,1986,4014638262
Sierra Leone,SLE,1987,4304947544
Sierra Leone,SLE,1988,4000157258
Sierra Leone,SLE,1989,4029358405
Sierra Leone,SLE,1990,4164341831
Sierra Leone,SLE,1991,4262285540
Sierra Leone,SLE,1992,3451901036
Sierra Leone,SLE,1993,3499349141
Sierra Leone,SLE,1994,3431203339
Sierra Leone,SLE,1995,3156715557
Sierra Leone,SLE,1996,3212078685
Sierra Leone,SLE,1997,3023302224
Sierra Leone,SLE,1998,3077268543
Sierra Leone,SLE,1999,3016360576
Sierra Leone,SLE,2000,3217030909
Sierra Leone,SLE,2001,3012895640
Sierra Leone,SLE,2002,3812040149
Sierra Leone,SLE,2003,4173559981
Sierra Leone,SLE,2004,4443958500
Sierra Leone,SLE,2005,4637426225
Sierra Leone,SLE,2006,4836052320
Sierra Leone,SLE,2007,5017392581
Sierra Leone,SLE,2008,5202336667
Sierra Leone,SLE,2009,5281974205
Sierra Leone,SLE,2010,5617678842
Sierra Leone,SLE,2011,6072747634
Sierra Leone,SLE,2012,6715143020
Sierra Leone,SLE,2013,7699806185
Sierra Leone,SLE,2014,7098065167
Sierra Leone,SLE,2015,6788352974
Sierra Leone,SLE,2016,7225348888
Sierra Leone,SLE,2017,7457128029
Sierra Leone,SLE,2018,7672926606
Sierra Leone,SLE,2019,8095145458
Sierra Leone,SLE,2020,7993685031
Sierra Leone,SLE,2021,8465060863
Sierra Leone,SLE,2022,8914856495
Sierra Leone,SLE,2023,9423896753
Sierra Leone,SLE,2024,9828485690
Singapore,SGP,1960,5946720491
Singapore,SGP,1961,6430636626
Singapore,SGP,1962,6916371174
Singapore,SGP,1963,7610786827
Singapore,SGP,1964,7374611314
Singapore,SGP,1965,7952357572
Singapore,SGP,1966,8761915152
Singapore,SGP,1967,9857909188
Singapore,SGP,1968,11191387994
Singapore,SGP,1969,12739585038
Singapore,SGP,1970,14515738366
Singapore,SGP,1971,16317640426
Singapore,SGP,1972,18490426054
Singapore,SGP,1973,20450966486
Singapore,SGP,1974,21702034804
Singapore,SGP,1975,22567672249
Singapore,SGP,1976,24246067681
Singapore,SGP,1977,25907515501
Singapore,SGP,1978,27922390122
Singapore,SGP,1979,30590220573
Singapore,SGP,1980,33683923408
Singapore,SGP,1981,37327150728
Singapore,SGP,1982,39978179040
Singapore,SGP,1983,43398105213
Singapore,SGP,1984,47213790846
Singapore,SGP,1985,46919789791
Singapore,SGP,1986,47549833615
Singapore,SGP,1987,52684232538
Singapore,SGP,1988,58618369610
Singapore,SGP,1989,64573309330
Singapore,SGP,1990,70914989180
Singapore,SGP,1991,75658065571
Singapore,SGP,1992,80681614023
Singapore,SGP,1993,89927445311
Singapore,SGP,1994,99905515247
Singapore,SGP,1995,107074136708
Singapore,SGP,1996,115074063971
Singapore,SGP,1997,124643863764
Singapore,SGP,1998,121912898005
Singapore,SGP,1999,128884330733
Singapore,SGP,2000,140533304238
Singapore,SGP,2001,139028385430
Singapore,SGP,2002,144482970559
Singapore,SGP,2003,151054425108
Singapore,SGP,2004,166069208808
Singapore,SGP,2005,178302402123
Singapore,SGP,2006,194361682395
Singapore,SGP,2007,211896059498
Singapore,SGP,2008,215844707508
Singapore,SGP,2009,216120888113
Singapore,SGP,2010,247501100140
Singapore,SGP,2011,262883130580
Singapore,SGP,2012,274543305511
Singapore,SGP,2013,287769788882
Singapore,SGP,2014,299095084828
Singapore,SGP,2015,307998545269
Singapore,SGP,2016,319541032495
Singapore,SGP,2017,333846562289
Singapore,SGP,2018,345370865382
Singapore,SGP,2019,349888458531
Singapore,SGP,2020,336541232520
Singapore,SGP,2021,369376902514
Singapore,SGP,2022,384550906479
Singapore,SGP,2023,391555143381
Singapore,SGP,2024,408736675576
Sint Maarten (Dutch part),SXM,2009,1257551799
Sint Maarten (Dutch part),SXM,2010,1297793365
Sint Maarten (Dutch part),SXM,2011,1357491904
Sint Maarten (Dutch part),SXM,2012,1376368434
Sint Maarten (Dutch part),SXM,2013,1394353867
Sint Maarten (Dutch part),SXM,2014,1416389988
Sint Maarten (Dutch part),SXM,2015,1417888715
Sint Maarten (Dutch part),SXM,2016,1431610451
Sint Maarten (Dutch part),SXM,2017,1323735540
Sint Maarten (Dutch part),SXM,2018,1232967219
Sint Maarten (Dutch part),SXM,2019,1368162086
Sint Maarten (Dutch part),SXM,2020,1185966832
Sint Maarten (Dutch part),SXM,2021,1240255611
Sint Maarten (Dutch part),SXM,2022,1412651141
Sint Maarten (Dutch part),SXM,2023,1466331885
Sint Maarten (Dutch part),SXM,2024,1510321841
Slovakia,SVK,1990,45559569012
Slovakia,SVK,1991,38919807326
Slovakia,SVK,1992,36303816917
Slovakia,SVK,1993,36994071827
Slovakia,SVK,1994,39289750244
Slovakia,SVK,1995,41585644560
Slovakia,SVK,1996,44130510842
Slovakia,SVK,1997,46551440140
Slovakia,SVK,1998,48332548393
Slovakia,SVK,1999,48103809189
Slovakia,SVK,2000,48483456226
Slovakia,SVK,2001,49901675269
Slovakia,SVK,2002,52105958758
Slovakia,SVK,2003,54636588083
Slovakia,SVK,2004,57581226217
Slovakia,SVK,2005,61315329710
Slovakia,SVK,2006,66788144152
Slovakia,SVK,2007,74013706023
Slovakia,SVK,2008,77983340266
Slovakia,SVK,2009,73690093871
Slovakia,SVK,2010,78694079820
Slovakia,SVK,2011,80710556384
Slovakia,SVK,2012,81977043067
Slovakia,SVK,2013,82553606913
Slovakia,SVK,2014,84789118561
Slovakia,SVK,2015,89178548717
Slovakia,SVK,2016,90915584911
Slovakia,SVK,2017,93529165482
Slovakia,SVK,2018,97328432250
Slovakia,SVK,2019,99543529164
Slovakia,SVK,2020,96969818857
Slovakia,SVK,2021,102454294896
Slovakia,SVK,2022,103012252413
Slovakia,SVK,2023,105188526684
Slovakia,SVK,2024,107227789781
Slovenia,SVN,1990,27206132647
Slovenia,SVN,1991,24784757478
Slovenia,SVN,1992,23430593234
Slovenia,SVN,1993,24096823248
Slovenia,SVN,1994,25380578071
Slovenia,SVN,1995,26422998604
Slovenia,SVN,1996,27192863782
Slovenia,SVN,1997,28599098754
Slovenia,SVN,1998,29475325366
Slovenia,SVN,1999,31028087570
Slovenia,SVN,2000,32113425072
Slovenia,SVN,2001,33021812643
Slovenia,SVN,2002,34105781287
Slovenia,SVN,2003,35195471631
Slovenia,SVN,2004,36795465565
Slovenia,SVN,2005,38213609800
Slovenia,SVN,2006,40471568430
Slovenia,SVN,2007,43360927307
Slovenia,SVN,2008,44823161262
Slovenia,SVN,2009,41420820595
Slovenia,SVN,2010,41881476947
Slovenia,SVN,2011,42155984116
Slovenia,SVN,2012,40926910455
Slovenia,SVN,2013,40589764218
Slovenia,SVN,2014,41711191731
Slovenia,SVN,2015,42709468274
Slovenia,SVN,2016,44005450729
Slovenia,SVN,2017,46282469720
Slovenia,SVN,2018,48309217703
Slovenia,SVN,2019,50002578162
Slovenia,SVN,2020,47959972369
Slovenia,SVN,2021,51996698295
Slovenia,SVN,2022,53384233078
Slovenia,SVN,2023,54652553125
Slovenia,SVN,2024,55598805913
Solomon Islands,SLB,1980,526652578
Solomon Islands,SLB,1981,517188529
Solomon Islands,SLB,1982,508553727
Solomon Islands,SLB,1983,528339476
Solomon Islands,SLB,1984,529238712
Solomon Islands,SLB,1985,512661246
Solomon Islands,SLB,1986,511628592
Solomon Islands,SLB,1987,554714423
Solomon Islands,SLB,1988,561649442
Solomon Islands,SLB,1989,585599616
Solomon Islands,SLB,1990,598482808
Solomon Islands,SLB,1991,634391785
Solomon Islands,SLB,1992,714959531
Solomon Islands,SLB,1993,743557909
Solomon Islands,SLB,1994,803786109
Solomon Islands,SLB,1995,884876998
Solomon Islands,SLB,1996,899122700
Solomon Islands,SLB,1997,890904025
Solomon Islands,SLB,1998,902410159
Solomon Islands,SLB,1999,898026876
Solomon Islands,SLB,2000,769815582
Solomon Islands,SLB,2001,708564389
Solomon Islands,SLB,2002,688724707
Solomon Islands,SLB,2003,733653435
Solomon Islands,SLB,2004,790024731
Solomon Islands,SLB,2005,848163277
Solomon Islands,SLB,2006,883254017
Solomon Islands,SLB,2007,915402123
Solomon Islands,SLB,2008,972394202
Solomon Islands,SLB,2009,1000251965
Solomon Islands,SLB,2010,1097358149
Solomon Islands,SLB,2011,1178894466
Solomon Islands,SLB,2012,1207965042
Solomon Islands,SLB,2013,1271231571
Solomon Islands,SLB,2014,1286352300
Solomon Islands,SLB,2015,1307908813
Solomon Islands,SLB,2016,1380562408
Solomon Islands,SLB,2017,1423021077
Solomon Islands,SLB,2018,1462095137
Solomon Islands,SLB,2019,1487670872
Solomon Islands,SLB,2020,1437368862
Solomon Islands,SLB,2021,1434092017
Solomon Islands,SLB,2022,1397028143
Solomon Islands,SLB,2023,1436719369
Solomon Islands,SLB,2024,1479785892
Somalia,SOM,1960,917045732
Somalia,SOM,1961,887131872
Somalia,SOM,1962,949911138
Somalia,SOM,1963,976592267
Somalia,SOM,1964,916916392
Somalia,SOM,1965,862417802
Somalia,SOM,1966,940886220
Somalia,SOM,1967,996783740
Somalia,SOM,1968,1017018224
Somalia,SOM,1969,999733290
Somalia,SOM,1970,1045535150
Somalia,SOM,1971,1067892505
Somalia,SOM,1972,1226805081
Somalia,SOM,1973,1077756045
Somalia,SOM,1974,1085866066
Somalia,SOM,1975,1245436210
Somalia,SOM,1976,1222421286
Somalia,SOM,1977,1389224692
Somalia,SOM,1978,1469791647
Somalia,SOM,1979,1396493891
Somalia,SOM,1980,1421532243
Somalia,SOM,1981,1510579931
Somalia,SOM,1982,1552377825
Somalia,SOM,1983,1372667072
Somalia,SOM,1984,1417493799
Somalia,SOM,1985,1552579747
Somalia,SOM,1986,1519262585
Somalia,SOM,1987,1672521530
Somalia,SOM,1988,1729642283
Somalia,SOM,1989,1795501262
Somalia,SOM,1990,1837281328
Somalia,SOM,1991,1891491615
Somalia,SOM,1992,1730935688
Somalia,SOM,1993,1800010346
Somalia,SOM,1994,1478762688
Somalia,SOM,1995,1537774139
Somalia,SOM,1996,1661503678
Somalia,SOM,1997,1681117593
Somalia,SOM,1998,1791844290
Somalia,SOM,1999,1922976751
Somalia,SOM,2000,2059706442
Somalia,SOM,2001,2206158044
Somalia,SOM,2002,2374493799
Somalia,SOM,2003,2555674023
Somalia,SOM,2004,2737390479
Somalia,SOM,2005,2932027546
Somalia,SOM,2006,3122209723
Somalia,SOM,2007,3331221429
Somalia,SOM,2008,3554225115
Somalia,SOM,2009,3792157453
Somalia,SOM,2010,4046017818
Somalia,SOM,2011,4316872490
Somalia,SOM,2012,4605859127
Somalia,SOM,2013,5110628982
Somalia,SOM,2014,5569461554
Somalia,SOM,2015,6152149099
Somalia,SOM,2016,6584944951
Somalia,SOM,2017,7555288980
Somalia,SOM,2018,7710498420
Somalia,SOM,2019,7926418061
Somalia,SOM,2020,7707287719
Somalia,SOM,2021,7972973226
Somalia,SOM,2022,8189695542
Somalia,SOM,2023,8531635197
Somalia,SOM,2024,8882404280
South Africa,ZAF,1960,65652787805
South Africa,ZAF,1961,68176962953
South Africa,ZAF,1962,72388888580
South Africa,ZAF,1963,77726634753
South Africa,ZAF,1964,83897825365
South Africa,ZAF,1965,89034719819
South Africa,ZAF,1966,92986424438
South Africa,ZAF,1967,99678213920
South Africa,ZAF,1968,103818221927
South Africa,ZAF,1969,108714188432
South Africa,ZAF,1970,114420228110
South Africa,ZAF,1971,119316194615
South Africa,ZAF,1972,121290674451
South Africa,ZAF,1973,126836017069
South Africa,ZAF,1974,134587120944
South Africa,ZAF,1975,136868956455
South Africa,ZAF,1976,139948316809
South Africa,ZAF,1977,139816794618
South Africa,ZAF,1978,144031543620
South Africa,ZAF,1979,149491087027
South Africa,ZAF,1980,159388269160
South Africa,ZAF,1981,167932741243
South Africa,ZAF,1982,167288855024
South Africa,ZAF,1983,164199769714
South Africa,ZAF,1984,172572564947
South Africa,ZAF,1985,170481777771
South Africa,ZAF,1986,170512207473
South Africa,ZAF,1987,174094206899
South Africa,ZAF,1988,181406354481
South Africa,ZAF,1989,185750664997
South Africa,ZAF,1990,185160422891
South Africa,ZAF,1991,183275036203
South Africa,ZAF,1992,179358388483
South Africa,ZAF,1993,181570878123
South Africa,ZAF,1994,187381146228
South Africa,ZAF,1995,193189961762
South Africa,ZAF,1996,201497130113
South Africa,ZAF,1997,206736055498
South Africa,ZAF,1998,207769735777
South Africa,ZAF,1999,212756209430
South Africa,ZAF,2000,221691970228
South Africa,ZAF,2001,227677653424
South Africa,ZAF,2002,236102579035
South Africa,ZAF,2003,243065422272
South Africa,ZAF,2004,254135982543
South Africa,ZAF,2005,267546870424
South Africa,ZAF,2006,282539679229
South Africa,ZAF,2007,297685145427
South Africa,ZAF,2008,307184409060
South Africa,ZAF,2009,302459639039
South Africa,ZAF,2010,311653604140
South Africa,ZAF,2011,321528523981
South Africa,ZAF,2012,329233094599
South Africa,ZAF,2013,337416077838
South Africa,ZAF,2014,342186555600
South Africa,ZAF,2015,346709790458
South Africa,ZAF,2016,349013858372
South Africa,ZAF,2017,353055253707
South Africa,ZAF,2018,358551560868
South Africa,ZAF,2019,359483563936
South Africa,ZAF,2020,337307318679
South Africa,ZAF,2021,353695896167
South Africa,ZAF,2022,360975440918
South Africa,ZAF,2023,363885280375
South Africa,ZAF,2024,365831497261
South Asia (WB),WB_SA,1960,168423297325
South Asia (WB),WB_SA,1961,175171334810
South Asia (WB),WB_SA,1962,180925298242
South Asia (WB),WB_SA,1963,189785954300
South Asia (WB),WB_SA,1964,204554983601
South Asia (WB),WB_SA,1965,200758914316
South Asia (WB),WB_SA,1966,202022118148
South Asia (WB),WB_SA,1967,214566301455
South Asia (WB),WB_SA,1968,223646434015
South Asia (WB),WB_SA,1969,236654107821
South Asia (WB),WB_SA,1970,248772858976
South Asia (WB),WB_SA,1971,250371287386
South Asia (WB),WB_SA,1972,244987589905
South Asia (WB),WB_SA,1973,253272367428
South Asia (WB),WB_SA,1974,259115583087
South Asia (WB),WB_SA,1975,278075606806
South Asia (WB),WB_SA,1976,284191437856
South Asia (WB),WB_SA,1977,302946771983
South Asia (WB),WB_SA,1978,320631719954
South Asia (WB),WB_SA,1979,309235829204
South Asia (WB),WB_SA,1980,327394335984
South Asia (WB),WB_SA,1981,347607937122
South Asia (WB),WB_SA,1982,359275390687
South Asia (WB),WB_SA,1983,383160804019
South Asia (WB),WB_SA,1984,398853669214
South Asia (WB),WB_SA,1985,419057853903
South Asia (WB),WB_SA,1986,438760946834
South Asia (WB),WB_SA,1987,455574219646
South Asia (WB),WB_SA,1988,494392070881
South Asia (WB),WB_SA,1989,521431179221
South Asia (WB),WB_SA,1990,550564433464
South Asia (WB),WB_SA,1991,558906306928
South Asia (WB),WB_SA,1992,589156371186
South Asia (WB),WB_SA,1993,617569052767
South Asia (WB),WB_SA,1994,656891689109
South Asia (WB),WB_SA,1995,704172319307
South Asia (WB),WB_SA,1996,753987624224
South Asia (WB),WB_SA,1997,785735161018
South Asia (WB),WB_SA,1998,832765688999
South Asia (WB),WB_SA,1999,901123720962
South Asia (WB),WB_SA,2000,937951354420
South Asia (WB),WB_SA,2001,980846139596
South Asia (WB),WB_SA,2002,1017843636379
South Asia (WB),WB_SA,2003,1093833038778
South Asia (WB),WB_SA,2004,1176374213852
South Asia (WB),WB_SA,2005,1266302049081
South Asia (WB),WB_SA,2006,1366278928762
South Asia (WB),WB_SA,2007,1469218232477
South Asia (WB),WB_SA,2008,1520356367883
South Asia (WB),WB_SA,2009,1632707842782
South Asia (WB),WB_SA,2010,1766498511683
South Asia (WB),WB_SA,2011,1862792006629
South Asia (WB),WB_SA,2012,1967949580150
South Asia (WB),WB_SA,2013,2090617095113
South Asia (WB),WB_SA,2014,2242092335834
South Asia (WB),WB_SA,2015,2414503392484
South Asia (WB),WB_SA,2016,2606918145790
South Asia (WB),WB_SA,2017,2783774592239
South Asia (WB),WB_SA,2018,2961759850916
South Asia (WB),WB_SA,2019,3083030383496
South Asia (WB),WB_SA,2020,2929264189582
South Asia (WB),WB_SA,2021,3200121520340
South Asia (WB),WB_SA,2022,3427367075328
South Asia (WB),WB_SA,2023,3718874545140
South Asia (WB),WB_SA,2024,3950657107997
South Korea,KOR,1960,25956065666
South Korea,KOR,1961,27752325950
South Korea,KOR,1962,28840704941
South Korea,KOR,1963,31439197234
South Korea,KOR,1964,34402880326
South Korea,KOR,1965,36918983033
South Korea,KOR,1966,41352211966
South Korea,KOR,1967,45136528802
South Korea,KOR,1968,51104880669
South Korea,KOR,1969,58561431044
South Korea,KOR,1970,64515396100
South Korea,KOR,1971,71387189519
South Korea,KOR,1972,76624741567
South Korea,KOR,1973,88099059883
South Korea,KOR,1974,96599657797
South Korea,KOR,1975,104261471164
South Korea,KOR,1976,118089873272
South Korea,KOR,1977,132706204222
South Korea,KOR,1978,147396058469
South Korea,KOR,1979,160273927312
South Korea,KOR,1980,157830929681
South Korea,KOR,1981,169516449730
South Korea,KOR,1982,183871559685
South Korea,KOR,1983,208633185451
South Korea,KOR,1984,230824674324
South Korea,KOR,1985,249149373131
South Korea,KOR,1986,277808988270
South Korea,KOR,1987,313624703636
South Korea,KOR,1988,351677400843
South Korea,KOR,1989,376875147732
South Korea,KOR,1990,414656502991
South Korea,KOR,1991,459750289581
South Korea,KOR,1992,488951752176
South Korea,KOR,1993,523152547993
South Korea,KOR,1994,572181545647
South Korea,KOR,1995,627888532992
South Korea,KOR,1996,678059525601
South Korea,KOR,1997,720656531307
South Korea,KOR,1998,685063811513
South Korea,KOR,1999,764649475913
South Korea,KOR,2000,835011437852
South Korea,KOR,2001,874473540684
South Korea,KOR,2002,942192762521
South Korea,KOR,2003,971162614185
South Korea,KOR,2004,1021504157422
South Korea,KOR,2005,1066023726231
South Korea,KOR,2006,1121936729365
South Korea,KOR,2007,1187479862374
South Korea,KOR,2008,1223156560996
South Korea,KOR,2009,1233184753860
South Korea,KOR,2010,1319281537670
South Korea,KOR,2011,1367937063745
South Korea,KOR,2012,1402787524457
South Korea,KOR,2013,1448958816285
South Korea,KOR,2014,1495538208413
South Korea,KOR,2015,1539212301135
South Korea,KOR,2016,1588028842393
South Korea,KOR,2017,1642548917819
South Korea,KOR,2018,1694718171579
South Korea,KOR,2019,1733930596323
South Korea,KOR,2020,1721788880530
South Korea,KOR,2021,1801214449834
South Korea,KOR,2022,1850343736945
South Korea,KOR,2023,1879634949821
South Korea,KOR,2024,1917295522781
South Sudan,SSD,2008,20185217785
South Sudan,SSD,2009,21202884179
South Sudan,SSD,2010,22367646895
South Sudan,SSD,2011,21329717232
South Sudan,SSD,2012,11500530835
South Sudan,SSD,2013,13010519613
South Sudan,SSD,2014,13449448810
South Sudan,SSD,2015,11997800760
Spain,ESP,1960,191405167019
Spain,ESP,1961,214065001135
Spain,ESP,1962,235371828523
Spain,ESP,1963,257959283397
Spain,ESP,1964,271653078386
Spain,ESP,1965,288639911835
Spain,ESP,1966,309554933923
Spain,ESP,1967,322990665643
Spain,ESP,1968,344298424898
Spain,ESP,1969,374965139160
Spain,ESP,1970,390882299704
Spain,ESP,1971,409056269215
Spain,ESP,1972,442393315595
Spain,ESP,1973,476848965657
Spain,ESP,1974,503642086898
Spain,ESP,1975,506372851132
Spain,ESP,1976,523102353883
Spain,ESP,1977,537951003182
Spain,ESP,1978,545821244290
Spain,ESP,1979,546048014004
Spain,ESP,1980,558108729943
Spain,ESP,1981,557369411137
Spain,ESP,1982,564316807889
Spain,ESP,1983,574305868927
Spain,ESP,1984,584555434060
Spain,ESP,1985,598125512978
Spain,ESP,1986,617584460036
Spain,ESP,1987,651842628032
Spain,ESP,1988,685049604314
Spain,ESP,1989,718117156374
Spain,ESP,1990,745271992216
Spain,ESP,1991,764246620838
Spain,ESP,1992,771348118766
Spain,ESP,1993,763391725887
Spain,ESP,1994,781584842222
Spain,ESP,1995,803136997375
Spain,ESP,1996,824078081163
Spain,ESP,1997,853640231891
Spain,ESP,1998,890363642200
Spain,ESP,1999,929618577227
Spain,ESP,2000,977964704474
Spain,ESP,2001,1016292009754
Spain,ESP,2002,1044295490089
Spain,ESP,2003,1074990358774
Spain,ESP,2004,1108471271904
Spain,ESP,2005,1147835587310
Spain,ESP,2006,1194247574981
Spain,ESP,2007,1236446314615
Spain,ESP,2008,1245931907237
Spain,ESP,2009,1198983535018
Spain,ESP,2010,1200112046037
Spain,ESP,2011,1192432281393
Spain,ESP,2012,1158267740898
Spain,ESP,2013,1141735527746
Spain,ESP,2014,1159095455877
Spain,ESP,2015,1206164777553
Spain,ESP,2016,1241326362266
Spain,ESP,2017,1277275696051
Spain,ESP,2018,1307871701701
Spain,ESP,2019,1333521400432
Spain,ESP,2020,1187633217292
Spain,ESP,2021,1267004457826
Spain,ESP,2022,1347716659731
Spain,ESP,2023,1380882052539
Spain,ESP,2024,1428595035672
Sri Lanka,LKA,1961,6526664115
Sri Lanka,LKA,1962,6775853428
Sri Lanka,LKA,1963,6946384623
Sri Lanka,LKA,1964,7217740543
Sri Lanka,LKA,1965,7400851267
Sri Lanka,LKA,1966,7772654451
Sri Lanka,LKA,1967,8273137569
Sri Lanka,LKA,1968,8753070070
Sri Lanka,LKA,1969,9428528702
Sri Lanka,LKA,1970,9791209303
Sri Lanka,LKA,1971,9919171145
Sri Lanka,LKA,1972,9878454940
Sri Lanka,LKA,1973,10575616914
Sri Lanka,LKA,1974,10982337251
Sri Lanka,LKA,1975,11655140837
Sri Lanka,LKA,1976,12043852219
Sri Lanka,LKA,1977,12658159773
Sri Lanka,LKA,1978,13373831476
Sri Lanka,LKA,1979,14230232387
Sri Lanka,LKA,1980,15062135546
Sri Lanka,LKA,1981,15920605692
Sri Lanka,LKA,1982,16579956892
Sri Lanka,LKA,1983,17378114520
Sri Lanka,LKA,1984,18264250048
Sri Lanka,LKA,1985,19177354129
Sri Lanka,LKA,1986,20012632785
Sri Lanka,LKA,1987,20357972916
Sri Lanka,LKA,1988,20861361467
Sri Lanka,LKA,1989,21341027045
Sri Lanka,LKA,1990,22706851776
Sri Lanka,LKA,1991,23751364061
Sri Lanka,LKA,1992,24796422002
Sri Lanka,LKA,1993,26507390804
Sri Lanka,LKA,1994,27991783145
Sri Lanka,LKA,1995,29531355077
Sri Lanka,LKA,1996,30653536885
Sri Lanka,LKA,1997,32617018444
Sri Lanka,LKA,1998,34149503956
Sri Lanka,LKA,1999,35618117203
Sri Lanka,LKA,2000,37755216046
Sri Lanka,LKA,2001,37171743866
Sri Lanka,LKA,2002,38645482957
Sri Lanka,LKA,2003,40941128631
Sri Lanka,LKA,2004,43170398173
Sri Lanka,LKA,2005,45864985657
Sri Lanka,LKA,2006,49382046637
Sri Lanka,LKA,2007,52738458481
Sri Lanka,LKA,2008,55876443247
Sri Lanka,LKA,2009,57853861432
Sri Lanka,LKA,2010,62491408087
Sri Lanka,LKA,2011,67909090095
Sri Lanka,LKA,2012,73771125924
Sri Lanka,LKA,2013,76760144811
Sri Lanka,LKA,2014,81655890649
Sri Lanka,LKA,2015,85090301052
Sri Lanka,LKA,2016,89390445684
Sri Lanka,LKA,2017,95165677467
Sri Lanka,LKA,2018,97364084798
Sri Lanka,LKA,2019,97149412680
Sri Lanka,LKA,2020,92656723482
Sri Lanka,LKA,2021,96555233343
Sri Lanka,LKA,2022,89459202881
Sri Lanka,LKA,2023,87374939262
Sri Lanka,LKA,2024,91751304716
Sub-Saharan Africa (WB),WB_SSA,1960,263666150217
Sub-Saharan Africa (WB),WB_SSA,1961,266502186605
Sub-Saharan Africa (WB),WB_SSA,1962,282615497400
Sub-Saharan Africa (WB),WB_SSA,1963,300265024549
Sub-Saharan Africa (WB),WB_SSA,1964,315174824276
Sub-Saharan Africa (WB),WB_SSA,1965,329923200431
Sub-Saharan Africa (WB),WB_SSA,1966,336609758362
Sub-Saharan Africa (WB),WB_SSA,1967,334024993516
Sub-Saharan Africa (WB),WB_SSA,1968,344477585548
Sub-Saharan Africa (WB),WB_SSA,1969,375474813099
Sub-Saharan Africa (WB),WB_SSA,1970,404793146312
Sub-Saharan Africa (WB),WB_SSA,1971,436008180050
Sub-Saharan Africa (WB),WB_SSA,1972,448874810689
Sub-Saharan Africa (WB),WB_SSA,1973,468159267290
Sub-Saharan Africa (WB),WB_SSA,1974,503415270001
Sub-Saharan Africa (WB),WB_SSA,1975,502258032123
Sub-Saharan Africa (WB),WB_SSA,1976,528243411860
Sub-Saharan Africa (WB),WB_SSA,1977,542847749120
Sub-Saharan Africa (WB),WB_SSA,1978,541893752135
Sub-Saharan Africa (WB),WB_SSA,1979,563221826569
Sub-Saharan Africa (WB),WB_SSA,1980,584153873559
Sub-Saharan Africa (WB),WB_SSA,1981,579400159510
Sub-Saharan Africa (WB),WB_SSA,1982,572430923704
Sub-Saharan Africa (WB),WB_SSA,1983,557890489302
Sub-Saharan Africa (WB),WB_SSA,1984,570466773968
Sub-Saharan Africa (WB),WB_SSA,1985,581918812633
Sub-Saharan Africa (WB),WB_SSA,1986,592797402825
Sub-Saharan Africa (WB),WB_SSA,1987,610189075320
Sub-Saharan Africa (WB),WB_SSA,1988,637479081340
Sub-Saharan Africa (WB),WB_SSA,1989,652115134604
Sub-Saharan Africa (WB),WB_SSA,1990,666858386178
Sub-Saharan Africa (WB),WB_SSA,1991,669442791699
Sub-Saharan Africa (WB),WB_SSA,1992,666144128084
Sub-Saharan Africa (WB),WB_SSA,1993,659203947476
Sub-Saharan Africa (WB),WB_SSA,1994,665972922087
Sub-Saharan Africa (WB),WB_SSA,1995,688132510626
Sub-Saharan Africa (WB),WB_SSA,1996,723531534879
Sub-Saharan Africa (WB),WB_SSA,1997,752982982547
Sub-Saharan Africa (WB),WB_SSA,1998,771944977216
Sub-Saharan Africa (WB),WB_SSA,1999,788763304366
Sub-Saharan Africa (WB),WB_SSA,2000,815874035642
Sub-Saharan Africa (WB),WB_SSA,2001,850252079213
Sub-Saharan Africa (WB),WB_SSA,2002,904613494976
Sub-Saharan Africa (WB),WB_SSA,2003,941889898969
Sub-Saharan Africa (WB),WB_SSA,2004,1004850153092
Sub-Saharan Africa (WB),WB_SSA,2005,1065236363481
Sub-Saharan Africa (WB),WB_SSA,2006,1129676696845
Sub-Saharan Africa (WB),WB_SSA,2007,1199247321252
Sub-Saharan Africa (WB),WB_SSA,2008,1261598072360
Sub-Saharan Africa (WB),WB_SSA,2009,1301307485720
Sub-Saharan Africa (WB),WB_SSA,2010,1380052085614
Sub-Saharan Africa (WB),WB_SSA,2011,1441486888704
Sub-Saharan Africa (WB),WB_SSA,2012,1489570034685
Sub-Saharan Africa (WB),WB_SSA,2013,1565862847744
Sub-Saharan Africa (WB),WB_SSA,2014,1639917247897
Sub-Saharan Africa (WB),WB_SSA,2015,1688024093175
Sub-Saharan Africa (WB),WB_SSA,2016,1708920026611
Sub-Saharan Africa (WB),WB_SSA,2017,1751705380186
Sub-Saharan Africa (WB),WB_SSA,2018,1800683055755
Sub-Saharan Africa (WB),WB_SSA,2019,1847508952625
Sub-Saharan Africa (WB),WB_SSA,2020,1787715645906
Sub-Saharan Africa (WB),WB_SSA,2021,1853015617869
Sub-Saharan Africa (WB),WB_SSA,2022,1928274134270
Sub-Saharan Africa (WB),WB_SSA,2023,1980645836013
Sub-Saharan Africa (WB),WB_SSA,2024,2051896267179
Sudan,SDN,1960,9621210052
Sudan,SDN,1961,9623364370
Sudan,SDN,1962,10288901060
Sudan,SDN,1963,9995978959
Sudan,SDN,1964,9883979101
Sudan,SDN,1965,10553823687
Sudan,SDN,1966,10176508923
Sudan,SDN,1967,10321430684
Sudan,SDN,1968,10524063160
Sudan,SDN,1969,10670279283
Sudan,SDN,1970,11302501304
Sudan,SDN,1971,11556504009
Sudan,SDN,1972,10970475252
Sudan,SDN,1973,11039830075
Sudan,SDN,1974,12303370550
Sudan,SDN,1975,14236656553
Sudan,SDN,1976,16609226650
Sudan,SDN,1977,17642960631
Sudan,SDN,1978,16596558979
Sudan,SDN,1979,15763644181
Sudan,SDN,1980,16003931008
Sudan,SDN,1981,17194233566
Sudan,SDN,1982,18218780590
Sudan,SDN,1983,18594543247
Sudan,SDN,1984,17663159912
Sudan,SDN,1985,16553729141
Sudan,SDN,1986,17449916752
Sudan,SDN,1987,19931449274
Sudan,SDN,1988,19865457877
Sudan,SDN,1989,21639720128
Sudan,SDN,1990,20456015800
Sudan,SDN,1991,21992448809
Sudan,SDN,1992,23439081607
Sudan,SDN,1993,24509954458
Sudan,SDN,1994,24756580788
Sudan,SDN,1995,26241255779
Sudan,SDN,1996,27794508186
Sudan,SDN,1997,32884421186
Sudan,SDN,1998,34301247872
Sudan,SDN,1999,35365991403
Sudan,SDN,2000,37610270337
Sudan,SDN,2001,40055073506
Sudan,SDN,2002,42460970095
Sudan,SDN,2003,45131259048
Sudan,SDN,2004,47451406763
Sudan,SDN,2005,50129334265
Sudan,SDN,2006,53403487491
Sudan,SDN,2007,56466323951
Sudan,SDN,2008,58638439292
Sudan,SDN,2009,57015500648
Sudan,SDN,2010,59215296613
Sudan,SDN,2011,57312394053
Sudan,SDN,2012,47566600027
Sudan,SDN,2013,48496595854
Sudan,SDN,2014,50757206252
Sudan,SDN,2015,51726758676
Sudan,SDN,2016,53520457581
Sudan,SDN,2017,53900054790
Sudan,SDN,2018,52455031754
Sudan,SDN,2019,51312429477
Sudan,SDN,2020,49449890489
Sudan,SDN,2021,48525909156
Sudan,SDN,2022,48061119947
Sudan,SDN,2023,33915159867
Sudan,SDN,2024,29179132473
Suriname,SUR,1960,1039858389
Suriname,SUR,1961,1089771591
Suriname,SUR,1962,1132272683
Suriname,SUR,1963,1195679954
Suriname,SUR,1964,1273399151
Suriname,SUR,1965,1426207049
Suriname,SUR,1966,1700038802
Suriname,SUR,1967,1905743497
Suriname,SUR,1968,2050580003
Suriname,SUR,1969,2142856103
Suriname,SUR,1970,2200713218
Suriname,SUR,1971,2286541034
Suriname,SUR,1972,2272821788
Suriname,SUR,1973,2231910996
Suriname,SUR,1974,2240838639
Suriname,SUR,1975,2303582121
Suriname,SUR,1976,2506297348
Suriname,SUR,1977,2761939678
Suriname,SUR,1978,2944227696
Suriname,SUR,1979,2926562330
Suriname,SUR,1980,2669024845
Suriname,SUR,1981,2858525609
Suriname,SUR,1982,2738467534
Suriname,SUR,1983,2631667300
Suriname,SUR,1984,2581665621
Suriname,SUR,1985,2633298934
Suriname,SUR,1986,2654365325
Suriname,SUR,1987,2489794675
Suriname,SUR,1988,2683998659
Suriname,SUR,1989,2796726603
Suriname,SUR,1990,2670873906
Suriname,SUR,1991,2742987478
Suriname,SUR,1992,2753959428
Suriname,SUR,1993,2569444198
Suriname,SUR,1994,2656805272
Suriname,SUR,1995,2656805272
Suriname,SUR,1996,2683373357
Suriname,SUR,1997,2836325576
Suriname,SUR,1998,2901561112
Suriname,SUR,1999,2860939242
Suriname,SUR,2000,2921018934
Suriname,SUR,2001,3043701742
Suriname,SUR,2002,3128925411
Suriname,SUR,2003,3326047695
Suriname,SUR,2004,3608761755
Suriname,SUR,2005,3771156041
Suriname,SUR,2006,3989639610
Suriname,SUR,2007,4193569551
Suriname,SUR,2008,4367326198
Suriname,SUR,2009,4498944263
Suriname,SUR,2010,4731486826
Suriname,SUR,2011,5008248887
Suriname,SUR,2012,5142988298
Suriname,SUR,2013,5293854859
Suriname,SUR,2014,5307380818
Suriname,SUR,2015,5126237646
Suriname,SUR,2016,4874454256
Suriname,SUR,2017,4950790053
Suriname,SUR,2018,5195768566
Suriname,SUR,2019,5256433828
Suriname,SUR,2020,4416708447
Suriname,SUR,2021,4309144555
Suriname,SUR,2022,4412832154
Suriname,SUR,2023,4519472314
Suriname,SUR,2024,4597250505
Sweden,SWE,1960,125834712614
Sweden,SWE,1961,132983751117
Sweden,SWE,1962,138647591837
Sweden,SWE,1963,146034643797
Sweden,SWE,1964,155995907021
Sweden,SWE,1965,161957302442
Sweden,SWE,1966,165343577415
Sweden,SWE,1967,170908031395
Sweden,SWE,1968,177126529754
Sweden,SWE,1969,185998930797
Sweden,SWE,1970,198039895153
Sweden,SWE,1971,199910671533
Sweden,SWE,1972,204486104612
Sweden,SWE,1973,212600074709
Sweden,SWE,1974,219399440984
Sweden,SWE,1975,225000407386
Sweden,SWE,1976,227381147701
Sweden,SWE,1977,223751556630
Sweden,SWE,1978,227670672633
Sweden,SWE,1979,236413234399
Sweden,SWE,1980,240432191895
Sweden,SWE,1981,241525750662
Sweden,SWE,1982,244541597390
Sweden,SWE,1983,249189449580
Sweden,SWE,1984,259729005209
Sweden,SWE,1985,265340122457
Sweden,SWE,1986,272481282704
Sweden,SWE,1987,281619877045
Sweden,SWE,1988,288826638633
Sweden,SWE,1989,296494428192
Sweden,SWE,1990,298731996822
Sweden,SWE,1991,295308603268
Sweden,SWE,1992,291887179172
Sweden,SWE,1993,285857909819
Sweden,SWE,1994,297337294167
Sweden,SWE,1995,309511442391
Sweden,SWE,1996,314787745399
Sweden,SWE,1997,324435964184
Sweden,SWE,1998,338210969503
Sweden,SWE,1999,352419615811
Sweden,SWE,2000,368740595935
Sweden,SWE,2001,373758441664
Sweden,SWE,2002,382271644878
Sweden,SWE,2003,389462280395
Sweden,SWE,2004,405740184306
Sweden,SWE,2005,417073066879
Sweden,SWE,2006,436575715827
Sweden,SWE,2007,450654706998
Sweden,SWE,2008,446494653686
Sweden,SWE,2009,427493565399
Sweden,SWE,2010,452077714777
Sweden,SWE,2011,466380936831
Sweden,SWE,2012,464448264944
Sweden,SWE,2013,469732138276
Sweden,SWE,2014,480516119003
Sweden,SWE,2015,501602351911
Sweden,SWE,2016,512292396637
Sweden,SWE,2017,521937949816
Sweden,SWE,2018,531177584320
Sweden,SWE,2019,545031918111
Sweden,SWE,2020,534492107010
Sweden,SWE,2021,562423939232
Sweden,SWE,2022,569484812988
Sweden,SWE,2023,568322714847
Sweden,SWE,2024,572983369203
Switzerland,CHE,1960,212618998244
Switzerland,CHE,1961,229859575870
Switzerland,CHE,1962,240869714664
Switzerland,CHE,1963,252622227587
Switzerland,CHE,1964,265900938033
Switzerland,CHE,1965,271496969295
Switzerland,CHE,1966,278179751690
Switzerland,CHE,1967,286680708387
Switzerland,CHE,1968,296966886752
Switzerland,CHE,1969,313694770516
Switzerland,CHE,1970,333700361262
Switzerland,CHE,1971,347300128063
Switzerland,CHE,1972,358415499097
Switzerland,CHE,1973,369346839843
Switzerland,CHE,1974,374720496122
Switzerland,CHE,1975,347428948950
Switzerland,CHE,1976,342552172034
Switzerland,CHE,1977,350888700310
Switzerland,CHE,1978,352324128999
Switzerland,CHE,1979,361102327236
Switzerland,CHE,1980,377720174386
Switzerland,CHE,1981,383768743423
Switzerland,CHE,1982,378743607969
Switzerland,CHE,1983,381164080265
Switzerland,CHE,1984,392631236095
Switzerland,CHE,1985,407054920691
Switzerland,CHE,1986,414620577535
Switzerland,CHE,1987,421194295501
Switzerland,CHE,1988,434999344090
Switzerland,CHE,1989,453838270540
Switzerland,CHE,1990,470515127362
Switzerland,CHE,1991,466206071642
Switzerland,CHE,1992,466002185701
Switzerland,CHE,1993,465415100022
Switzerland,CHE,1994,471324744553
Switzerland,CHE,1995,473591186765
Switzerland,CHE,1996,475823127431
Switzerland,CHE,1997,486583036190
Switzerland,CHE,1998,501326352837
Switzerland,CHE,1999,509661911366
Switzerland,CHE,2000,529837998914
Switzerland,CHE,2001,538186454855
Switzerland,CHE,2002,537792409495
Switzerland,CHE,2003,537618173222
Switzerland,CHE,2004,552143052490
Switzerland,CHE,2005,567325325069
Switzerland,CHE,2006,590436050732
Switzerland,CHE,2007,613559745174
Switzerland,CHE,2008,630788402145
Switzerland,CHE,2009,616296830083
Switzerland,CHE,2010,636285783946
Switzerland,CHE,2011,647822334336
Switzerland,CHE,2012,655461804171
Switzerland,CHE,2013,667208623614
Switzerland,CHE,2014,682887235059
Switzerland,CHE,2015,694118186379
Switzerland,CHE,2016,708477337740
Switzerland,CHE,2017,718132464454
Switzerland,CHE,2018,738674254331
Switzerland,CHE,2019,747109782755
Switzerland,CHE,2020,731108655210
Switzerland,CHE,2021,771755519734
Switzerland,CHE,2022,795248228754
Switzerland,CHE,2023,800682383958
Switzerland,CHE,2024,811109937475
Syria,SYR,1960,2416812217
Syria,SYR,1961,2678627029
Syria,SYR,1962,3335461123
Syria,SYR,1963,3046852122
Syria,SYR,1964,3329336867
Syria,SYR,1965,3405890769
Syria,SYR,1966,3145031364
Syria,SYR,1967,3404738073
Syria,SYR,1968,3531703487
Syria,SYR,1969,4194530603
Syria,SYR,1970,4119161059
Syria,SYR,1971,4488065485
Syria,SYR,1972,5639735188
Syria,SYR,1973,5049263094
Syria,SYR,1974,6351759533
Syria,SYR,1975,7390372324
Syria,SYR,1976,8296021554
Syria,SYR,1977,8146733163
Syria,SYR,1978,8956729450
Syria,SYR,1979,9036264206
Syria,SYR,1980,10347255986
Syria,SYR,1981,11149721268
Syria,SYR,1982,11460696655
Syria,SYR,1983,11726623777
Syria,SYR,1984,10834153805
Syria,SYR,1985,11847234653
Syria,SYR,1986,10905032498
Syria,SYR,1987,11088485934
Syria,SYR,1988,13085648671
Syria,SYR,1989,11299813272
Syria,SYR,1990,11722376106
Syria,SYR,1991,12621068341
Syria,SYR,1992,14258373042
Syria,SYR,1993,15135390678
Syria,SYR,1994,16227110828
Syria,SYR,1995,17367323301
Syria,SYR,1996,19073761705
Syria,SYR,1997,20031990206
Syria,SYR,1998,21391221744
Syria,SYR,1999,20631095402
Syria,SYR,2000,20770487869
Syria,SYR,2001,20988014510
Syria,SYR,2002,21818055209
Syria,SYR,2003,23389922826
Syria,SYR,2004,25004519710
Syria,SYR,2005,26558570073
Syria,SYR,2006,27898767456
Syria,SYR,2007,29481908620
Syria,SYR,2008,30801717185
Syria,SYR,2009,32622727886
Syria,SYR,2010,34316469200
Syria,SYR,2011,35294489548
Syria,SYR,2012,25998267919
Syria,SYR,2013,19160700666
Syria,SYR,2014,17185167298
Syria,SYR,2015,16466863117
Syria,SYR,2016,15412063258
Syria,SYR,2017,15300590613
Syria,SYR,2018,15513754781
Syria,SYR,2019,15703131995
Syria,SYR,2020,15593656903
Syria,SYR,2021,15882796969
Syria,SYR,2022,15999183136
Tajikistan,TJK,1985,6548213772
Tajikistan,TJK,1986,6777401245
Tajikistan,TJK,1987,6696072427
Tajikistan,TJK,1988,7626826568
Tajikistan,TJK,1989,7131082790
Tajikistan,TJK,1990,7088296320
Tajikistan,TJK,1991,6585027345
Tajikistan,TJK,1992,4675369345
Tajikistan,TJK,1993,3908608780
Tajikistan,TJK,1994,3076075187
Tajikistan,TJK,1995,2694139780
Tajikistan,TJK,1996,2244218479
Tajikistan,TJK,1997,2281936478
Tajikistan,TJK,1998,2403172744
Tajikistan,TJK,1999,2492079338
Tajikistan,TJK,2000,2699528109
Tajikistan,TJK,2001,2958165475
Tajikistan,TJK,2002,3277647457
Tajikistan,TJK,2003,3638188647
Tajikistan,TJK,2004,4012922039
Tajikistan,TJK,2005,4281787756
Tajikistan,TJK,2006,4581513037
Tajikistan,TJK,2007,4938871059
Tajikistan,TJK,2008,5329041788
Tajikistan,TJK,2009,5536874479
Tajikistan,TJK,2010,5896771269
Tajikistan,TJK,2011,6333132378
Tajikistan,TJK,2012,6808117273
Tajikistan,TJK,2013,7311917934
Tajikistan,TJK,2014,7801816486
Tajikistan,TJK,2015,8271431485
Tajikistan,TJK,2016,8842160257
Tajikistan,TJK,2017,9469953672
Tajikistan,TJK,2018,10189670046
Tajikistan,TJK,2019,10943705646
Tajikistan,TJK,2020,11425228817
Tajikistan,TJK,2021,12499200274
Tajikistan,TJK,2022,13499136339
Tajikistan,TJK,2023,14619564549
Tajikistan,TJK,2024,15847607943
Tanzania,TZA,1960,8038068840
Tanzania,TZA,1961,8129565884
Tanzania,TZA,1962,8869091956
Tanzania,TZA,1963,9424297384
Tanzania,TZA,1964,9943685369
Tanzania,TZA,1965,10377699460
Tanzania,TZA,1966,11586045113
Tanzania,TZA,1967,12225972344
Tanzania,TZA,1968,12994443432
Tanzania,TZA,1969,13418275376
Tanzania,TZA,1970,7187762855
Tanzania,TZA,1971,7468190603
Tanzania,TZA,1972,7999575904
Tanzania,TZA,1973,8494906638
Tanzania,TZA,1974,8674437206
Tanzania,TZA,1975,9020497424
Tanzania,TZA,1976,9318716167
Tanzania,TZA,1977,9323337584
Tanzania,TZA,1978,9517636648
Tanzania,TZA,1979,9755594117
Tanzania,TZA,1980,10022700328
Tanzania,TZA,1981,9924596037
Tanzania,TZA,1982,9888107299
Tanzania,TZA,1983,9849382580
Tanzania,TZA,1984,10309641477
Tanzania,TZA,1985,10437986617
Tanzania,TZA,1986,11011628451
Tanzania,TZA,1987,11539803390
Tanzania,TZA,1988,12377066378
Tanzania,TZA,1989,12842994037
Tanzania,TZA,1990,13747792168
Tanzania,TZA,1991,14032644802
Tanzania,TZA,1992,14114640651
Tanzania,TZA,1993,14284835102
Tanzania,TZA,1994,14508773000
Tanzania,TZA,1995,15026723409
Tanzania,TZA,1996,15709592840
Tanzania,TZA,1997,16263399690
Tanzania,TZA,1998,16866529754
Tanzania,TZA,1999,17686894781
Tanzania,TZA,2000,18486481203
Tanzania,TZA,2001,19608760036
Tanzania,TZA,2002,20999647619
Tanzania,TZA,2003,22400909970
Tanzania,TZA,2004,24081832736
Tanzania,TZA,2005,25882267435
Tanzania,TZA,2006,27572954444
Tanzania,TZA,2007,29439239572
Tanzania,TZA,2008,31113277454
Tanzania,TZA,2009,32752668789
Tanzania,TZA,2010,34828049320
Tanzania,TZA,2011,37500111399
Tanzania,TZA,2012,39187673997
Tanzania,TZA,2013,41845219654
Tanzania,TZA,2014,44662433111
Tanzania,TZA,2015,47413919817
Tanzania,TZA,2016,50669888784
Tanzania,TZA,2017,54078588995
Tanzania,TZA,2018,57054358529
Tanzania,TZA,2019,60363511324
Tanzania,TZA,2020,61565931105
Tanzania,TZA,2021,64226431583
Tanzania,TZA,2022,67159014151
Tanzania,TZA,2023,70563656177
Tanzania,TZA,2024,74463225268
Thailand,THA,1960,15908737340
Thailand,THA,1961,16761787111
Thailand,THA,1962,18028015159
Thailand,THA,1963,19470225866
Thailand,THA,1964,20800236244
Thailand,THA,1965,22502041173
Thailand,THA,1966,25004834864
Thailand,THA,1967,27159247018
Thailand,THA,1968,29365194461
Thailand,THA,1969,31288808475
Thailand,THA,1970,34858219809
Thailand,THA,1971,36564659955
Thailand,THA,1972,38129081870
Thailand,THA,1973,42032139795
Thailand,THA,1974,43909401662
Thailand,THA,1975,46091876857
Thailand,THA,1976,50390779136
Thailand,THA,1977,55350976954
Thailand,THA,1978,61049773246
Thailand,THA,1979,64329224521
Thailand,THA,1980,67657323331
Thailand,THA,1981,71653751952
Thailand,THA,1982,75488910649
Thailand,THA,1983,79704364262
Thailand,THA,1984,84289302223
Thailand,THA,1985,88206428692
Thailand,THA,1986,93087620536
Thailand,THA,1987,101948580888
Thailand,THA,1988,115495624611
Thailand,THA,1989,129575125644
Thailand,THA,1990,144044991708
Thailand,THA,1991,156372737078
Thailand,THA,1992,169012952179
Thailand,THA,1993,182959758879
Thailand,THA,1994,197591095927
Thailand,THA,1995,213636116013
Thailand,THA,1996,225710710647
Thailand,THA,1997,219495596601
Thailand,THA,1998,202739225305
Thailand,THA,1999,212009086618
Thailand,THA,2000,221454615181
Thailand,THA,2001,229082063572
Thailand,THA,2002,243168402250
Thailand,THA,2003,260650370324
Thailand,THA,2004,277043563911
Thailand,THA,2005,288645146658
Thailand,THA,2006,302984491694
Thailand,THA,2007,319452158416
Thailand,THA,2008,324964940636
Thailand,THA,2009,322720673508
Thailand,THA,2010,346967938038
Thailand,THA,2011,349882927003
Thailand,THA,2012,375224234353
Thailand,THA,2013,385308369004
Thailand,THA,2014,389101609925
Thailand,THA,2015,401296238228
Thailand,THA,2016,415081396923
Thailand,THA,2017,432422173710
Thailand,THA,2018,450682801200
Thailand,THA,2019,460212749509
Thailand,THA,2020,432369701127
Thailand,THA,2021,439080796986
Thailand,THA,2022,450410744554
Thailand,THA,2023,459498911646
Thailand,THA,2024,471178549995
Togo,TGO,1960,751799608
Togo,TGO,1961,843288489
Togo,TGO,1962,875111269
Togo,TGO,1963,918864157
Togo,TGO,1964,1050133194
Togo,TGO,1965,1212480768
Togo,TGO,1966,1326559678
Togo,TGO,1967,1399525389
Togo,TGO,1968,1469833232
Togo,TGO,1969,1629028935
Togo,TGO,1970,1670150555
Togo,TGO,1971,1670150555
Togo,TGO,1972,1797502166
Togo,TGO,1973,1866481024
Togo,TGO,1974,1956685236
Togo,TGO,1975,2004438945
Togo,TGO,1976,1963317428
Togo,TGO,1977,2099946364
Togo,TGO,1978,2331894564
Togo,TGO,1979,2211388254
Togo,TGO,1980,2533741349
Togo,TGO,1981,2449743109
Togo,TGO,1982,2361983449
Togo,TGO,1983,2234105481
Togo,TGO,1984,2358222441
Togo,TGO,1985,2489234719
Togo,TGO,1986,2528726535
Togo,TGO,1987,2541627142
Togo,TGO,1988,2710451415
Togo,TGO,1989,2820496330
Togo,TGO,1990,2813624018
Togo,TGO,1991,2793929564
Togo,TGO,1992,2682711978
Togo,TGO,1993,2277734406
Togo,TGO,1994,2618994013
Togo,TGO,1995,2824475891
Togo,TGO,1996,3074052559
Togo,TGO,1997,3516020702
Togo,TGO,1998,3435156565
Togo,TGO,1999,3520408613
Togo,TGO,2000,3492826929
Togo,TGO,2001,3521588220
Togo,TGO,2002,3656346110
Togo,TGO,2003,3902058836
Togo,TGO,2004,3863870739
Togo,TGO,2005,3683570962
Togo,TGO,2006,3781190459
Togo,TGO,2007,3736756295
Togo,TGO,2008,3887557323
Togo,TGO,2009,4099577351
Togo,TGO,2010,4339580301
Togo,TGO,2011,4592285181
Togo,TGO,2012,4881723795
Togo,TGO,2013,5166047627
Togo,TGO,2014,5457063353
Togo,TGO,2015,5755457836
Togo,TGO,2016,5998044851
Togo,TGO,2017,6238441246
Togo,TGO,2018,6537585941
Togo,TGO,2019,6859420393
Togo,TGO,2020,7007740719
Togo,TGO,2021,7367160812
Togo,TGO,2022,7830882103
Togo,TGO,2023,8315779388
Togo,TGO,2024,8858969845
Tonga,TON,1981,253486812
Tonga,TON,1982,265505294
Tonga,TON,1983,270768678
Tonga,TON,1984,275475700
Tonga,TON,1985,293542673
Tonga,TON,1986,299761847
Tonga,TON,1987,308711649
Tonga,TON,1988,302902091
Tonga,TON,1989,304083127
Tonga,TON,1990,297867390
Tonga,TON,1991,316975445
Tonga,TON,1992,317774138
Tonga,TON,1993,329652720
Tonga,TON,1994,345978841
Tonga,TON,1995,367526958
Tonga,TON,1996,367868457
Tonga,TON,1997,365659268
Tonga,TON,1998,374042287
Tonga,TON,1999,382654470
Tonga,TON,2000,397019692
Tonga,TON,2001,402945137
Tonga,TON,2002,420792478
Tonga,TON,2003,421010471
Tonga,TON,2004,412725206
Tonga,TON,2005,410010916
Tonga,TON,2006,401131460
Tonga,TON,2007,391246346
Tonga,TON,2008,410272035
Tonga,TON,2009,389228451
Tonga,TON,2010,392437239
Tonga,TON,2011,418745044
Tonga,TON,2012,422596497
Tonga,TON,2013,424261200
Tonga,TON,2014,432706273
Tonga,TON,2015,437525514
Tonga,TON,2016,466396529
Tonga,TON,2017,481332022
Tonga,TON,2018,483872624
Tonga,TON,2019,482492576
Tonga,TON,2020,491207296
Tonga,TON,2021,486614870
Tonga,TON,2022,476257056
Tonga,TON,2023,489545312
Trinidad and Tobago,TTO,1960,3624450730
Trinidad and Tobago,TTO,1961,4133217447
Trinidad and Tobago,TTO,1962,4246569413
Trinidad and Tobago,TTO,1963,4484572525
Trinidad and Tobago,TTO,1964,4826767821
Trinidad and Tobago,TTO,1965,4860258363
Trinidad and Tobago,TTO,1966,5057430373
Trinidad and Tobago,TTO,1967,5160729284
Trinidad and Tobago,TTO,1968,5429868624
Trinidad and Tobago,TTO,1969,5578141211
Trinidad and Tobago,TTO,1970,5775252399
Trinidad and Tobago,TTO,1971,5835334419
Trinidad and Tobago,TTO,1972,6172636987
Trinidad and Tobago,TTO,1973,6274881828
Trinidad and Tobago,TTO,1974,6513804480
Trinidad and Tobago,TTO,1975,6610076254
Trinidad and Tobago,TTO,1976,7033461248
Trinidad and Tobago,TTO,1977,7675038840
Trinidad and Tobago,TTO,1978,8443807609
Trinidad and Tobago,TTO,1979,8747731276
Trinidad and Tobago,TTO,1980,9656691425
Trinidad and Tobago,TTO,1981,10098698331
Trinidad and Tobago,TTO,1982,10482380002
Trinidad and Tobago,TTO,1983,9402660429
Trinidad and Tobago,TTO,1984,8861922250
Trinidad and Tobago,TTO,1985,8496862492
Trinidad and Tobago,TTO,1986,8218236517
Trinidad and Tobago,TTO,1987,7843338767
Trinidad and Tobago,TTO,1988,7535901531
Trinidad and Tobago,TTO,1989,7473360013
Trinidad and Tobago,TTO,1990,7586145559
Trinidad and Tobago,TTO,1991,7822257350
Trinidad and Tobago,TTO,1992,8611756182
Trinidad and Tobago,TTO,1993,8554133650
Trinidad and Tobago,TTO,1994,8859275046
Trinidad and Tobago,TTO,1995,9196805731
Trinidad and Tobago,TTO,1996,9852949763
Trinidad and Tobago,TTO,1997,10594172850
Trinidad and Tobago,TTO,1998,11454903204
Trinidad and Tobago,TTO,1999,12374138297
Trinidad and Tobago,TTO,2000,13228122077
Trinidad and Tobago,TTO,2001,13779539518
Trinidad and Tobago,TTO,2002,14873181566
Trinidad and Tobago,TTO,2003,17021016160
Trinidad and Tobago,TTO,2004,18374195713
Trinidad and Tobago,TTO,2005,19515038110
Trinidad and Tobago,TTO,2006,22092595781
Trinidad and Tobago,TTO,2007,23142924113
Trinidad and Tobago,TTO,2008,23927871251
Trinidad and Tobago,TTO,2009,22877023931
Trinidad and Tobago,TTO,2010,23637278843
Trinidad and Tobago,TTO,2011,23567701471
Trinidad and Tobago,TTO,2012,25149270114
Trinidad and Tobago,TTO,2013,25996346049
Trinidad and Tobago,TTO,2014,26950637730
Trinidad and Tobago,TTO,2015,26841141793
Trinidad and Tobago,TTO,2016,24818295899
Trinidad and Tobago,TTO,2017,23608962518
Trinidad and Tobago,TTO,2018,23385751652
Trinidad and Tobago,TTO,2019,23495134887
Trinidad and Tobago,TTO,2020,21430194900
Trinidad and Tobago,TTO,2021,21276595987
Trinidad and Tobago,TTO,2022,21459842974
Trinidad and Tobago,TTO,2023,21774542874
Trinidad and Tobago,TTO,2024,22320911476
Tunisia,TUN,1961,6137821864
Tunisia,TUN,1962,5856090654
Tunisia,TUN,1963,5227498193
Tunisia,TUN,1964,4983062998
Tunisia,TUN,1965,4856658026
Tunisia,TUN,1966,5024449145
Tunisia,TUN,1967,5032586365
Tunisia,TUN,1968,5556464946
Tunisia,TUN,1969,5820275645
Tunisia,TUN,1970,6092061086
Tunisia,TUN,1971,6735394767
Tunisia,TUN,1972,7930436885
Tunisia,TUN,1973,7878520795
Tunisia,TUN,1974,8514694200
Tunisia,TUN,1975,9124014224
Tunisia,TUN,1976,9842699381
Tunisia,TUN,1977,10178443291
Tunisia,TUN,1978,10833983237
Tunisia,TUN,1979,11545507380
Tunisia,TUN,1980,12402038508
Tunisia,TUN,1981,13085895944
Tunisia,TUN,1982,13021285955
Tunisia,TUN,1983,13630931805
Tunisia,TUN,1984,14414552710
Tunisia,TUN,1985,15228769277
Tunisia,TUN,1986,15008410750
Tunisia,TUN,1987,16014180050
Tunisia,TUN,1988,16025735734
Tunisia,TUN,1989,16305657121
Tunisia,TUN,1990,17601927420
Tunisia,TUN,1991,18289202650
Tunisia,TUN,1992,19716808223
Tunisia,TUN,1993,20148572580
Tunisia,TUN,1994,20788977092
Tunisia,TUN,1995,21277865198
Tunisia,TUN,1996,22798398674
Tunisia,TUN,1997,24038846665
Tunisia,TUN,1998,25188807992
Tunisia,TUN,1999,26713898245
Tunisia,TUN,2000,27972115617
Tunisia,TUN,2001,29034013115
Tunisia,TUN,2002,29418004531
Tunisia,TUN,2003,30801356639
Tunisia,TUN,2004,32722064779
Tunisia,TUN,2005,33862934470
Tunisia,TUN,2006,35638740560
Tunisia,TUN,2007,38029929333
Tunisia,TUN,2008,39641554633
Tunisia,TUN,2009,40848025576
Tunisia,TUN,2010,42061674642
Tunisia,TUN,2011,41200826152
Tunisia,TUN,2012,42938131960
Tunisia,TUN,2013,43981498924
Tunisia,TUN,2014,45340671513
Tunisia,TUN,2015,45779494041
Tunisia,TUN,2016,46290957182
Tunisia,TUN,2017,47333713938
Tunisia,TUN,2018,48567689496
Tunisia,TUN,2019,49320533876
Tunisia,TUN,2020,44893953703
Tunisia,TUN,2021,47020147729
Tunisia,TUN,2022,48314277429
Tunisia,TUN,2023,48403183212
Tunisia,TUN,2024,49184626298
Turkey,TUR,1960,69393850611
Turkey,TUR,1961,70196091673
Turkey,TUR,1962,74107016788
Turkey,TUR,1963,80825785366
Turkey,TUR,1964,85238110897
Turkey,TUR,1965,87644834140
Turkey,TUR,1966,97472287281
Turkey,TUR,1967,102085173261
Turkey,TUR,1968,109004502232
Turkey,TUR,1969,113453134702
Turkey,TUR,1970,117121651992
Turkey,TUR,1971,123641456553
Turkey,TUR,1972,132822809399
Turkey,TUR,1973,137155933758
Turkey,TUR,1974,144829087364
Turkey,TUR,1975,155219289299
Turkey,TUR,1976,171457057859
Turkey,TUR,1977,177298033677
Turkey,TUR,1978,179962704353
Turkey,TUR,1979,178839532694
Turkey,TUR,1980,174462702629
Turkey,TUR,1981,182935743325
Turkey,TUR,1982,189454160609
Turkey,TUR,1983,198872079969
Turkey,TUR,1984,212220405223
Turkey,TUR,1985,221221385068
Turkey,TUR,1986,236733497412
Turkey,TUR,1987,259188945262
Turkey,TUR,1988,265204038481
Turkey,TUR,1989,265973777472
Turkey,TUR,1990,290619297801
Turkey,TUR,1991,292712567676
Turkey,TUR,1992,307452504005
Turkey,TUR,1993,330976510460
Turkey,TUR,1994,315526039211
Turkey,TUR,1995,340384022644
Turkey,TUR,1996,364748025041
Turkey,TUR,1997,391585682738
Turkey,TUR,1998,399059372123
Turkey,TUR,1999,386877005103
Turkey,TUR,2000,413901474163
Turkey,TUR,2001,391304902374
Turkey,TUR,2002,416487363949
Turkey,TUR,2003,440639854394
Turkey,TUR,2004,484375146822
Turkey,TUR,2005,528509363515
Turkey,TUR,2006,565862429106
Turkey,TUR,2007,594767729617
Turkey,TUR,2008,600240295872
Turkey,TUR,2009,570932398858
Turkey,TUR,2010,619702577582
Turkey,TUR,2011,687745688381
Turkey,TUR,2012,720809935556
Turkey,TUR,2013,781994134596
Turkey,TUR,2014,817972077517
Turkey,TUR,2015,865460050683
Turkey,TUR,2016,894225044186
Turkey,TUR,2017,964205820086
Turkey,TUR,2018,997645953748
Turkey,TUR,2019,1010631549472
Turkey,TUR,2020,1028853867659
Turkey,TUR,2021,1150372769727
Turkey,TUR,2022,1212967141770
Turkey,TUR,2023,1274162834489
Turkey,TUR,2024,1316562171166
Turkmenistan,TKM,1987,9134688479
Turkmenistan,TKM,1988,10141662024
Turkmenistan,TKM,1989,9710101901
Turkmenistan,TKM,1990,13145978551
Turkmenistan,TKM,1991,12540571637
Turkmenistan,TKM,1992,10663751366
Turkmenistan,TKM,1993,10823707656
Turkmenistan,TKM,1994,8951221333
Turkmenistan,TKM,1995,8306729733
Turkmenistan,TKM,1996,8863279974
Turkmenistan,TKM,1997,7852866037
Turkmenistan,TKM,1998,8410419552
Turkmenistan,TKM,1999,9798138736
Turkmenistan,TKM,2000,10334005228
Turkmenistan,TKM,2001,10782898471
Turkmenistan,TKM,2002,10810629921
Turkmenistan,TKM,2003,11164010879
Turkmenistan,TKM,2004,11722256910
Turkmenistan,TKM,2005,13250139963
Turkmenistan,TKM,2006,14704118675
Turkmenistan,TKM,2007,16330291193
Turkmenistan,TKM,2008,18730843999
Turkmenistan,TKM,2009,19873425504
Turkmenistan,TKM,2010,21701780648
Turkmenistan,TKM,2011,24891942388
Turkmenistan,TKM,2012,27654947984
Turkmenistan,TKM,2013,30475752706
Turkmenistan,TKM,2014,33614755226
Turkmenistan,TKM,2015,35799714285
Turkmenistan,TKM,2016,38019296559
Turkmenistan,TKM,2017,40490550853
Turkmenistan,TKM,2018,43000964982
Turkmenistan,TKM,2019,45710025794
Turkmenistan,TKM,2020,48406917338
Turkmenistan,TKM,2021,51408146222
Turkmenistan,TKM,2022,54595451255
Turkmenistan,TKM,2023,58035050718
Turkmenistan,TKM,2024,61690926131
Turks and Caicos Islands,TCA,2007,984236608
Turks and Caicos Islands,TCA,2008,1065651608
Turks and Caicos Islands,TCA,2009,857314089
Turks and Caicos Islands,TCA,2010,865757988
Turks and Caicos Islands,TCA,2011,905760327
Turks and Caicos Islands,TCA,2012,881607724
Turks and Caicos Islands,TCA,2013,891048689
Turks and Caicos Islands,TCA,2014,968670576
Turks and Caicos Islands,TCA,2015,1078274000
Turks and Caicos Islands,TCA,2016,1156461656
Turks and Caicos Islands,TCA,2017,2019043138
Turks and Caicos Islands,TCA,2018,2155382023
Turks and Caicos Islands,TCA,2019,2262756808
Turks and Caicos Islands,TCA,2020,1497558135
Turks and Caicos Islands,TCA,2021,1941275299
Turks and Caicos Islands,TCA,2022,2214745146
Turks and Caicos Islands,TCA,2023,2518855082
Turks and Caicos Islands,TCA,2024,2660838540
Tuvalu,TUV,1970,13790394
Tuvalu,TUV,1971,13571996
Tuvalu,TUV,1972,13307342
Tuvalu,TUV,1973,13050443
Tuvalu,TUV,1974,12831444
Tuvalu,TUV,1975,12638138
Tuvalu,TUV,1976,12531333
Tuvalu,TUV,1977,12062473
Tuvalu,TUV,1978,11841429
Tuvalu,TUV,1979,11794442
Tuvalu,TUV,1980,11719016
Tuvalu,TUV,1981,12023746
Tuvalu,TUV,1982,10098852
Tuvalu,TUV,1983,11005083
Tuvalu,TUV,1984,11826172
Tuvalu,TUV,1985,11609150
Tuvalu,TUV,1986,14231135
Tuvalu,TUV,1987,15975431
Tuvalu,TUV,1988,19059808
Tuvalu,TUV,1989,18688561
Tuvalu,TUV,1990,21562114
Tuvalu,TUV,1991,22340330
Tuvalu,TUV,1992,22963355
Tuvalu,TUV,1993,23907338
Tuvalu,TUV,1994,26365819
Tuvalu,TUV,1995,25046355
Tuvalu,TUV,1996,23553249
Tuvalu,TUV,1997,25909351
Tuvalu,TUV,1998,29925603
Tuvalu,TUV,1999,29457605
Tuvalu,TUV,2000,29171722
Tuvalu,TUV,2001,29171722
Tuvalu,TUV,2002,31949982
Tuvalu,TUV,2003,30560852
Tuvalu,TUV,2004,29866287
Tuvalu,TUV,2005,28477158
Tuvalu,TUV,2006,29171722
Tuvalu,TUV,2007,31255417
Tuvalu,TUV,2008,33339111
Tuvalu,TUV,2009,31255417
Tuvalu,TUV,2010,30560852
Tuvalu,TUV,2011,32644547
Tuvalu,TUV,2012,31949982
Tuvalu,TUV,2013,33339111
Tuvalu,TUV,2014,33339111
Tuvalu,TUV,2015,36811936
Tuvalu,TUV,2016,38895630
Tuvalu,TUV,2017,39847948
Tuvalu,TUV,2018,40400752
Tuvalu,TUV,2019,45984984
Tuvalu,TUV,2020,44019157
Tuvalu,TUV,2021,44813322
Tuvalu,TUV,2022,45116847
Tuvalu,TUV,2023,46855113
Uganda,UGA,1982,4983495458
Uganda,UGA,1983,5269775231
Uganda,UGA,1984,5251611544
Uganda,UGA,1985,5077973310
Uganda,UGA,1986,5097781821
Uganda,UGA,1987,5299750981
Uganda,UGA,1988,5737885293
Uganda,UGA,1989,6102926184
Uganda,UGA,1990,6498038178
Uganda,UGA,1991,6858945424
Uganda,UGA,1992,7093408658
Uganda,UGA,1993,7684026612
Uganda,UGA,1994,8176083687
Uganda,UGA,1995,9118233745
Uganda,UGA,1996,9945450357
Uganda,UGA,1997,10452668511
Uganda,UGA,1998,10965399652
Uganda,UGA,1999,11848547279
Uganda,UGA,2000,12220817656
Uganda,UGA,2001,12854303430
Uganda,UGA,2002,13976829355
Uganda,UGA,2003,14881585674
Uganda,UGA,2004,15894609936
Uganda,UGA,2005,16901146460
Uganda,UGA,2006,18723891904
Uganda,UGA,2007,20299025448
Uganda,UGA,2008,22066817213
Uganda,UGA,2009,23567695614
Uganda,UGA,2010,24896350765
Uganda,UGA,2011,27234530259
Uganda,UGA,2012,28279643267
Uganda,UGA,2013,29294007439
Uganda,UGA,2014,30789849487
Uganda,UGA,2015,32387183730
Uganda,UGA,2016,33935615078
Uganda,UGA,2017,34998276801
Uganda,UGA,2018,37204541496
Uganda,UGA,2019,39600047064
Uganda,UGA,2020,40768765796
Uganda,UGA,2021,42210585952
Uganda,UGA,2022,44147216889
Uganda,UGA,2023,46503341915
Uganda,UGA,2024,49319389340
Ukraine,UKR,1987,161845930095
Ukraine,UKR,1988,165999646444
Ukraine,UKR,1989,172428984082
Ukraine,UKR,1990,161487959613
Ukraine,UKR,1991,147438507127
Ukraine,UKR,1992,132842094918
Ukraine,UKR,1993,113978517441
Ukraine,UKR,1994,87877436947
Ukraine,UKR,1995,77156389639
Ukraine,UKR,1996,69440750675
Ukraine,UKR,1997,67357528156
Ukraine,UKR,1998,66077735120
Ukraine,UKR,1999,65945579649
Ukraine,UKR,2000,69836368849
Ukraine,UKR,2001,75981969310
Ukraine,UKR,2002,80039138412
Ukraine,UKR,2003,87656150954
Ukraine,UKR,2004,97995502972
Ukraine,UKR,2005,101005170642
Ukraine,UKR,2006,108652697104
Ukraine,UKR,2007,117579433691
Ukraine,UKR,2008,120217318405
Ukraine,UKR,2009,102020662582
Ukraine,UKR,2010,106195352549
Ukraine,UKR,2011,111977987704
Ukraine,UKR,2012,112148546939
Ukraine,UKR,2013,112199506223
Ukraine,UKR,2014,100891035818
Ukraine,UKR,2015,91030967789
Ukraine,UKR,2016,93253017277
Ukraine,UKR,2017,95453762636
Ukraine,UKR,2018,98783535744
Ukraine,UKR,2019,101944118786
Ukraine,UKR,2020,98118341608
Ukraine,UKR,2021,101499127457
Ukraine,UKR,2022,72309415409
Ukraine,UKR,2023,76311548883
Ukraine,UKR,2024,78535131747
United Arab Emirates,ARE,1970,13966072152
United Arab Emirates,ARE,1971,19079383260
United Arab Emirates,ARE,1972,26535537092
United Arab Emirates,ARE,1973,46867106753
United Arab Emirates,ARE,1974,53661919231
United Arab Emirates,ARE,1975,57003662334
United Arab Emirates,ARE,1976,66424575811
United Arab Emirates,ARE,1977,80665559934
United Arab Emirates,ARE,1978,79383297515
United Arab Emirates,ARE,1979,95993119782
United Arab Emirates,ARE,1980,118911261059
United Arab Emirates,ARE,1981,124451546797
United Arab Emirates,ARE,1982,116089253870
United Arab Emirates,ARE,1983,110579866030
United Arab Emirates,ARE,1984,115021805373
United Arab Emirates,ARE,1985,110887373589
United Arab Emirates,ARE,1986,94300688814
United Arab Emirates,ARE,1987,97489920862
United Arab Emirates,ARE,1988,94936749814
United Arab Emirates,ARE,1989,106649942793
United Arab Emirates,ARE,1990,126196728879
United Arab Emirates,ARE,1991,127282124163
United Arab Emirates,ARE,1992,131539641031
United Arab Emirates,ARE,1993,133198607074
United Arab Emirates,ARE,1994,142384180889
United Arab Emirates,ARE,1995,151906673243
United Arab Emirates,ARE,1996,160714835966
United Arab Emirates,ARE,1997,173878021720
United Arab Emirates,ARE,1998,174385735706
United Arab Emirates,ARE,1999,179446782313
United Arab Emirates,ARE,2000,198921610821
United Arab Emirates,ARE,2001,201704693314
United Arab Emirates,ARE,2002,206613089911
United Arab Emirates,ARE,2003,224796159215
United Arab Emirates,ARE,2004,246301141350
United Arab Emirates,ARE,2005,258259409529
United Arab Emirates,ARE,2006,283665213479
United Arab Emirates,ARE,2007,292698220662
United Arab Emirates,ARE,2008,302040668640
United Arab Emirates,ARE,2009,286204912265
United Arab Emirates,ARE,2010,290792347835
United Arab Emirates,ARE,2011,310381480913
United Arab Emirates,ARE,2012,324917470354
United Arab Emirates,ARE,2013,340898464870
United Arab Emirates,ARE,2014,356691886612
United Arab Emirates,ARE,2015,381973042886
United Arab Emirates,ARE,2016,403584822847
United Arab Emirates,ARE,2017,399301267917
United Arab Emirates,ARE,2018,405439194566
United Arab Emirates,ARE,2019,410593714983
United Arab Emirates,ARE,2020,374899053476
United Arab Emirates,ARE,2021,391967404019
United Arab Emirates,ARE,2022,421421732891
United Arab Emirates,ARE,2023,439547849791
United Arab Emirates,ARE,2024,457093751868
United Kingdom,GBR,1960,802958140600
United Kingdom,GBR,1961,824648562815
United Kingdom,GBR,1962,833708945747
United Kingdom,GBR,1963,874223408559
United Kingdom,GBR,1964,923134556203
United Kingdom,GBR,1965,942800397244
United Kingdom,GBR,1966,957578319010
United Kingdom,GBR,1967,984158181579
United Kingdom,GBR,1968,1038018137931
United Kingdom,GBR,1969,1058146739488
United Kingdom,GBR,1970,1086807506706
United Kingdom,GBR,1971,1108592971833
United Kingdom,GBR,1972,1148794666508
United Kingdom,GBR,1973,1232812042936
United Kingdom,GBR,1974,1212104524614
United Kingdom,GBR,1975,1203900150366
United Kingdom,GBR,1976,1237665408113
United Kingdom,GBR,1977,1266915785220
United Kingdom,GBR,1978,1310033665484
United Kingdom,GBR,1979,1346017305980
United Kingdom,GBR,1980,1316686213225
United Kingdom,GBR,1981,1299260421919
United Kingdom,GBR,1982,1326454837276
United Kingdom,GBR,1983,1374530155674
United Kingdom,GBR,1984,1411242824002
United Kingdom,GBR,1985,1462038836257
United Kingdom,GBR,1986,1520700657209
United Kingdom,GBR,1987,1590076250308
United Kingdom,GBR,1988,1670090505985
United Kingdom,GBR,1989,1708192731044
United Kingdom,GBR,1990,1721504098259
United Kingdom,GBR,1991,1699254695038
United Kingdom,GBR,1992,1721255429795
United Kingdom,GBR,1993,1781335634495
United Kingdom,GBR,1994,1869572508478
United Kingdom,GBR,1995,1935631814547
United Kingdom,GBR,1996,1986246961912
United Kingdom,GBR,1997,2083175521750
United Kingdom,GBR,1998,2150801957623
United Kingdom,GBR,1999,2214131432953
United Kingdom,GBR,2000,2314307169243
United Kingdom,GBR,2001,2369642769659
United Kingdom,GBR,2002,2410140612988
United Kingdom,GBR,2003,2487711377293
United Kingdom,GBR,2004,2545576004983
United Kingdom,GBR,2005,2616614241852
United Kingdom,GBR,2006,2673913418491
United Kingdom,GBR,2007,2752283449984
United Kingdom,GBR,2008,2750923500693
United Kingdom,GBR,2009,2624727410659
United Kingdom,GBR,2010,2684060544650
United Kingdom,GBR,2011,2706913649065
United Kingdom,GBR,2012,2748282336997
United Kingdom,GBR,2013,2795510733841
United Kingdom,GBR,2014,2883853723651
United Kingdom,GBR,2015,2945579890258
United Kingdom,GBR,2016,3010574705731
United Kingdom,GBR,2017,3101591068534
United Kingdom,GBR,2018,3149707010747
United Kingdom,GBR,2019,3189276748351
United Kingdom,GBR,2020,2868821517197
United Kingdom,GBR,2021,3113908148054
United Kingdom,GBR,2022,3274265196937
United Kingdom,GBR,2023,3283159739927
United Kingdom,GBR,2024,3320141995547
United States,USA,1960,3414529777328
United States,USA,1961,3493063962207
United States,USA,1962,3706140863901
United States,USA,1963,3869211061913
United States,USA,1964,4093625303504
United States,USA,1965,4355617322928
United States,USA,1966,4638732448919
United States,USA,1967,4754700760142
United States,USA,1968,4982926396628
United States,USA,1969,5137397114924
United States,USA,1970,5148525050913
United States,USA,1971,5318051691111
United States,USA,1972,5597542001855
United States,USA,1973,5913561297887
United States,USA,1974,5881595530900
United States,USA,1975,5869501841744
United States,USA,1976,6185752591778
United States,USA,1977,6471793328422
United States,USA,1978,6830020452267
United States,USA,1979,7046258095084
United States,USA,1980,7028165014324
United States,USA,1981,7206518847030
United States,USA,1982,7076584318487
United States,USA,1983,7400960152426
United States,USA,1984,7936527167598
United States,USA,1985,8267446647785
United States,USA,1986,8553719807215
United States,USA,1987,8849219149441
United States,USA,1988,9218849474658
United States,USA,1989,9557387553833
United States,USA,1990,9737636593624
United States,USA,1991,9727089478755
United States,USA,1992,10069725930661
United States,USA,1993,10346824232649
United States,USA,1994,10763700132799
United States,USA,1995,11052644207040
United States,USA,1996,11469635349338
United States,USA,1997,11979704707077
United States,USA,1998,12516770844481
United States,USA,1999,13116127034705
United States,USA,2000,13650948362520
United States,USA,2001,13781388409036
United States,USA,2002,14015733659783
United States,USA,2003,14407558345762
United States,USA,2004,14961928297813
United States,USA,2005,15483134541390
United States,USA,2006,15914268559668
United States,USA,2007,16233167950743
United States,USA,2008,16251606759787
United States,USA,2009,15832884074310
United States,USA,2010,16259610790677
United States,USA,2011,16513977256911
United States,USA,2012,16892000920975
United States,USA,2013,17249744800617
United States,USA,2014,17685097277697
United States,USA,2015,18206020741000
United States,USA,2016,18537270454435
United States,USA,2017,18992846546661
United States,USA,2018,19556270302218
United States,USA,2019,20061570168697
United States,USA,2020,19627632559934
United States,USA,2021,20816096100824
United States,USA,2022,21339074561819
United States,USA,2023,21955252291273
United States,USA,2024,22568462768174
United States Virgin Islands,VIR,2002,4688209978
United States Virgin Islands,VIR,2003,4669640875
United States Virgin Islands,VIR,2004,4823080309
United States Virgin Islands,VIR,2005,4991179562
United States Virgin Islands,VIR,2006,5166120064
United States Virgin Islands,VIR,2007,5373312166
United States Virgin Islands,VIR,2008,5438792689
United States Virgin Islands,VIR,2009,5080115795
United States Virgin Islands,VIR,2010,5110412753
United States Virgin Islands,VIR,2011,4691141942
United States Virgin Islands,VIR,2012,3996266542
United States Virgin Islands,VIR,2013,3745094983
United States Virgin Islands,VIR,2014,3678637139
United States Virgin Islands,VIR,2015,3663000000
United States Virgin Islands,VIR,2016,3721639274
United States Virgin Islands,VIR,2017,3694274279
United States Virgin Islands,VIR,2018,3763664087
United States Virgin Islands,VIR,2019,3873124066
United States Virgin Islands,VIR,2020,3810575506
United States Virgin Islands,VIR,2021,3950332443
United States Virgin Islands,VIR,2022,3898534418
Upper-middle-income countries,OWID_UMC,1960,1166850756512
Upper-middle-income countries,OWID_UMC,1961,1171203900785
Upper-middle-income countries,OWID_UMC,1962,1207597025942
Upper-middle-income countries,OWID_UMC,1963,1261787947893
Upper-middle-income countries,OWID_UMC,1964,1372285384579
Upper-middle-income countries,OWID_UMC,1965,1478072440550
Upper-middle-income countries,OWID_UMC,1966,1570682892129
Upper-middle-income countries,OWID_UMC,1967,1630132329458
Upper-middle-income countries,OWID_UMC,1968,1743431660420
Upper-middle-income countries,OWID_UMC,1969,1889443988864
Upper-middle-income countries,OWID_UMC,1970,2048436098743
Upper-middle-income countries,OWID_UMC,1971,2185132323686
Upper-middle-income countries,OWID_UMC,1972,2353734766267
Upper-middle-income countries,OWID_UMC,1973,2536112274213
Upper-middle-income countries,OWID_UMC,1974,2697457538108
Upper-middle-income countries,OWID_UMC,1975,2819685619290
Upper-middle-income countries,OWID_UMC,1976,3004460148955
Upper-middle-income countries,OWID_UMC,1977,3134017691586
Upper-middle-income countries,OWID_UMC,1978,3252238842727
Upper-middle-income countries,OWID_UMC,1979,3433524496631
Upper-middle-income countries,OWID_UMC,1980,3592980742214
Upper-middle-income countries,OWID_UMC,1981,3660363425951
Upper-middle-income countries,OWID_UMC,1982,3774487793233
Upper-middle-income countries,OWID_UMC,1983,3828781707744
Upper-middle-income countries,OWID_UMC,1984,4035304382397
Upper-middle-income countries,OWID_UMC,1985,4225699145481
Upper-middle-income countries,OWID_UMC,1986,4381088481847
Upper-middle-income countries,OWID_UMC,1987,4598131063924
Upper-middle-income countries,OWID_UMC,1988,4754694873336
Upper-middle-income countries,OWID_UMC,1989,4895254295789
Upper-middle-income countries,OWID_UMC,1990,5028520830679
Upper-middle-income countries,OWID_UMC,1991,5185164814667
Upper-middle-income countries,OWID_UMC,1992,5420745650936
Upper-middle-income countries,OWID_UMC,1993,5741714763055
Upper-middle-income countries,OWID_UMC,1994,6060879331832
Upper-middle-income countries,OWID_UMC,1995,6331810171953
Upper-middle-income countries,OWID_UMC,1996,6726888087929
Upper-middle-income countries,OWID_UMC,1997,7137425617546
Upper-middle-income countries,OWID_UMC,1998,7349395744723
Upper-middle-income countries,OWID_UMC,1999,7588558496929
Upper-middle-income countries,OWID_UMC,2000,8045233909359
Upper-middle-income countries,OWID_UMC,2001,8323828316281
Upper-middle-income countries,OWID_UMC,2002,8728762520086
Upper-middle-income countries,OWID_UMC,2003,9247361659283
Upper-middle-income countries,OWID_UMC,2004,9976998396347
Upper-middle-income countries,OWID_UMC,2005,10733366125251
Upper-middle-income countries,OWID_UMC,2006,11659012550218
Upper-middle-income countries,OWID_UMC,2007,12758687008020
Upper-middle-income countries,OWID_UMC,2008,13564184505638
Upper-middle-income countries,OWID_UMC,2009,14043762894103
Upper-middle-income countries,OWID_UMC,2010,15243216924472
Upper-middle-income countries,OWID_UMC,2011,16296874138200
Upper-middle-income countries,OWID_UMC,2012,17238840568780
Upper-middle-income countries,OWID_UMC,2013,18215837033259
Upper-middle-income countries,OWID_UMC,2014,19124171434817
Upper-middle-income countries,OWID_UMC,2015,19986614322858
Upper-middle-income countries,OWID_UMC,2016,20899191589317
Upper-middle-income countries,OWID_UMC,2017,22020118952740
Upper-middle-income countries,OWID_UMC,2018,23102487817765
Upper-middle-income countries,OWID_UMC,2019,24072868139534
Upper-middle-income countries,OWID_UMC,2020,23981462925196
Upper-middle-income countries,OWID_UMC,2021,25829110417301
Upper-middle-income countries,OWID_UMC,2022,26721459761214
Upper-middle-income countries,OWID_UMC,2023,27946799096572
Upper-middle-income countries,OWID_UMC,2024,29114841510634
Uruguay,URY,1960,16784217051
Uruguay,URY,1961,17202653946
Uruguay,URY,1962,16931789756
Uruguay,URY,1963,16960651491
Uruguay,URY,1964,17374579715
Uruguay,URY,1965,17556249025
Uruguay,URY,1966,18093971640
Uruguay,URY,1967,17432305113
Uruguay,URY,1968,17761585972
Uruguay,URY,1969,18803256921
Uruguay,URY,1970,19241977028
Uruguay,URY,1971,19193542753
Uruguay,URY,1972,18940270547
Uruguay,URY,1973,18992394099
Uruguay,URY,1974,19542289356
Uruguay,URY,1975,20733765993
Uruguay,URY,1976,21549737170
Uruguay,URY,1977,21863385229
Uruguay,URY,1978,23038320347
Uruguay,URY,1979,24466492719
Uruguay,URY,1980,25896167975
Uruguay,URY,1981,26300034208
Uruguay,URY,1982,23733710676
Uruguay,URY,1983,21295214497
Uruguay,URY,1984,21051891660
Uruguay,URY,1985,21360625236
Uruguay,URY,1986,23242455370
Uruguay,URY,1987,25100256718
Uruguay,URY,1988,25471975822
Uruguay,URY,1989,25753161224
Uruguay,URY,1990,25829737832
Uruguay,URY,1991,26743802791
Uruguay,URY,1992,28865011154
Uruguay,URY,1993,29632112135
Uruguay,URY,1994,31789727752
Uruguay,URY,1995,31329539981
Uruguay,URY,1996,33077088488
Uruguay,URY,1997,35904413225
Uruguay,URY,1998,37526894198
Uruguay,URY,1999,36956130432
Uruguay,URY,2000,36242902749
Uruguay,URY,2001,34849678466
Uruguay,URY,2002,32155098813
Uruguay,URY,2003,32414038652
Uruguay,URY,2004,34036089123
Uruguay,URY,2005,36575226344
Uruguay,URY,2006,38074290288
Uruguay,URY,2007,40564924117
Uruguay,URY,2008,43475921755
Uruguay,URY,2009,45320819970
Uruguay,URY,2010,48857389210
Uruguay,URY,2011,51379472633
Uruguay,URY,2012,53197370201
Uruguay,URY,2013,55664418793
Uruguay,URY,2014,57467273107
Uruguay,URY,2015,57680327998
Uruguay,URY,2016,58655009160
Uruguay,URY,2017,59675827116
Uruguay,URY,2018,59774159517
Uruguay,URY,2019,60329073609
Uruguay,URY,2020,55890466349
Uruguay,URY,2021,59156857853
Uruguay,URY,2022,61810768801
Uruguay,URY,2023,62269484309
Uruguay,URY,2024,64204978531
Uzbekistan,UZB,1987,28089418035
Uzbekistan,UZB,1988,30656392613
Uzbekistan,UZB,1989,31604071830
Uzbekistan,UZB,1990,32109736981
Uzbekistan,UZB,1991,31951757073
Uzbekistan,UZB,1992,28373160282
Uzbekistan,UZB,1993,27720577594
Uzbekistan,UZB,1994,26279107561
Uzbekistan,UZB,1995,26042595592
Uzbekistan,UZB,1996,26485319718
Uzbekistan,UZB,1997,27862556342
Uzbekistan,UZB,1998,29060646265
Uzbekistan,UZB,1999,30310254055
Uzbekistan,UZB,2000,31472652298
Uzbekistan,UZB,2001,32783122633
Uzbekistan,UZB,2002,34085756140
Uzbekistan,UZB,2003,35528479187
Uzbekistan,UZB,2004,38174995817
Uzbekistan,UZB,2005,40828160773
Uzbekistan,UZB,2006,43870437889
Uzbekistan,UZB,2007,48026286798
Uzbekistan,UZB,2008,52362657563
Uzbekistan,UZB,2009,56578340212
Uzbekistan,UZB,2010,60876691748
Uzbekistan,UZB,2011,65457747965
Uzbekistan,UZB,2012,70106848438
Uzbekistan,UZB,2013,75222229947
Uzbekistan,UZB,2014,80392884506
Uzbekistan,UZB,2015,86196264755
Uzbekistan,UZB,2016,91309557164
Uzbekistan,UZB,2017,95322862968
Uzbekistan,UZB,2018,100622047495
Uzbekistan,UZB,2019,107444145839
Uzbekistan,UZB,2020,109123866128
Uzbekistan,UZB,2021,117891622986
Uzbekistan,UZB,2022,124966702851
Uzbekistan,UZB,2023,132828878427
Uzbekistan,UZB,2024,141462755525
Vanuatu,VUT,1979,335975592
Vanuatu,VUT,1980,297675024
Vanuatu,VUT,1981,310707107
Vanuatu,VUT,1982,316858745
Vanuatu,VUT,1983,326395018
Vanuatu,VUT,1984,357647313
Vanuatu,VUT,1985,361229592
Vanuatu,VUT,1986,360686074
Vanuatu,VUT,1987,350248055
Vanuatu,VUT,1988,344318765
Vanuatu,VUT,1989,349593362
Vanuatu,VUT,1990,390480753
Vanuatu,VUT,1991,402771675
Vanuatu,VUT,1992,413184989
Vanuatu,VUT,1993,416223750
Vanuatu,VUT,1994,454022969
Vanuatu,VUT,1995,458581110
Vanuatu,VUT,1996,469253830
Vanuatu,VUT,1997,492279237
Vanuatu,VUT,1998,498072646
Vanuatu,VUT,1999,499752612
Vanuatu,VUT,2000,529362000
Vanuatu,VUT,2001,511376489
Vanuatu,VUT,2002,484793509
Vanuatu,VUT,2003,505583079
Vanuatu,VUT,2004,525742663
Vanuatu,VUT,2005,553635027
Vanuatu,VUT,2006,600476412
Vanuatu,VUT,2007,617745467
Vanuatu,VUT,2008,652345340
Vanuatu,VUT,2009,672159048
Vanuatu,VUT,2010,680620638
Vanuatu,VUT,2011,701990785
Vanuatu,VUT,2012,709081226
Vanuatu,VUT,2013,712367041
Vanuatu,VUT,2014,730710779
Vanuatu,VUT,2015,759690180
Vanuatu,VUT,2016,786063165
Vanuatu,VUT,2017,820749507
Vanuatu,VUT,2018,844553132
Vanuatu,VUT,2019,871926684
Vanuatu,VUT,2020,828395819
Vanuatu,VUT,2021,815536673
Vanuatu,VUT,2022,857832270
Vanuatu,VUT,2023,875793075
Vanuatu,VUT,2024,884044669
Venezuela,VEN,1960,33195620728
Venezuela,VEN,1961,34255397372
Venezuela,VEN,1962,37178387740
Venezuela,VEN,1963,38628698489
Venezuela,VEN,1964,42927819727
Venezuela,VEN,1965,44714847624
Venezuela,VEN,1966,45390153660
Venezuela,VEN,1967,46676451168
Venezuela,VEN,1968,50101210986
Venezuela,VEN,1969,50454943971
Venezuela,VEN,1970,54345986051
Venezuela,VEN,1971,55149921446
Venezuela,VEN,1972,55857387416
Venezuela,VEN,1973,59828824142
Venezuela,VEN,1974,61066881865
Venezuela,VEN,1975,62835536182
Venezuela,VEN,1976,67691302949
Venezuela,VEN,1977,71936078014
Venezuela,VEN,1978,73624343219
Venezuela,VEN,1979,74187094675
Venezuela,VEN,1980,70907044067
Venezuela,VEN,1981,69993533420
Venezuela,VEN,1982,71844719792
Venezuela,VEN,1983,64764041716
Venezuela,VEN,1984,68146604685
Venezuela,VEN,1985,68737739371
Venezuela,VEN,1986,72916862077
Venezuela,VEN,1987,76417654524
Venezuela,VEN,1988,81392715709
Venezuela,VEN,1989,70063088334
Venezuela,VEN,1990,74594665387
Venezuela,VEN,1991,81852658918
Venezuela,VEN,1992,86813216020
Venezuela,VEN,1993,87052308655
Venezuela,VEN,1994,85007160806
Venezuela,VEN,1995,88366311675
Venezuela,VEN,1996,88191409485
Venezuela,VEN,1997,93810088635
Venezuela,VEN,1998,94085942041
Venezuela,VEN,1999,88468580250
Venezuela,VEN,2000,91730367409
Venezuela,VEN,2001,94843912662
Venezuela,VEN,2002,86444870221
Venezuela,VEN,2003,79740811157
Venezuela,VEN,2004,94322699665
Venezuela,VEN,2005,104054834514
Venezuela,VEN,2006,114327282932
Venezuela,VEN,2007,124335011742
Venezuela,VEN,2008,130897232287
Venezuela,VEN,2009,126705506739
Venezuela,VEN,2010,124819126240
Venezuela,VEN,2011,130032103882
Venezuela,VEN,2012,137347654100
Venezuela,VEN,2013,139192362251
Venezuela,VEN,2014,133771673722
Venezuela,VEN,2015,125449241571
Venezuela,VEN,2016,104072271054
Venezuela,VEN,2017,87762679935
Venezuela,VEN,2018,70512625399
Venezuela,VEN,2019,51010266124
Venezuela,VEN,2020,35707915777
Venezuela,VEN,2021,36049081141
Venezuela,VEN,2022,38933336798
Venezuela,VEN,2023,40491326652
Venezuela,VEN,2024,42637366965
Vietnam,VNM,1984,34363462779
Vietnam,VNM,1985,35671286575
Vietnam,VNM,1986,36666262766
Vietnam,VNM,1987,37980187158
Vietnam,VNM,1988,39930474201
Vietnam,VNM,1989,42871159122
Vietnam,VNM,1990,45057981854
Vietnam,VNM,1991,47743817832
Vietnam,VNM,1992,51871770980
Vietnam,VNM,1993,56059239339
Vietnam,VNM,1994,61014304826
Vietnam,VNM,1995,66835362482
Vietnam,VNM,1996,73077797034
Vietnam,VNM,1997,79035160538
Vietnam,VNM,1998,83591107164
Vietnam,VNM,1999,87581401291
Vietnam,VNM,2000,93525828108
Vietnam,VNM,2001,99317782863
Vietnam,VNM,2002,105595482130
Vietnam,VNM,2003,112880581486
Vietnam,VNM,2004,121387725604
Vietnam,VNM,2005,130549157968
Vietnam,VNM,2006,139658819217
Vietnam,VNM,2007,149615800998
Vietnam,VNM,2008,158086705343
Vietnam,VNM,2009,166620063722
Vietnam,VNM,2010,177322478338
Vietnam,VNM,2011,188694468366
Vietnam,VNM,2012,199081239731
Vietnam,VNM,2013,210137237901
Vietnam,VNM,2014,223632762207
Vietnam,VNM,2015,239258328381
Vietnam,VNM,2016,255264731908
Vietnam,VNM,2017,272980590259
Vietnam,VNM,2018,293358610036
Vietnam,VNM,2019,314947640805
Vietnam,VNM,2020,323972192107
Vietnam,VNM,2021,332245562394
Vietnam,VNM,2022,360611028837
Vietnam,VNM,2023,378876063686
Vietnam,VNM,2024,405742875627
World,OWID_WRL,1960,11069617591005
World,OWID_WRL,1961,11508322271837
World,OWID_WRL,1962,12121252080229
World,OWID_WRL,1963,12728313561021
World,OWID_WRL,1964,13567463979601
World,OWID_WRL,1965,14325846687919
World,OWID_WRL,1966,15101565745898
World,OWID_WRL,1967,15664168310854
World,OWID_WRL,1968,16594144447086
World,OWID_WRL,1969,17584604389649
World,OWID_WRL,1970,18248797928662
World,OWID_WRL,1971,19009089222623
World,OWID_WRL,1972,20063385628672
World,OWID_WRL,1973,21354308835191
World,OWID_WRL,1974,21774826198385
World,OWID_WRL,1975,21912746689404
World,OWID_WRL,1976,23048102619576
World,OWID_WRL,1977,23971895619591
World,OWID_WRL,1978,24957636428863
World,OWID_WRL,1979,25985800822182
World,OWID_WRL,1980,26469217870859
World,OWID_WRL,1981,26973515731398
World,OWID_WRL,1982,27073129841472
World,OWID_WRL,1983,27767125612772
World,OWID_WRL,1984,29071910671778
World,OWID_WRL,1985,30139921354136
World,OWID_WRL,1986,31131252465707
World,OWID_WRL,1987,32288267462665
World,OWID_WRL,1988,33749475204331
World,OWID_WRL,1989,34987083262295
World,OWID_WRL,1990,35945880219087
World,OWID_WRL,1991,36390873910981
World,OWID_WRL,1992,37149005453487
World,OWID_WRL,1993,37851113313325
World,OWID_WRL,1994,39135896985991
World,OWID_WRL,1995,40374390922535
World,OWID_WRL,1996,41824891712125
World,OWID_WRL,1997,43483502334138
World,OWID_WRL,1998,44715003412067
World,OWID_WRL,1999,46315964796815
World,OWID_WRL,2000,48425685628052
World,OWID_WRL,2001,49412868939567
World,OWID_WRL,2002,50554835407744
World,OWID_WRL,2003,52118918453371
World,OWID_WRL,2004,54465231584489
World,OWID_WRL,2005,56673544164731
World,OWID_WRL,2006,59210348113404
World,OWID_WRL,2007,61823800945165
World,OWID_WRL,2008,63117398807667
World,OWID_WRL,2009,62285101784074
World,OWID_WRL,2010,65103029475797
World,OWID_WRL,2011,67276821813552
World,OWID_WRL,2012,69114292959206
World,OWID_WRL,2013,71110411922590
World,OWID_WRL,2014,73338313563658
World,OWID_WRL,2015,75621913961646
World,OWID_WRL,2016,77734481755129
World,OWID_WRL,2017,80417743987091
World,OWID_WRL,2018,83050587362222
World,OWID_WRL,2019,85275610244218
World,OWID_WRL,2020,82803280050477
World,OWID_WRL,2021,88113743893149
World,OWID_WRL,2022,91112302917180
World,OWID_WRL,2023,93798835497645
World,OWID_WRL,2024,96492690817960
Yemen,YEM,1990,23918014718
Yemen,YEM,1991,25423293506
Yemen,YEM,1992,27509935270
Yemen,YEM,1993,28610873631
Yemen,YEM,1994,30534082000
Yemen,YEM,1995,32265172488
Yemen,YEM,1996,33760652688
Yemen,YEM,1997,35526710256
Yemen,YEM,1998,37660691242
Yemen,YEM,1999,39082582125
Yemen,YEM,2000,41498634363
Yemen,YEM,2001,43077095456
Yemen,YEM,2002,44772278888
Yemen,YEM,2003,46450074454
Yemen,YEM,2004,48295394891
Yemen,YEM,2005,50995951705
Yemen,YEM,2006,52612732131
Yemen,YEM,2007,54369170289
Yemen,YEM,2008,56352323545
Yemen,YEM,2009,58531033711
Yemen,YEM,2010,63038676060
Yemen,YEM,2011,55023373390
Yemen,YEM,2012,56340077330
Yemen,YEM,2013,59057651713
Yemen,YEM,2014,58946215687
Yemen,YEM,2015,42444490073
Yemen,YEM,2016,38465266584
Yemen,YEM,2017,36514386855
Yemen,YEM,2018,36789138480
Zambia,ZMB,1960,3745698444
Zambia,ZMB,1961,3796691708
Zambia,ZMB,1962,3702122212
Zambia,ZMB,1963,3823270196
Zambia,ZMB,1964,4290246254
Zambia,ZMB,1965,5004463110
Zambia,ZMB,1966,4725699010
Zambia,ZMB,1967,5099960030
Zambia,ZMB,1968,5163624360
Zambia,ZMB,1969,5141063668
Zambia,ZMB,1970,5387686297
Zambia,ZMB,1971,5383050756
Zambia,ZMB,1972,5878768640
Zambia,ZMB,1973,5822212020
Zambia,ZMB,1974,6196473039
Zambia,ZMB,1975,6055854684
Zambia,ZMB,1976,6432587907
Zambia,ZMB,1977,6138989402
Zambia,ZMB,1978,6172984906
Zambia,ZMB,1979,5986318100
Zambia,ZMB,1980,6168040110
Zambia,ZMB,1981,6548482197
Zambia,ZMB,1982,6364287627
Zambia,ZMB,1983,6239121864
Zambia,ZMB,1984,6218106324
Zambia,ZMB,1985,6318548040
Zambia,ZMB,1986,6364287627
Zambia,ZMB,1987,6534574435
Zambia,ZMB,1988,6944994654
Zambia,ZMB,1989,6873912509
Zambia,ZMB,1990,6840844039
Zambia,ZMB,1991,6838372211
Zambia,ZMB,1992,6720005310
Zambia,ZMB,1993,7176782487
Zambia,ZMB,1994,6557753279
Zambia,ZMB,1995,6747775256
Zambia,ZMB,1996,7167388797
Zambia,ZMB,1997,7440753543
Zambia,ZMB,1998,7412051123
Zambia,ZMB,1999,7756725565
Zambia,ZMB,2000,8059030210
Zambia,ZMB,2001,8487518230
Zambia,ZMB,2002,8869967014
Zambia,ZMB,2003,9485983915
Zambia,ZMB,2004,10153075785
Zambia,ZMB,2005,10887711636
Zambia,ZMB,2006,11748243095
Zambia,ZMB,2007,12729507610
Zambia,ZMB,2008,13719086269
Zambia,ZMB,2009,14984033821
Zambia,ZMB,2010,16527123087
Zambia,ZMB,2011,17447560252
Zambia,ZMB,2012,18773117888
Zambia,ZMB,2013,19722575262
Zambia,ZMB,2014,20648211567
Zambia,ZMB,2015,21251216798
Zambia,ZMB,2016,22049221308
Zambia,ZMB,2017,22826646593
Zambia,ZMB,2018,23747586257
Zambia,ZMB,2019,24089861649
Zambia,ZMB,2020,23418945736
Zambia,ZMB,2021,24879098747
Zambia,ZMB,2022,26175604214
Zambia,ZMB,2023,27580695690
Zambia,ZMB,2024,28634291574
Zimbabwe,ZWE,1960,4352412133
Zimbabwe,ZWE,1961,4627317328
Zimbabwe,ZWE,1962,4693694848
Zimbabwe,ZWE,1963,4986785324
Zimbabwe,ZWE,1964,4931622909
Zimbabwe,ZWE,1965,5173793733
Zimbabwe,ZWE,1966,5252597339
Zimbabwe,ZWE,1967,5692082627
Zimbabwe,ZWE,1968,5804224337
Zimbabwe,ZWE,1969,6525587026
Zimbabwe,ZWE,1970,7998095582
Zimbabwe,ZWE,1971,8711332685
Zimbabwe,ZWE,1972,9436967074
Zimbabwe,ZWE,1973,9682773142
Zimbabwe,ZWE,1974,10324271737
Zimbabwe,ZWE,1975,10124887002
Zimbabwe,ZWE,1976,10171951416
Zimbabwe,ZWE,1977,9474084020
Zimbabwe,ZWE,1978,9217627910
Zimbabwe,ZWE,1979,9521536365
Zimbabwe,ZWE,1980,10894607028
Zimbabwe,ZWE,1981,12259202844
Zimbabwe,ZWE,1982,12582146675
Zimbabwe,ZWE,1983,12781612133
Zimbabwe,ZWE,1984,12537820762
Zimbabwe,ZWE,1985,13408495653
Zimbabwe,ZWE,1986,13689943882
Zimbabwe,ZWE,1987,13847479159
Zimbabwe,ZWE,1988,14893292646
Zimbabwe,ZWE,1989,15667709079
Zimbabwe,ZWE,1990,16762655222
Zimbabwe,ZWE,1991,17689930170
Zimbabwe,ZWE,1992,16095082948
Zimbabwe,ZWE,1993,16264301854
Zimbabwe,ZWE,1994,17766348463
Zimbabwe,ZWE,1995,17794425481
Zimbabwe,ZWE,1996,19638059365
Zimbabwe,ZWE,1997,20164466643
Zimbabwe,ZWE,1998,20746271024
Zimbabwe,ZWE,1999,20576588256
Zimbabwe,ZWE,2000,19947126180
Zimbabwe,ZWE,2001,20234268508
Zimbabwe,ZWE,2002,18434630065
Zimbabwe,ZWE,2003,15301651166
Zimbabwe,ZWE,2004,14413001709
Zimbabwe,ZWE,2005,13589857106
Zimbabwe,ZWE,2006,13119457397
Zimbabwe,ZWE,2007,12640170700
Zimbabwe,ZWE,2008,10406779091
Zimbabwe,ZWE,2009,11787972496
Zimbabwe,ZWE,2010,14107304144
Zimbabwe,ZWE,2011,16109682999
Zimbabwe,ZWE,2012,18794430788
Zimbabwe,ZWE,2013,19168343271
Zimbabwe,ZWE,2014,19623972034
Zimbabwe,ZWE,2015,19973250000
Zimbabwe,ZWE,2016,20124206636
Zimbabwe,ZWE,2017,21076969325
Zimbabwe,ZWE,2018,22132908952
Zimbabwe,ZWE,2019,20731353612
Zimbabwe,ZWE,2020,19110793941
Zimbabwe,ZWE,2021,20729099176
Zimbabwe,ZWE,2022,22001713149
Zimbabwe,ZWE,2023,23178995952
Zimbabwe,ZWE,2024,23582865676